arm,benchmark,id,correct,extracted,gold,tier,gen_tokens,finished
acc1,gsm8k,gsm8k_00657,1,330000.0,330000.0,boxed,264,1
acc1,gsm8k,gsm8k_00330,1,31.0,31.0,boxed,219,1
acc1,gsm8k,gsm8k_01089,1,32.0,32.0,boxed,142,1
acc1,gsm8k,gsm8k_00041,1,200.0,200.0,boxed,174,1
acc1,gsm8k,gsm8k_01207,1,64.0,64.0,boxed,177,1
acc1,gsm8k,gsm8k_00294,1,3.0,3.0,boxed,143,1
acc1,gsm8k,gsm8k_00399,1,12.0,12.0,boxed,258,1
acc1,gsm8k,gsm8k_00345,1,310.0,310.0,boxed,190,1
acc1,gsm8k,gsm8k_00580,1,500.0,500.0,boxed,420,1
acc1,gsm8k,gsm8k_00139,1,70.0,70.0,boxed,173,1
acc1,gsm8k,gsm8k_00863,1,110.0,110.0,boxed,232,1
acc1,gsm8k,gsm8k_00381,1,67.0,67.0,boxed,238,1
acc1,gsm8k,gsm8k_00908,1,14.0,14.0,boxed,151,1
acc1,gsm8k,gsm8k_00603,0,1260.0,1800.0,boxed,572,1
acc1,gsm8k,gsm8k_01039,1,160.0,160.0,boxed,193,1
acc1,gsm8k,gsm8k_01101,1,16.0,16.0,boxed,215,1
acc1,gsm8k,gsm8k_00058,1,57.0,57.0,boxed,152,1
acc1,gsm8k,gsm8k_00355,1,34.0,34.0,boxed,186,1
acc1,gsm8k,gsm8k_01255,1,12.0,12.0,boxed,250,1
acc1,gsm8k,gsm8k_00407,1,2000.0,2000.0,boxed,476,1
acc1,gsm8k,gsm8k_00666,1,120.0,120.0,boxed,342,1
acc1,gsm8k,gsm8k_00107,1,3.0,3.0,boxed,390,1
acc1,gsm8k,gsm8k_00934,1,410.0,410.0,boxed,177,1
acc1,gsm8k,gsm8k_00325,1,224000.0,224000.0,boxed,314,1
acc1,gsm8k,gsm8k_00641,0,378000.0,262500.0,boxed,213,1
acc1,gsm8k,gsm8k_00101,1,6.0,6.0,boxed,232,1
acc1,gsm8k,gsm8k_00147,1,75.0,75.0,boxed,350,1
acc1,gsm8k,gsm8k_00048,1,8.0,8.0,boxed,125,1
acc1,gsm8k,gsm8k_00324,1,14.0,14.0,boxed,461,1
acc1,gsm8k,gsm8k_00030,1,109.0,109.0,boxed,210,1
acc1,gsm8k,gsm8k_00715,1,385000.0,385000.0,boxed,321,1
acc1,gsm8k,gsm8k_00127,1,120.0,120.0,boxed,190,1
acc1,gsm8k,gsm8k_01305,1,2325.0,2325.0,boxed,248,1
acc1,gsm8k,gsm8k_00788,1,100.0,100.0,boxed,137,1
acc1,gsm8k,gsm8k_00578,1,48.0,48.0,boxed,217,1
acc1,gsm8k,gsm8k_00952,0,1800.0,360.0,boxed,256,1
acc1,gsm8k,gsm8k_01143,1,300.0,300.0,boxed,200,1
acc1,gsm8k,gsm8k_01019,1,98.0,98.0,boxed,190,1
acc1,gsm8k,gsm8k_00778,1,38.0,38.0,boxed,247,1
acc1,gsm8k,gsm8k_01184,1,306.0,306.0,boxed,135,1
acc1,gsm8k,gsm8k_00694,1,9.0,9.0,boxed,243,1
acc1,gsm8k,gsm8k_00536,1,8.0,8.0,boxed,99,1
acc1,gsm8k,gsm8k_01085,1,26.0,26.0,boxed,170,1
acc1,gsm8k,gsm8k_00358,1,20.0,20.0,boxed,163,1
acc1,gsm8k,gsm8k_00406,0,160.0,200.0,boxed,254,1
acc1,gsm8k,gsm8k_01128,1,9.0,9.0,boxed,281,1
acc1,gsm8k,gsm8k_00833,1,40.0,40.0,boxed,383,1
acc1,gsm8k,gsm8k_00566,1,10.0,10.0,boxed,300,1
acc1,gsm8k,gsm8k_00067,1,595.0,595.0,boxed,242,1
acc1,gsm8k,gsm8k_01029,1,34.0,34.0,boxed,341,1
acc1,gsm8k,gsm8k_00957,1,45.0,45.0,boxed,224,1
acc1,gsm8k,gsm8k_00941,1,842.0,842.0,boxed,217,1
acc1,gsm8k,gsm8k_00859,1,1520.0,1520.0,boxed,200,1
acc1,gsm8k,gsm8k_00736,1,3.0,3.0,boxed,221,1
acc1,gsm8k,gsm8k_00528,1,172.0,172.0,boxed,361,1
acc1,gsm8k,gsm8k_00965,1,374.0,374.0,boxed,415,1
acc1,gsm8k,gsm8k_00716,1,770.0,770.0,boxed,195,1
acc1,gsm8k,gsm8k_00104,1,500.0,500.0,boxed,367,1
acc1,gsm8k,gsm8k_01181,1,20.0,20.0,boxed,514,1
acc1,gsm8k,gsm8k_00100,1,175.0,175.0,boxed,320,1
acc1,gsm8k,gsm8k_00547,1,81.0,81.0,boxed,382,1
acc1,gsm8k,gsm8k_00469,1,4.0,4.0,boxed,141,1
acc1,gsm8k,gsm8k_01271,1,43.0,43.0,boxed,263,1
acc1,gsm8k,gsm8k_00597,1,90.0,90.0,boxed,271,1
acc1,gsm8k,gsm8k_00515,0,288.0,160.0,boxed,178,1
acc1,gsm8k,gsm8k_01221,1,10.0,10.0,boxed,293,1
acc1,gsm8k,gsm8k_00701,1,200.0,200.0,boxed,260,1
acc1,gsm8k,gsm8k_00409,0,42000.0,168000.0,boxed,240,1
acc1,gsm8k,gsm8k_00017,1,57500.0,57500.0,boxed,319,1
acc1,gsm8k,gsm8k_00009,1,460.0,460.0,boxed,235,1
acc1,gsm8k,gsm8k_00433,1,6.0,6.0,boxed,152,1
acc1,gsm8k,gsm8k_01009,1,1875.0,1875.0,boxed,333,1
acc1,gsm8k,gsm8k_00195,1,12.0,12.0,boxed,223,1
acc1,gsm8k,gsm8k_00911,1,64.0,64.0,boxed,148,1
acc1,gsm8k,gsm8k_00375,1,48.0,48.0,boxed,127,1
acc1,gsm8k,gsm8k_00077,1,100.0,100.0,boxed,283,1
acc1,gsm8k,gsm8k_00962,0,600.0,1000.0,boxed,186,1
acc1,gsm8k,gsm8k_01025,1,30.0,30.0,boxed,141,1
acc1,gsm8k,gsm8k_00393,1,20.0,20.0,boxed,332,1
acc1,gsm8k,gsm8k_01026,1,43200.0,43200.0,boxed,280,1
acc1,gsm8k,gsm8k_00214,1,8.0,8.0,boxed,509,1
acc1,gsm8k,gsm8k_01031,1,5.0,5.0,boxed,186,1
acc1,gsm8k,gsm8k_00480,1,11.0,11.0,boxed,220,1
acc1,gsm8k,gsm8k_01055,1,2304.0,2304.0,boxed,167,1
acc1,gsm8k,gsm8k_00378,1,15.0,15.0,boxed,142,1
acc1,gsm8k,gsm8k_01028,1,200.0,200.0,boxed,203,1
acc1,gsm8k,gsm8k_00234,1,21.0,21.0,boxed,259,1
acc1,gsm8k,gsm8k_00201,1,114200.0,114200.0,boxed,232,1
acc1,gsm8k,gsm8k_00831,1,324.0,324.0,boxed,313,1
acc1,gsm8k,gsm8k_01202,0,13.0,19.0,boxed,197,1
acc1,gsm8k,gsm8k_01043,1,130000.0,130000.0,boxed,168,1
acc1,gsm8k,gsm8k_00610,1,65960.0,65960.0,boxed,450,1
acc1,gsm8k,gsm8k_01130,1,25.0,25.0,boxed,257,1
acc1,gsm8k,gsm8k_00996,1,3.0,3.0,boxed,245,1
acc1,gsm8k,gsm8k_01140,1,27.0,27.0,boxed,226,1
acc1,gsm8k,gsm8k_00163,0,54.0,50.0,boxed,306,1
acc1,gsm8k,gsm8k_00672,1,2.0,2.0,boxed,773,1
acc1,gsm8k,gsm8k_01311,1,594.0,594.0,boxed,194,1
acc1,gsm8k,gsm8k_00670,1,4.0,4.0,boxed,119,1
acc1,gsm8k,gsm8k_00909,1,38.0,38.0,boxed,275,1
acc1,gsm8k,gsm8k_00595,1,13.0,13.0,boxed,142,1
acc1,gsm8k,gsm8k_01190,1,19.0,19.0,boxed,491,1
acc1,gsm8k,gsm8k_00554,1,54.0,54.0,boxed,311,1
acc1,gsm8k,gsm8k_01178,1,17.0,17.0,boxed,137,1
acc1,gsm8k,gsm8k_01197,1,2400.0,2400.0,boxed,252,1
acc1,gsm8k,gsm8k_00852,1,123.0,123.0,boxed,314,1
acc1,gsm8k,gsm8k_00142,1,140.0,140.0,boxed,143,1
acc1,gsm8k,gsm8k_00636,1,1050.0,1050.0,boxed,220,1
acc1,gsm8k,gsm8k_00044,1,20.0,20.0,boxed,255,1
acc1,gsm8k,gsm8k_01230,1,440.0,440.0,boxed,226,1
acc1,gsm8k,gsm8k_00539,1,35.0,35.0,boxed,122,1
acc1,gsm8k,gsm8k_01177,1,17.0,17.0,boxed,240,1
acc1,gsm8k,gsm8k_01241,1,8.0,8.0,boxed,225,1
acc1,gsm8k,gsm8k_00669,1,132.0,132.0,boxed,318,1
acc1,gsm8k,gsm8k_00949,1,42.0,42.0,boxed,270,1
acc1,gsm8k,gsm8k_01183,0,6.0,11.0,boxed,202,1
acc1,gsm8k,gsm8k_00347,1,36.0,36.0,boxed,97,1
acc1,gsm8k,gsm8k_00461,1,9.0,9.0,boxed,226,1
acc1,gsm8k,gsm8k_00173,1,18000.0,18000.0,boxed,203,1
acc1,gsm8k,gsm8k_00549,1,398.0,398.0,boxed,163,1
acc1,gsm8k,gsm8k_00474,1,80.0,80.0,boxed,206,1
acc1,gsm8k,gsm8k_01258,1,60.0,60.0,boxed,198,1
acc1,gsm8k,gsm8k_00504,1,2.0,2.0,boxed,301,1
acc1,gsm8k,gsm8k_00233,1,12.0,12.0,boxed,190,1
acc1,gsm8k,gsm8k_01041,1,101.0,101.0,boxed,138,1
acc1,gsm8k,gsm8k_00187,0,106.12,106.0,boxed,199,1
acc1,gsm8k,gsm8k_01227,1,66.0,66.0,boxed,508,1
acc1,gsm8k,gsm8k_01108,1,38.0,38.0,boxed,56,1
acc1,gsm8k,gsm8k_00828,1,60.0,60.0,boxed,179,1
acc1,gsm8k,gsm8k_01116,1,60.0,60.0,boxed,180,1
acc1,gsm8k,gsm8k_00451,1,11050.0,11050.0,boxed,296,1
acc1,gsm8k,gsm8k_00080,1,10.0,10.0,boxed,144,1
acc1,gsm8k,gsm8k_00191,1,5.0,5.0,boxed,112,1
acc1,gsm8k,gsm8k_00458,1,35.0,35.0,boxed,280,1
acc1,gsm8k,gsm8k_00307,1,16.0,16.0,boxed,517,1
acc1,gsm8k,gsm8k_00069,1,60.0,60.0,boxed,195,1
acc1,gsm8k,gsm8k_00590,0,318.0,319.0,boxed,194,1
acc1,gsm8k,gsm8k_01153,1,20.0,20.0,boxed,238,1
acc1,gsm8k,gsm8k_00472,1,6.0,6.0,boxed,263,1
acc1,gsm8k,gsm8k_00990,1,14.0,14.0,boxed,441,1
acc1,gsm8k,gsm8k_00252,1,73.0,73.0,boxed,301,1
acc1,gsm8k,gsm8k_00005,1,64.0,64.0,boxed,348,1
acc1,gsm8k,gsm8k_01215,1,36.0,36.0,boxed,325,1
acc1,gsm8k,gsm8k_00808,1,12.0,12.0,boxed,257,1
acc1,gsm8k,gsm8k_01054,1,2400.0,2400.0,boxed,124,1
acc1,gsm8k,gsm8k_01226,1,90.0,90.0,boxed,223,1
acc1,gsm8k,gsm8k_01044,1,1.0,1.0,boxed,140,1
acc1,gsm8k,gsm8k_00428,1,26.0,26.0,boxed,974,1
acc1,gsm8k,gsm8k_00008,1,45.0,45.0,boxed,669,1
acc1,gsm8k,gsm8k_00151,1,5.0,5.0,boxed,161,1
acc1,gsm8k,gsm8k_01033,1,2.0,2.0,boxed,187,1
acc1,gsm8k,gsm8k_01003,0,1.0,480.0,last-number,1024,0
acc1,gsm8k,gsm8k_00483,1,40.0,40.0,boxed,263,1
acc1,gsm8k,gsm8k_00792,1,75.0,75.0,boxed,116,1
acc1,gsm8k,gsm8k_00531,1,66.0,66.0,boxed,597,1
acc1,gsm8k,gsm8k_00210,1,10.0,10.0,boxed,383,1
acc1,gsm8k,gsm8k_00956,1,1.0,1.0,boxed,355,1
acc1,gsm8k,gsm8k_01279,1,180.0,180.0,boxed,164,1
acc1,gsm8k,gsm8k_00538,1,18.0,18.0,boxed,211,1
acc1,gsm8k,gsm8k_01030,1,24.0,24.0,boxed,619,1
acc1,gsm8k,gsm8k_00178,1,122.0,122.0,boxed,220,1
acc1,gsm8k,gsm8k_00799,1,4.0,4.0,boxed,135,1
acc1,gsm8k,gsm8k_01060,1,31.0,31.0,boxed,302,1
acc1,gsm8k,gsm8k_00767,1,60.0,60.0,boxed,143,1
acc1,gsm8k,gsm8k_01231,1,70.0,70.0,boxed,203,1
acc1,gsm8k,gsm8k_00626,1,72.0,72.0,boxed,354,1
acc1,gsm8k,gsm8k_01285,1,1218.0,1218.0,boxed,138,1
acc1,gsm8k,gsm8k_00045,1,104.0,104.0,boxed,258,1
acc1,gsm8k,gsm8k_01040,1,736.0,736.0,boxed,272,1
acc1,gsm8k,gsm8k_00416,1,56.0,56.0,boxed,409,1
acc1,gsm8k,gsm8k_00196,1,120.0,120.0,boxed,152,1
acc1,gsm8k,gsm8k_00818,1,16.0,16.0,boxed,216,1
acc1,gsm8k,gsm8k_00609,1,7.0,7.0,boxed,125,1
acc1,gsm8k,gsm8k_00226,1,33.0,33.0,boxed,365,1
acc1,gsm8k,gsm8k_00028,1,25.0,25.0,boxed,175,1
acc1,gsm8k,gsm8k_00157,0,280.0,80.0,boxed,239,1
acc1,gsm8k,gsm8k_01201,1,42.0,42.0,boxed,201,1
acc1,gsm8k,gsm8k_00565,1,5.0,5.0,boxed,168,1
acc1,gsm8k,gsm8k_00989,0,30.0,45.0,boxed,930,1
acc1,gsm8k,gsm8k_01103,1,90.0,90.0,boxed,366,1
acc1,gsm8k,gsm8k_00614,1,312.0,312.0,boxed,166,1
acc1,gsm8k,gsm8k_01146,1,16.0,16.0,boxed,362,1
acc1,gsm8k,gsm8k_00091,1,28.0,28.0,boxed,239,1
acc1,gsm8k,gsm8k_01272,1,296.0,296.0,boxed,206,1
acc1,gsm8k,gsm8k_01127,1,750.0,750.0,boxed,286,1
acc1,gsm8k,gsm8k_00572,1,100.0,100.0,boxed,228,1
acc1,gsm8k,gsm8k_00664,1,32.0,32.0,boxed,150,1
acc1,gsm8k,gsm8k_01242,1,20.0,20.0,boxed,227,1
acc1,gsm8k,gsm8k_00735,1,50.0,50.0,boxed,234,1
acc1,gsm8k,gsm8k_00759,1,60000.0,60000.0,boxed,204,1
acc1,gsm8k,gsm8k_00620,1,1509.0,1509.0,boxed,197,1
acc1,gsm8k,gsm8k_00758,1,133.0,133.0,boxed,104,1
acc1,gsm8k,gsm8k_00978,1,160.0,160.0,boxed,194,1
acc1,gsm8k,gsm8k_00563,1,12.0,12.0,boxed,175,1
acc1,gsm8k,gsm8k_00782,0,27.0,54.0,boxed,221,1
acc1,gsm8k,gsm8k_00901,0,2.0,1.0,boxed,198,1
acc1,gsm8k,gsm8k_00167,1,16.0,16.0,boxed,359,1
acc1,gsm8k,gsm8k_01267,0,80.0,40.0,boxed,204,1
acc1,gsm8k,gsm8k_01237,1,78.0,78.0,boxed,91,1
acc1,gsm8k,gsm8k_01014,1,3.0,3.0,boxed,247,1
acc1,gsm8k,gsm8k_00584,1,2.0,2.0,boxed,203,1
acc1,gsm8k,gsm8k_00333,1,100.0,100.0,boxed,192,1
acc1,gsm8k,gsm8k_00545,1,30.0,30.0,boxed,100,1
acc1,gsm8k,gsm8k_00850,1,70.0,70.0,boxed,240,1
acc1,gsm8k,gsm8k_01007,1,34.0,34.0,boxed,222,1
acc1,gsm8k,gsm8k_00400,1,48.0,48.0,boxed,95,1
acc1,gsm8k,gsm8k_00975,1,20.0,20.0,boxed,259,1
acc1,gsm8k,gsm8k_01232,1,15.0,15.0,boxed,228,1
acc1,gsm8k,gsm8k_01317,1,5.0,5.0,boxed,340,1
acc1,gsm8k,gsm8k_00225,1,9.0,9.0,boxed,204,1
acc1,gsm8k,gsm8k_00791,1,100.0,100.0,boxed,192,1
acc1,gsm8k,gsm8k_00693,1,68.0,68.0,boxed,278,1
acc1,gsm8k,gsm8k_00236,0,30.0,31.0,boxed,619,1
acc1,gsm8k,gsm8k_00683,1,50.0,50.0,boxed,458,1
acc1,gsm8k,gsm8k_00720,1,4.0,4.0,boxed,156,1
acc1,gsm8k,gsm8k_01000,1,1.0,1.0,boxed,313,1
acc1,gsm8k,gsm8k_00895,1,74.0,74.0,boxed,198,1
acc1,gsm8k,gsm8k_00254,1,84.0,84.0,boxed,223,1
acc1,gsm8k,gsm8k_00809,1,50.0,50.0,boxed,652,1
acc1,gsm8k,gsm8k_00326,1,14.0,14.0,boxed,218,1
acc1,gsm8k,gsm8k_00772,1,50.0,50.0,boxed,309,1
acc1,gsm8k,gsm8k_00435,1,5.0,5.0,boxed,99,1
acc1,gsm8k,gsm8k_01021,1,36.0,36.0,boxed,274,1
acc1,gsm8k,gsm8k_00491,1,16.0,16.0,boxed,108,1
acc1,gsm8k,gsm8k_00622,1,7.0,7.0,boxed,277,1
acc1,gsm8k,gsm8k_00681,1,298.0,298.0,boxed,460,1
acc1,gsm8k,gsm8k_00260,1,11.0,11.0,boxed,303,1
acc1,gsm8k,gsm8k_00237,1,90.0,90.0,boxed,83,1
acc1,gsm8k,gsm8k_01137,1,68.0,68.0,boxed,360,1
acc1,gsm8k,gsm8k_01048,0,9858.38,7400.0,boxed,479,1
acc1,gsm8k,gsm8k_00057,1,83.0,83.0,boxed,382,1
acc1,gsm8k,gsm8k_00228,1,1.0,1.0,boxed,273,1
acc1,gsm8k,gsm8k_00434,1,5.0,5.0,last-number,1024,0
acc1,gsm8k,gsm8k_00424,1,570.0,570.0,boxed,141,1
acc1,gsm8k,gsm8k_01206,1,40000.0,40000.0,boxed,170,1
acc1,gsm8k,gsm8k_00007,0,120.0,160.0,boxed,251,1
acc1,gsm8k,gsm8k_00493,1,25.0,25.0,boxed,239,1
acc1,gsm8k,gsm8k_01047,1,10.0,10.0,boxed,337,1
acc1,gsm8k,gsm8k_00642,1,10800.0,10800.0,boxed,264,1
acc1,gsm8k,gsm8k_00740,1,25.0,25.0,boxed,295,1
acc1,gsm8k,gsm8k_00796,0,3120000.0,2880000.0,boxed,216,1
acc1,gsm8k,gsm8k_00829,1,14000.0,14000.0,boxed,331,1
acc1,gsm8k,gsm8k_00729,1,1000.0,1000.0,boxed,644,1
acc1,gsm8k,gsm8k_00421,1,12.0,12.0,boxed,174,1
acc1,gsm8k,gsm8k_00779,1,255.0,255.0,boxed,335,1
acc1,gsm8k,gsm8k_00328,1,2.0,2.0,boxed,163,1
acc1,gsm8k,gsm8k_01117,1,9.0,9.0,boxed,340,1
acc1,gsm8k,gsm8k_01310,1,64.0,64.0,boxed,409,1
acc1,gsm8k,gsm8k_00963,1,147.0,147.0,boxed,529,1
acc1,gsm8k,gsm8k_01159,1,50.0,50.0,boxed,256,1
acc1,mmlu,mmlu_08129,1,C,C,boxed,147,1
acc1,mmlu,mmlu_13824,1,D,D,boxed,204,1
acc1,mmlu,mmlu_14037,1,A,A,boxed,265,1
acc1,mmlu,mmlu_07535,0,A,B,boxed,116,1
acc1,mmlu,mmlu_01453,1,A,A,boxed,543,1
acc1,mmlu,mmlu_02098,1,C,C,boxed,284,1
acc1,mmlu,mmlu_06200,1,A,A,boxed,244,1
acc1,mmlu,mmlu_00563,1,B,B,boxed,422,1
acc1,mmlu,mmlu_00805,0,D,A,boxed,565,1
acc1,mmlu,mmlu_10646,1,C,C,boxed,443,1
acc1,mmlu,mmlu_03476,1,A,A,boxed,185,1
acc1,mmlu,mmlu_03099,1,C,C,boxed,202,1
acc1,mmlu,mmlu_02848,1,A,A,boxed,360,1
acc1,mmlu,mmlu_05061,1,A,A,boxed,177,1
acc1,mmlu,mmlu_01355,0,D,C,boxed,222,1
acc1,mmlu,mmlu_13412,1,A,A,boxed,376,1
acc1,mmlu,mmlu_00894,1,B,B,boxed,382,1
acc1,mmlu,mmlu_06727,1,D,D,boxed,284,1
acc1,mmlu,mmlu_02515,1,A,A,boxed,426,1
acc1,mmlu,mmlu_05781,1,A,A,boxed,392,1
acc1,mmlu,mmlu_04936,1,D,D,boxed,341,1
acc1,mmlu,mmlu_09187,0,B,D,boxed,208,1
acc1,mmlu,mmlu_13296,1,B,B,boxed,281,1
acc1,mmlu,mmlu_03312,1,A,A,boxed,296,1
acc1,mmlu,mmlu_07789,1,A,A,boxed,142,1
acc1,mmlu,mmlu_12878,0,A,B,boxed,244,1
acc1,mmlu,mmlu_10258,0,B,D,boxed,233,1
acc1,mmlu,mmlu_11586,0,A,B,boxed,358,1
acc1,mmlu,mmlu_03765,1,D,D,boxed,218,1
acc1,mmlu,mmlu_13456,0,A,B,boxed,325,1
acc1,mmlu,mmlu_07304,1,D,D,boxed,70,1
acc1,mmlu,mmlu_02732,0,B,C,boxed,188,1
acc1,mmlu,mmlu_00726,0,D,C,boxed,222,1
acc1,mmlu,mmlu_12805,1,C,C,boxed,396,1
acc1,mmlu,mmlu_00499,0,D,B,boxed,318,1
acc1,mmlu,mmlu_00325,1,D,D,boxed,948,1
acc1,mmlu,mmlu_12401,1,C,C,boxed,492,1
acc1,mmlu,mmlu_07644,1,C,C,boxed,150,1
acc1,mmlu,mmlu_05720,1,C,C,boxed,348,1
acc1,mmlu,mmlu_06333,0,A,B,boxed,223,1
acc1,mmlu,mmlu_09406,1,A,A,boxed,205,1
acc1,mmlu,mmlu_11854,0,B,D,boxed,520,1
acc1,mmlu,mmlu_03054,1,B,B,boxed,295,1
acc1,mmlu,mmlu_09016,1,B,B,boxed,229,1
acc1,mmlu,mmlu_05196,0,B,A,boxed,276,1
acc1,mmlu,mmlu_07819,1,A,A,boxed,165,1
acc1,mmlu,mmlu_07449,1,A,A,boxed,155,1
acc1,mmlu,mmlu_13049,1,B,B,boxed,154,1
acc1,mmlu,mmlu_09769,1,C,C,boxed,361,1
acc1,mmlu,mmlu_13884,1,B,B,boxed,283,1
acc1,mmlu,mmlu_05266,1,D,D,boxed,224,1
acc1,mmlu,mmlu_07220,1,C,C,boxed,232,1
acc1,mmlu,mmlu_03770,1,A,A,boxed,240,1
acc1,mmlu,mmlu_02228,1,D,D,boxed,684,1
acc1,mmlu,mmlu_12320,0,A,D,boxed,279,1
acc1,mmlu,mmlu_11756,0,A,B,boxed,439,1
acc1,mmlu,mmlu_06674,1,C,C,boxed,218,1
acc1,mmlu,mmlu_10299,1,B,B,boxed,417,1
acc1,mmlu,mmlu_08362,0,C,D,boxed,511,1
acc1,mmlu,mmlu_09084,0,A,D,boxed,233,1
acc1,mmlu,mmlu_03045,1,B,B,boxed,278,1
acc1,mmlu,mmlu_09324,1,B,B,boxed,286,1
acc1,mmlu,mmlu_02089,1,B,B,boxed,131,1
acc1,mmlu,mmlu_00207,0,A,D,boxed,300,1
acc1,mmlu,mmlu_06047,0,A,B,boxed,617,1
acc1,mmlu,mmlu_07246,1,C,C,boxed,182,1
acc1,mmlu,mmlu_13314,1,D,D,boxed,302,1
acc1,mmlu,mmlu_03090,1,A,A,boxed,524,1
acc1,mmlu,mmlu_10761,1,A,A,boxed,559,1
acc1,mmlu,mmlu_07323,1,B,B,boxed,326,1
acc1,mmlu,mmlu_10167,0,A,B,boxed,329,1
acc1,mmlu,mmlu_00574,1,B,B,boxed,254,1
acc1,mmlu,mmlu_10766,0,A,C,boxed,510,1
acc1,mmlu,mmlu_02014,0,A,C,boxed,151,1
acc1,mmlu,mmlu_07741,0,A,B,boxed,303,1
acc1,mmlu,mmlu_09686,0,C,D,boxed,354,1
acc1,mmlu,mmlu_09163,0,B,A,boxed,183,1
acc1,mmlu,mmlu_07031,1,D,D,boxed,296,1
acc1,mmlu,mmlu_02401,1,B,B,boxed,134,1
acc1,mmlu,mmlu_03459,1,A,A,boxed,202,1
acc1,mmlu,mmlu_04462,1,D,D,boxed,235,1
acc1,mmlu,mmlu_04201,1,C,C,boxed,379,1
acc1,mmlu,mmlu_01601,1,B,B,boxed,215,1
acc1,mmlu,mmlu_05153,1,B,B,boxed,319,1
acc1,mmlu,mmlu_01238,1,D,D,boxed,302,1
acc1,mmlu,mmlu_02593,1,D,D,boxed,323,1
acc1,mmlu,mmlu_01738,0,A,D,boxed,224,1
acc1,mmlu,mmlu_10082,0,A,D,boxed,480,1
acc1,mmlu,mmlu_06767,1,B,B,boxed,383,1
acc1,mmlu,mmlu_09473,1,C,C,boxed,186,1
acc1,mmlu,mmlu_09835,1,C,C,boxed,331,1
acc1,mmlu,mmlu_01120,0,A,B,boxed,395,1
acc1,mmlu,mmlu_02978,1,B,B,boxed,355,1
acc1,mmlu,mmlu_04119,1,A,A,boxed,529,1
acc1,mmlu,mmlu_13190,0,A,C,boxed,605,1
acc1,mmlu,mmlu_07643,1,D,D,boxed,120,1
acc1,mmlu,mmlu_04416,1,B,B,boxed,208,1
acc1,mmlu,mmlu_05246,1,B,B,boxed,201,1
acc1,mmlu,mmlu_10980,0,B,A,boxed,496,1
acc1,mmlu,mmlu_10789,0,A,C,boxed,901,1
acc1,mmlu,mmlu_08147,1,B,B,boxed,672,1
acc1,mmlu,mmlu_02638,0,C,B,boxed,56,1
acc1,mmlu,mmlu_09320,0,B,A,boxed,187,1
acc1,mmlu,mmlu_05580,1,D,D,boxed,593,1
acc1,mmlu,mmlu_10377,1,B,B,boxed,280,1
acc1,mmlu,mmlu_09518,1,C,C,boxed,238,1
acc1,mmlu,mmlu_04079,1,B,B,boxed,285,1
acc1,mmlu,mmlu_09002,1,D,D,boxed,276,1
acc1,mmlu,mmlu_09489,1,B,B,boxed,254,1
acc1,mmlu,mmlu_10523,0,C,B,boxed,393,1
acc1,mmlu,mmlu_04871,0,B,C,boxed,280,1
acc1,mmlu,mmlu_09822,0,A,C,boxed,292,1
acc1,mmlu,mmlu_12983,0,B,D,boxed,443,1
acc1,mmlu,mmlu_13987,1,C,C,boxed,330,1
acc1,mmlu,mmlu_00353,1,A,A,boxed,401,1
acc1,mmlu,mmlu_08264,1,C,C,boxed,350,1
acc1,mmlu,mmlu_07127,1,C,C,boxed,240,1
acc1,mmlu,mmlu_07339,0,A,B,boxed,348,1
acc1,mmlu,mmlu_10355,0,A,D,boxed,475,1
acc1,mmlu,mmlu_06471,1,A,A,boxed,344,1
acc1,mmlu,mmlu_12050,1,D,D,boxed,552,1
acc1,mmlu,mmlu_10997,1,A,A,boxed,586,1
acc1,mmlu,mmlu_01697,1,C,C,boxed,419,1
acc1,mmlu,mmlu_00837,1,D,D,boxed,232,1
acc1,mmlu,mmlu_07442,1,B,B,boxed,91,1
acc1,mmlu,mmlu_01824,1,D,D,boxed,856,1
acc1,mmlu,mmlu_09671,1,D,D,boxed,219,1
acc1,mmlu,mmlu_11645,1,C,C,boxed,319,1
acc1,mmlu,mmlu_07587,1,A,A,boxed,73,1
acc1,mmlu,mmlu_02662,1,B,B,boxed,210,1
acc1,mmlu,mmlu_00968,0,B,A,boxed,88,1
acc1,mmlu,mmlu_07858,1,B,B,boxed,190,1
acc1,mmlu,mmlu_04379,1,C,C,boxed,229,1
acc1,mmlu,mmlu_07799,1,B,B,boxed,136,1
acc1,mmlu,mmlu_11526,0,A,B,boxed,681,1
acc1,mmlu,mmlu_01249,1,C,C,boxed,240,1
acc1,mmlu,mmlu_08554,1,B,B,boxed,189,1
acc1,mmlu,mmlu_06478,1,D,D,boxed,368,1
acc1,mmlu,mmlu_11027,1,A,A,boxed,430,1
acc1,mmlu,mmlu_00847,1,B,B,boxed,655,1
acc1,mmlu,mmlu_07116,1,A,A,boxed,272,1
acc1,mmlu,mmlu_10095,1,A,A,boxed,312,1
acc1,mmlu,mmlu_02331,0,D,B,boxed,157,1
acc1,mmlu,mmlu_09636,1,D,D,boxed,146,1
acc1,mmlu,mmlu_11387,0,B,D,boxed,804,1
acc1,mmlu,mmlu_07300,1,A,A,boxed,315,1
acc1,mmlu,mmlu_06208,1,B,B,boxed,257,1
acc1,mmlu,mmlu_01055,1,D,D,boxed,703,1
acc1,mmlu,mmlu_04770,0,D,C,boxed,259,1
acc1,mmlu,mmlu_06190,0,A,C,boxed,186,1
acc1,mmlu,mmlu_13316,0,C,D,boxed,493,1
acc1,mmlu,mmlu_05177,1,B,B,boxed,219,1
acc1,mmlu,mmlu_06226,1,D,D,boxed,263,1
acc1,mmlu,mmlu_02710,1,D,D,boxed,252,1
acc1,mmlu,mmlu_03700,1,D,D,boxed,225,1
acc1,mmlu,mmlu_13690,0,A,C,boxed,221,1
acc1,mmlu,mmlu_01523,1,A,A,boxed,149,1
acc1,mmlu,mmlu_00613,1,A,A,boxed,184,1
acc1,mmlu,mmlu_10302,1,A,A,boxed,192,1
acc1,mmlu,mmlu_01778,1,B,B,boxed,476,1
acc1,mmlu,mmlu_08371,1,D,D,boxed,407,1
acc1,mmlu,mmlu_10590,0,C,A,boxed,294,1
acc1,mmlu,mmlu_11789,1,A,A,boxed,670,1
acc1,mmlu,mmlu_08317,1,D,D,boxed,442,1
acc1,mmlu,mmlu_11697,1,A,A,boxed,472,1
acc1,mmlu,mmlu_00880,1,C,C,boxed,337,1
acc1,mmlu,mmlu_04187,0,C,A,boxed,299,1
acc1,mmlu,mmlu_00782,1,A,A,boxed,218,1
acc1,mmlu,mmlu_08043,1,C,C,boxed,158,1
acc1,mmlu,mmlu_07136,0,A,C,boxed,200,1
acc1,mmlu,mmlu_01897,1,A,A,boxed,381,1
acc1,mmlu,mmlu_12056,0,D,B,boxed,351,1
acc1,mmlu,mmlu_00997,0,D,C,trailing-letter,1024,0
acc1,mmlu,mmlu_09214,1,D,D,boxed,187,1
acc1,mmlu,mmlu_03852,1,A,A,boxed,330,1
acc1,mmlu,mmlu_09938,1,D,D,boxed,336,1
acc1,mmlu,mmlu_06894,0,A,B,boxed,367,1
acc1,mmlu,mmlu_13773,0,A,B,boxed,308,1
acc1,mmlu,mmlu_06846,1,C,C,boxed,148,1
acc1,mmlu,mmlu_10614,1,A,A,boxed,264,1
acc1,mmlu,mmlu_01638,0,A,D,boxed,320,1
acc1,mmlu,mmlu_12628,1,A,A,boxed,412,1
acc1,mmlu,mmlu_01064,1,B,B,boxed,327,1
acc1,mmlu,mmlu_09006,0,B,D,boxed,226,1
acc1,mmlu,mmlu_04621,1,D,D,boxed,229,1
acc1,mmlu,mmlu_08988,1,B,B,boxed,153,1
acc1,mmlu,mmlu_12905,1,A,A,boxed,166,1
acc1,mmlu,mmlu_04661,1,D,D,boxed,271,1
acc1,mmlu,mmlu_07681,1,C,C,boxed,107,1
acc1,mmlu,mmlu_03514,1,B,B,boxed,280,1
acc1,mmlu,mmlu_08263,0,A,B,boxed,341,1
acc1,mmlu,mmlu_02514,1,C,C,boxed,838,1
acc1,mmlu,mmlu_04044,0,D,A,boxed,223,1
acc1,mmlu,mmlu_11705,0,C,B,boxed,593,1
acc1,mmlu,mmlu_07206,1,B,B,boxed,169,1
acc1,mmlu,mmlu_13246,1,D,D,boxed,250,1
acc1,mmlu,mmlu_07022,1,C,C,boxed,193,1
acc1,mmlu,mmlu_08796,1,D,D,boxed,186,1
acc1,mmlu,mmlu_03615,1,D,D,boxed,191,1
acc1,mmlu,mmlu_01770,1,B,B,boxed,196,1
acc1,mmlu,mmlu_05524,0,A,D,boxed,319,1
acc1,mmlu,mmlu_12024,1,C,C,boxed,440,1
acc1,mmlu,mmlu_03737,1,C,C,boxed,316,1
acc1,mmlu,mmlu_05795,1,C,C,boxed,347,1
acc1,mmlu,mmlu_13871,1,D,D,boxed,150,1
acc1,mmlu,mmlu_11251,0,A,C,boxed,636,1
acc1,mmlu,mmlu_07293,1,C,C,boxed,177,1
acc1,mmlu,mmlu_09710,1,D,D,boxed,298,1
acc1,mmlu,mmlu_11825,0,A,B,boxed,569,1
acc1,mmlu,mmlu_05983,1,A,A,boxed,455,1
acc1,mmlu,mmlu_00289,1,D,D,boxed,333,1
acc1,mmlu,mmlu_11707,1,B,B,boxed,582,1
acc1,mmlu,mmlu_02591,1,D,D,boxed,175,1
acc1,mmlu,mmlu_08617,0,A,C,boxed,188,1
acc1,mmlu,mmlu_09474,1,C,C,boxed,258,1
acc1,mmlu,mmlu_12722,1,A,A,boxed,242,1
acc1,mmlu,mmlu_11058,0,D,C,boxed,363,1
acc1,mmlu,mmlu_10884,0,B,C,boxed,756,1
acc1,mmlu,mmlu_05950,1,B,B,boxed,214,1
acc1,mmlu,mmlu_09368,1,B,B,boxed,175,1
acc1,mmlu,mmlu_11627,1,B,B,boxed,606,1
acc1,mmlu,mmlu_07951,1,D,D,boxed,66,1
acc1,mmlu,mmlu_07145,1,C,C,boxed,153,1
acc1,mmlu,mmlu_07905,1,A,A,boxed,148,1
acc1,mmlu,mmlu_04625,1,D,D,boxed,290,1
acc1,mmlu,mmlu_02124,1,B,B,boxed,299,1
acc1,mmlu,mmlu_05878,1,A,A,boxed,228,1
acc1,mmlu,mmlu_09876,1,A,A,boxed,347,1
acc1,mmlu,mmlu_02384,1,A,A,boxed,404,1
acc1,mmlu,mmlu_04737,1,A,A,boxed,268,1
acc1,mmlu,mmlu_08845,0,C,D,boxed,202,1
acc1,mmlu,mmlu_03617,1,D,D,boxed,210,1
acc1,mmlu,mmlu_13393,0,A,C,boxed,169,1
acc1,mmlu,mmlu_04096,1,A,A,boxed,437,1
acc1,mmlu,mmlu_10786,0,B,D,boxed,412,1
acc1,mmlu,mmlu_02189,1,B,B,boxed,163,1
acc1,mmlu,mmlu_02474,1,A,A,boxed,632,1
acc1,mmlu,mmlu_13223,0,A,D,boxed,547,1
acc1,mmlu,mmlu_07502,1,D,D,boxed,385,1
acc1,mmlu,mmlu_05701,1,D,D,boxed,394,1
acc1,mmlu,mmlu_03862,1,B,B,boxed,325,1
acc1,mmlu,mmlu_06779,1,A,A,boxed,287,1
acc1,mmlu,mmlu_07035,1,C,C,boxed,191,1
acc1,mmlu,mmlu_00908,0,D,A,boxed,772,1
acc1,mmlu,mmlu_10737,1,A,A,boxed,574,1
acc1,mmlu,mmlu_11288,0,A,B,boxed,506,1
acc1,mmlu,mmlu_01116,1,D,D,boxed,415,1
acc1,mmlu,mmlu_03391,1,D,D,boxed,235,1
acc1,mmlu,mmlu_05206,1,D,D,boxed,444,1
acc1,mmlu,mmlu_04499,0,B,C,boxed,515,1
acc2_keep10752,gsm8k,gsm8k_00657,1,330000.0,330000.0,boxed,255,1
acc2_keep10752,gsm8k,gsm8k_00330,1,31.0,31.0,boxed,192,1
acc2_keep10752,gsm8k,gsm8k_01089,1,32.0,32.0,boxed,395,1
acc2_keep10752,gsm8k,gsm8k_00041,0,1000.0,200.0,last-number,1024,0
acc2_keep10752,gsm8k,gsm8k_01207,1,64.0,64.0,boxed,115,1
acc2_keep10752,gsm8k,gsm8k_00294,1,3.0,3.0,boxed,123,1
acc2_keep10752,gsm8k,gsm8k_00399,1,12.0,12.0,boxed,189,1
acc2_keep10752,gsm8k,gsm8k_00345,1,310.0,310.0,boxed,111,1
acc2_keep10752,gsm8k,gsm8k_00580,1,500.0,500.0,boxed,370,1
acc2_keep10752,gsm8k,gsm8k_00139,1,70.0,70.0,boxed,172,1
acc2_keep10752,gsm8k,gsm8k_00863,1,110.0,110.0,boxed,202,1
acc2_keep10752,gsm8k,gsm8k_00381,1,67.0,67.0,boxed,165,1
acc2_keep10752,gsm8k,gsm8k_00908,1,14.0,14.0,boxed,152,1
acc2_keep10752,gsm8k,gsm8k_00603,0,1260.0,1800.0,boxed,285,1
acc2_keep10752,gsm8k,gsm8k_01039,0,240.0,160.0,boxed,162,1
acc2_keep10752,gsm8k,gsm8k_01101,1,16.0,16.0,boxed,214,1
acc2_keep10752,gsm8k,gsm8k_00058,0,26.4,57.0,last-number,1024,0
acc2_keep10752,gsm8k,gsm8k_00355,1,34.0,34.0,boxed,182,1
acc2_keep10752,gsm8k,gsm8k_01255,1,12.0,12.0,boxed,271,1
acc2_keep10752,gsm8k,gsm8k_00407,0,4000.0,2000.0,boxed,296,1
acc2_keep10752,gsm8k,gsm8k_00666,1,120.0,120.0,boxed,304,1
acc2_keep10752,gsm8k,gsm8k_00107,1,3.0,3.0,boxed,442,1
acc2_keep10752,gsm8k,gsm8k_00934,1,410.0,410.0,boxed,164,1
acc2_keep10752,gsm8k,gsm8k_00325,1,224000.0,224000.0,boxed,299,1
acc2_keep10752,gsm8k,gsm8k_00641,0,372000.0,262500.0,boxed,186,1
acc2_keep10752,gsm8k,gsm8k_00101,1,6.0,6.0,boxed,170,1
acc2_keep10752,gsm8k,gsm8k_00147,1,75.0,75.0,boxed,357,1
acc2_keep10752,gsm8k,gsm8k_00048,1,8.0,8.0,boxed,116,1
acc2_keep10752,gsm8k,gsm8k_00324,1,14.0,14.0,boxed,286,1
acc2_keep10752,gsm8k,gsm8k_00030,1,109.0,109.0,boxed,277,1
acc2_keep10752,gsm8k,gsm8k_00715,1,385000.0,385000.0,boxed,365,1
acc2_keep10752,gsm8k,gsm8k_00127,1,120.0,120.0,boxed,154,1
acc2_keep10752,gsm8k,gsm8k_01305,1,2325.0,2325.0,boxed,213,1
acc2_keep10752,gsm8k,gsm8k_00788,0,150.0,100.0,last-number,1024,0
acc2_keep10752,gsm8k,gsm8k_00578,0,5.0,48.0,last-number,1024,0
acc2_keep10752,gsm8k,gsm8k_00952,0,1560.0,360.0,boxed,159,1
acc2_keep10752,gsm8k,gsm8k_01143,1,300.0,300.0,boxed,110,1
acc2_keep10752,gsm8k,gsm8k_01019,1,98.0,98.0,boxed,166,1
acc2_keep10752,gsm8k,gsm8k_00778,1,38.0,38.0,boxed,127,1
acc2_keep10752,gsm8k,gsm8k_01184,1,306.0,306.0,boxed,106,1
acc2_keep10752,gsm8k,gsm8k_00694,1,9.0,9.0,boxed,231,1
acc2_keep10752,gsm8k,gsm8k_00536,1,8.0,8.0,boxed,91,1
acc2_keep10752,gsm8k,gsm8k_01085,1,26.0,26.0,boxed,180,1
acc2_keep10752,gsm8k,gsm8k_00358,1,20.0,20.0,boxed,240,1
acc2_keep10752,gsm8k,gsm8k_00406,0,160.0,200.0,boxed,360,1
acc2_keep10752,gsm8k,gsm8k_01128,0,7.0,9.0,boxed,146,1
acc2_keep10752,gsm8k,gsm8k_00833,1,40.0,40.0,boxed,484,1
acc2_keep10752,gsm8k,gsm8k_00566,1,10.0,10.0,boxed,213,1
acc2_keep10752,gsm8k,gsm8k_00067,1,595.0,595.0,boxed,233,1
acc2_keep10752,gsm8k,gsm8k_01029,1,34.0,34.0,boxed,296,1
acc2_keep10752,gsm8k,gsm8k_00957,1,45.0,45.0,boxed,194,1
acc2_keep10752,gsm8k,gsm8k_00941,1,842.0,842.0,boxed,166,1
acc2_keep10752,gsm8k,gsm8k_00859,1,1520.0,1520.0,boxed,211,1
acc2_keep10752,gsm8k,gsm8k_00736,0,13.0,3.0,boxed,175,1
acc2_keep10752,gsm8k,gsm8k_00528,1,172.0,172.0,boxed,359,1
acc2_keep10752,gsm8k,gsm8k_00965,1,374.0,374.0,boxed,447,1
acc2_keep10752,gsm8k,gsm8k_00716,1,770.0,770.0,boxed,212,1
acc2_keep10752,gsm8k,gsm8k_00104,1,500.0,500.0,boxed,154,1
acc2_keep10752,gsm8k,gsm8k_01181,1,20.0,20.0,boxed,337,1
acc2_keep10752,gsm8k,gsm8k_00100,1,175.0,175.0,boxed,277,1
acc2_keep10752,gsm8k,gsm8k_00547,1,81.0,81.0,boxed,269,1
acc2_keep10752,gsm8k,gsm8k_00469,1,4.0,4.0,boxed,109,1
acc2_keep10752,gsm8k,gsm8k_01271,1,43.0,43.0,boxed,243,1
acc2_keep10752,gsm8k,gsm8k_00597,1,90.0,90.0,boxed,202,1
acc2_keep10752,gsm8k,gsm8k_00515,1,160.0,160.0,boxed,137,1
acc2_keep10752,gsm8k,gsm8k_01221,1,10.0,10.0,boxed,253,1
acc2_keep10752,gsm8k,gsm8k_00701,1,200.0,200.0,boxed,244,1
acc2_keep10752,gsm8k,gsm8k_00409,0,16800.0,168000.0,boxed,294,1
acc2_keep10752,gsm8k,gsm8k_00017,1,57500.0,57500.0,boxed,135,1
acc2_keep10752,gsm8k,gsm8k_00009,1,460.0,460.0,boxed,188,1
acc2_keep10752,gsm8k,gsm8k_00433,1,6.0,6.0,boxed,133,1
acc2_keep10752,gsm8k,gsm8k_01009,1,1875.0,1875.0,boxed,581,1
acc2_keep10752,gsm8k,gsm8k_00195,1,12.0,12.0,boxed,229,1
acc2_keep10752,gsm8k,gsm8k_00911,1,64.0,64.0,boxed,101,1
acc2_keep10752,gsm8k,gsm8k_00375,1,48.0,48.0,boxed,115,1
acc2_keep10752,gsm8k,gsm8k_00077,1,100.0,100.0,boxed,302,1
acc2_keep10752,gsm8k,gsm8k_00962,0,600.0,1000.0,boxed,114,1
acc2_keep10752,gsm8k,gsm8k_01025,1,30.0,30.0,boxed,117,1
acc2_keep10752,gsm8k,gsm8k_00393,1,20.0,20.0,boxed,305,1
acc2_keep10752,gsm8k,gsm8k_01026,1,43200.0,43200.0,boxed,221,1
acc2_keep10752,gsm8k,gsm8k_00214,1,8.0,8.0,boxed,291,1
acc2_keep10752,gsm8k,gsm8k_01031,1,5.0,5.0,boxed,152,1
acc2_keep10752,gsm8k,gsm8k_00480,1,11.0,11.0,boxed,198,1
acc2_keep10752,gsm8k,gsm8k_01055,1,2304.0,2304.0,boxed,94,1
acc2_keep10752,gsm8k,gsm8k_00378,1,15.0,15.0,boxed,123,1
acc2_keep10752,gsm8k,gsm8k_01028,1,200.0,200.0,boxed,143,1
acc2_keep10752,gsm8k,gsm8k_00234,1,21.0,21.0,boxed,192,1
acc2_keep10752,gsm8k,gsm8k_00201,1,114200.0,114200.0,boxed,221,1
acc2_keep10752,gsm8k,gsm8k_00831,1,324.0,324.0,boxed,377,1
acc2_keep10752,gsm8k,gsm8k_01202,1,19.0,19.0,boxed,169,1
acc2_keep10752,gsm8k,gsm8k_01043,1,130000.0,130000.0,boxed,159,1
acc2_keep10752,gsm8k,gsm8k_00610,0,65700.0,65960.0,boxed,199,1
acc2_keep10752,gsm8k,gsm8k_01130,1,25.0,25.0,boxed,259,1
acc2_keep10752,gsm8k,gsm8k_00996,1,3.0,3.0,boxed,446,1
acc2_keep10752,gsm8k,gsm8k_01140,1,27.0,27.0,boxed,472,1
acc2_keep10752,gsm8k,gsm8k_00163,1,50.0,50.0,boxed,240,1
acc2_keep10752,gsm8k,gsm8k_00672,0,3.0,2.0,last-number,1024,0
acc2_keep10752,gsm8k,gsm8k_01311,1,594.0,594.0,boxed,150,1
acc2_keep10752,gsm8k,gsm8k_00670,1,4.0,4.0,boxed,126,1
acc2_keep10752,gsm8k,gsm8k_00909,1,38.0,38.0,boxed,284,1
acc2_keep10752,gsm8k,gsm8k_00595,1,13.0,13.0,boxed,158,1
acc2_keep10752,gsm8k,gsm8k_01190,0,9.0,19.0,boxed,324,1
acc2_keep10752,gsm8k,gsm8k_00554,1,54.0,54.0,boxed,378,1
acc2_keep10752,gsm8k,gsm8k_01178,1,17.0,17.0,boxed,157,1
acc2_keep10752,gsm8k,gsm8k_01197,1,2400.0,2400.0,boxed,247,1
acc2_keep10752,gsm8k,gsm8k_00852,0,3.0,123.0,last-number,1024,0
acc2_keep10752,gsm8k,gsm8k_00142,1,140.0,140.0,boxed,154,1
acc2_keep10752,gsm8k,gsm8k_00636,1,1050.0,1050.0,boxed,189,1
acc2_keep10752,gsm8k,gsm8k_00044,1,20.0,20.0,boxed,224,1
acc2_keep10752,gsm8k,gsm8k_01230,1,440.0,440.0,boxed,202,1
acc2_keep10752,gsm8k,gsm8k_00539,0,40.0,35.0,boxed,115,1
acc2_keep10752,gsm8k,gsm8k_01177,1,17.0,17.0,boxed,211,1
acc2_keep10752,gsm8k,gsm8k_01241,1,8.0,8.0,boxed,187,1
acc2_keep10752,gsm8k,gsm8k_00669,1,132.0,132.0,boxed,247,1
acc2_keep10752,gsm8k,gsm8k_00949,1,42.0,42.0,boxed,188,1
acc2_keep10752,gsm8k,gsm8k_01183,1,11.0,11.0,boxed,213,1
acc2_keep10752,gsm8k,gsm8k_00347,1,36.0,36.0,boxed,108,1
acc2_keep10752,gsm8k,gsm8k_00461,1,9.0,9.0,boxed,222,1
acc2_keep10752,gsm8k,gsm8k_00173,1,18000.0,18000.0,boxed,236,1
acc2_keep10752,gsm8k,gsm8k_00549,1,398.0,398.0,boxed,151,1
acc2_keep10752,gsm8k,gsm8k_00474,1,80.0,80.0,boxed,162,1
acc2_keep10752,gsm8k,gsm8k_01258,0,20.0,60.0,last-number,1024,0
acc2_keep10752,gsm8k,gsm8k_00504,1,2.0,2.0,boxed,182,1
acc2_keep10752,gsm8k,gsm8k_00233,1,12.0,12.0,boxed,140,1
acc2_keep10752,gsm8k,gsm8k_01041,1,101.0,101.0,boxed,173,1
acc2_keep10752,gsm8k,gsm8k_00187,0,106.12,106.0,boxed,455,1
acc2_keep10752,gsm8k,gsm8k_01227,0,5.0,66.0,boxed,437,1
acc2_keep10752,gsm8k,gsm8k_01108,1,38.0,38.0,boxed,79,1
acc2_keep10752,gsm8k,gsm8k_00828,1,60.0,60.0,boxed,131,1
acc2_keep10752,gsm8k,gsm8k_01116,1,60.0,60.0,boxed,217,1
acc2_keep10752,gsm8k,gsm8k_00451,1,11050.0,11050.0,boxed,273,1
acc2_keep10752,gsm8k,gsm8k_00080,1,10.0,10.0,boxed,121,1
acc2_keep10752,gsm8k,gsm8k_00191,1,5.0,5.0,boxed,143,1
acc2_keep10752,gsm8k,gsm8k_00458,1,35.0,35.0,boxed,156,1
acc2_keep10752,gsm8k,gsm8k_00307,0,8.0,16.0,last-number,1024,0
acc2_keep10752,gsm8k,gsm8k_00069,1,60.0,60.0,boxed,173,1
acc2_keep10752,gsm8k,gsm8k_00590,0,326.0,319.0,boxed,167,1
acc2_keep10752,gsm8k,gsm8k_01153,1,20.0,20.0,boxed,247,1
acc2_keep10752,gsm8k,gsm8k_00472,1,6.0,6.0,boxed,195,1
acc2_keep10752,gsm8k,gsm8k_00990,0,-14.0,14.0,boxed,226,1
acc2_keep10752,gsm8k,gsm8k_00252,1,73.0,73.0,boxed,330,1
acc2_keep10752,gsm8k,gsm8k_00005,0,50.0,64.0,boxed,496,1
acc2_keep10752,gsm8k,gsm8k_01215,0,770.0,36.0,boxed,237,1
acc2_keep10752,gsm8k,gsm8k_00808,1,12.0,12.0,boxed,362,1
acc2_keep10752,gsm8k,gsm8k_01054,1,2400.0,2400.0,boxed,157,1
acc2_keep10752,gsm8k,gsm8k_01226,1,90.0,90.0,boxed,180,1
acc2_keep10752,gsm8k,gsm8k_01044,1,1.0,1.0,boxed,138,1
acc2_keep10752,gsm8k,gsm8k_00428,0,22.0,26.0,last-number,1024,0
acc2_keep10752,gsm8k,gsm8k_00008,0,315.0,45.0,boxed,781,1
acc2_keep10752,gsm8k,gsm8k_00151,1,5.0,5.0,boxed,207,1
acc2_keep10752,gsm8k,gsm8k_01033,1,2.0,2.0,boxed,146,1
acc2_keep10752,gsm8k,gsm8k_01003,1,480.0,480.0,boxed,825,1
acc2_keep10752,gsm8k,gsm8k_00483,1,40.0,40.0,boxed,237,1
acc2_keep10752,gsm8k,gsm8k_00792,1,75.0,75.0,boxed,102,1
acc2_keep10752,gsm8k,gsm8k_00531,0,122.0,66.0,boxed,408,1
acc2_keep10752,gsm8k,gsm8k_00210,1,10.0,10.0,boxed,397,1
acc2_keep10752,gsm8k,gsm8k_00956,1,1.0,1.0,boxed,153,1
acc2_keep10752,gsm8k,gsm8k_01279,1,180.0,180.0,boxed,161,1
acc2_keep10752,gsm8k,gsm8k_00538,1,18.0,18.0,boxed,111,1
acc2_keep10752,gsm8k,gsm8k_01030,0,0.5,24.0,last-number,1024,0
acc2_keep10752,gsm8k,gsm8k_00178,1,122.0,122.0,boxed,237,1
acc2_keep10752,gsm8k,gsm8k_00799,1,4.0,4.0,boxed,126,1
acc2_keep10752,gsm8k,gsm8k_01060,1,31.0,31.0,boxed,655,1
acc2_keep10752,gsm8k,gsm8k_00767,1,60.0,60.0,boxed,131,1
acc2_keep10752,gsm8k,gsm8k_01231,0,66.66666666666667,70.0,last-number,1024,0
acc2_keep10752,gsm8k,gsm8k_00626,1,72.0,72.0,boxed,233,1
acc2_keep10752,gsm8k,gsm8k_01285,1,1218.0,1218.0,boxed,154,1
acc2_keep10752,gsm8k,gsm8k_00045,1,104.0,104.0,boxed,398,1
acc2_keep10752,gsm8k,gsm8k_01040,1,736.0,736.0,boxed,253,1
acc2_keep10752,gsm8k,gsm8k_00416,1,56.0,56.0,boxed,291,1
acc2_keep10752,gsm8k,gsm8k_00196,1,120.0,120.0,boxed,109,1
acc2_keep10752,gsm8k,gsm8k_00818,1,16.0,16.0,boxed,204,1
acc2_keep10752,gsm8k,gsm8k_00609,1,7.0,7.0,boxed,161,1
acc2_keep10752,gsm8k,gsm8k_00226,1,33.0,33.0,boxed,286,1
acc2_keep10752,gsm8k,gsm8k_00028,1,25.0,25.0,boxed,714,1
acc2_keep10752,gsm8k,gsm8k_00157,0,280.0,80.0,boxed,267,1
acc2_keep10752,gsm8k,gsm8k_01201,1,42.0,42.0,boxed,146,1
acc2_keep10752,gsm8k,gsm8k_00565,1,5.0,5.0,boxed,133,1
acc2_keep10752,gsm8k,gsm8k_00989,1,45.0,45.0,boxed,690,1
acc2_keep10752,gsm8k,gsm8k_01103,1,90.0,90.0,boxed,249,1
acc2_keep10752,gsm8k,gsm8k_00614,1,312.0,312.0,boxed,122,1
acc2_keep10752,gsm8k,gsm8k_01146,1,16.0,16.0,boxed,190,1
acc2_keep10752,gsm8k,gsm8k_00091,1,28.0,28.0,boxed,226,1
acc2_keep10752,gsm8k,gsm8k_01272,1,296.0,296.0,boxed,248,1
acc2_keep10752,gsm8k,gsm8k_01127,1,750.0,750.0,boxed,264,1
acc2_keep10752,gsm8k,gsm8k_00572,1,100.0,100.0,boxed,235,1
acc2_keep10752,gsm8k,gsm8k_00664,1,32.0,32.0,boxed,154,1
acc2_keep10752,gsm8k,gsm8k_01242,1,20.0,20.0,boxed,139,1
acc2_keep10752,gsm8k,gsm8k_00735,1,50.0,50.0,boxed,205,1
acc2_keep10752,gsm8k,gsm8k_00759,1,60000.0,60000.0,boxed,123,1
acc2_keep10752,gsm8k,gsm8k_00620,1,1509.0,1509.0,boxed,306,1
acc2_keep10752,gsm8k,gsm8k_00758,1,133.0,133.0,boxed,75,1
acc2_keep10752,gsm8k,gsm8k_00978,1,160.0,160.0,boxed,220,1
acc2_keep10752,gsm8k,gsm8k_00563,1,12.0,12.0,boxed,94,1
acc2_keep10752,gsm8k,gsm8k_00782,0,6.0,54.0,last-number,1024,0
acc2_keep10752,gsm8k,gsm8k_00901,0,2.0,1.0,last-number,1024,0
acc2_keep10752,gsm8k,gsm8k_00167,1,16.0,16.0,boxed,241,1
acc2_keep10752,gsm8k,gsm8k_01267,1,40.0,40.0,boxed,269,1
acc2_keep10752,gsm8k,gsm8k_01237,1,78.0,78.0,boxed,292,1
acc2_keep10752,gsm8k,gsm8k_01014,1,3.0,3.0,boxed,257,1
acc2_keep10752,gsm8k,gsm8k_00584,1,2.0,2.0,boxed,225,1
acc2_keep10752,gsm8k,gsm8k_00333,1,100.0,100.0,boxed,223,1
acc2_keep10752,gsm8k,gsm8k_00545,1,30.0,30.0,boxed,148,1
acc2_keep10752,gsm8k,gsm8k_00850,1,70.0,70.0,boxed,184,1
acc2_keep10752,gsm8k,gsm8k_01007,1,34.0,34.0,boxed,229,1
acc2_keep10752,gsm8k,gsm8k_00400,1,48.0,48.0,boxed,111,1
acc2_keep10752,gsm8k,gsm8k_00975,1,20.0,20.0,boxed,296,1
acc2_keep10752,gsm8k,gsm8k_01232,1,15.0,15.0,boxed,146,1
acc2_keep10752,gsm8k,gsm8k_01317,1,5.0,5.0,boxed,279,1
acc2_keep10752,gsm8k,gsm8k_00225,1,9.0,9.0,boxed,200,1
acc2_keep10752,gsm8k,gsm8k_00791,1,100.0,100.0,boxed,280,1
acc2_keep10752,gsm8k,gsm8k_00693,0,58.0,68.0,boxed,210,1
acc2_keep10752,gsm8k,gsm8k_00236,0,30.0,31.0,boxed,564,1
acc2_keep10752,gsm8k,gsm8k_00683,1,50.0,50.0,boxed,406,1
acc2_keep10752,gsm8k,gsm8k_00720,1,4.0,4.0,boxed,182,1
acc2_keep10752,gsm8k,gsm8k_01000,0,3.0,1.0,boxed,425,1
acc2_keep10752,gsm8k,gsm8k_00895,1,74.0,74.0,boxed,232,1
acc2_keep10752,gsm8k,gsm8k_00254,1,84.0,84.0,boxed,211,1
acc2_keep10752,gsm8k,gsm8k_00809,1,50.0,50.0,boxed,140,1
acc2_keep10752,gsm8k,gsm8k_00326,1,14.0,14.0,boxed,192,1
acc2_keep10752,gsm8k,gsm8k_00772,1,50.0,50.0,boxed,213,1
acc2_keep10752,gsm8k,gsm8k_00435,1,5.0,5.0,boxed,84,1
acc2_keep10752,gsm8k,gsm8k_01021,1,36.0,36.0,boxed,332,1
acc2_keep10752,gsm8k,gsm8k_00491,1,16.0,16.0,boxed,182,1
acc2_keep10752,gsm8k,gsm8k_00622,1,7.0,7.0,boxed,233,1
acc2_keep10752,gsm8k,gsm8k_00681,1,298.0,298.0,boxed,340,1
acc2_keep10752,gsm8k,gsm8k_00260,1,11.0,11.0,boxed,144,1
acc2_keep10752,gsm8k,gsm8k_00237,1,90.0,90.0,boxed,80,1
acc2_keep10752,gsm8k,gsm8k_01137,1,68.0,68.0,boxed,281,1
acc2_keep10752,gsm8k,gsm8k_01048,0,12482.0,7400.0,boxed,288,1
acc2_keep10752,gsm8k,gsm8k_00057,1,83.0,83.0,boxed,241,1
acc2_keep10752,gsm8k,gsm8k_00228,1,1.0,1.0,boxed,225,1
acc2_keep10752,gsm8k,gsm8k_00434,0,75.0,5.0,last-number,1024,0
acc2_keep10752,gsm8k,gsm8k_00424,1,570.0,570.0,boxed,163,1
acc2_keep10752,gsm8k,gsm8k_01206,1,40000.0,40000.0,boxed,111,1
acc2_keep10752,gsm8k,gsm8k_00007,0,120.0,160.0,boxed,764,1
acc2_keep10752,gsm8k,gsm8k_00493,1,25.0,25.0,boxed,760,1
acc2_keep10752,gsm8k,gsm8k_01047,1,10.0,10.0,boxed,306,1
acc2_keep10752,gsm8k,gsm8k_00642,1,10800.0,10800.0,boxed,229,1
acc2_keep10752,gsm8k,gsm8k_00740,1,25.0,25.0,boxed,257,1
acc2_keep10752,gsm8k,gsm8k_00796,0,3120000.0,2880000.0,boxed,139,1
acc2_keep10752,gsm8k,gsm8k_00829,0,4000.0,14000.0,boxed,293,1
acc2_keep10752,gsm8k,gsm8k_00729,1,1000.0,1000.0,boxed,400,1
acc2_keep10752,gsm8k,gsm8k_00421,1,12.0,12.0,boxed,145,1
acc2_keep10752,gsm8k,gsm8k_00779,1,255.0,255.0,boxed,783,1
acc2_keep10752,gsm8k,gsm8k_00328,1,2.0,2.0,boxed,199,1
acc2_keep10752,gsm8k,gsm8k_01117,1,9.0,9.0,boxed,348,1
acc2_keep10752,gsm8k,gsm8k_01310,1,64.0,64.0,boxed,632,1
acc2_keep10752,gsm8k,gsm8k_00963,1,147.0,147.0,boxed,340,1
acc2_keep10752,gsm8k,gsm8k_01159,1,50.0,50.0,boxed,284,1
acc2_keep11520,gsm8k,gsm8k_00657,1,330000.0,330000.0,boxed,236,1
acc2_keep11520,gsm8k,gsm8k_00330,1,31.0,31.0,boxed,226,1
acc2_keep11520,gsm8k,gsm8k_01089,1,32.0,32.0,boxed,187,1
acc2_keep11520,gsm8k,gsm8k_00041,0,1000.0,200.0,last-number,1024,0
acc2_keep11520,gsm8k,gsm8k_01207,1,64.0,64.0,boxed,123,1
acc2_keep11520,gsm8k,gsm8k_00294,1,3.0,3.0,boxed,168,1
acc2_keep11520,gsm8k,gsm8k_00399,1,12.0,12.0,boxed,189,1
acc2_keep11520,gsm8k,gsm8k_00345,1,310.0,310.0,boxed,120,1
acc2_keep11520,gsm8k,gsm8k_00580,1,500.0,500.0,boxed,403,1
acc2_keep11520,gsm8k,gsm8k_00139,1,70.0,70.0,boxed,172,1
acc2_keep11520,gsm8k,gsm8k_00863,1,110.0,110.0,boxed,221,1
acc2_keep11520,gsm8k,gsm8k_00381,1,67.0,67.0,boxed,181,1
acc2_keep11520,gsm8k,gsm8k_00908,1,14.0,14.0,boxed,152,1
acc2_keep11520,gsm8k,gsm8k_00603,0,1260.0,1800.0,boxed,275,1
acc2_keep11520,gsm8k,gsm8k_01039,1,160.0,160.0,boxed,232,1
acc2_keep11520,gsm8k,gsm8k_01101,1,16.0,16.0,boxed,236,1
acc2_keep11520,gsm8k,gsm8k_00058,1,57.0,57.0,boxed,172,1
acc2_keep11520,gsm8k,gsm8k_00355,1,34.0,34.0,boxed,177,1
acc2_keep11520,gsm8k,gsm8k_01255,1,12.0,12.0,boxed,189,1
acc2_keep11520,gsm8k,gsm8k_00407,1,2000.0,2000.0,boxed,302,1
acc2_keep11520,gsm8k,gsm8k_00666,1,120.0,120.0,boxed,289,1
acc2_keep11520,gsm8k,gsm8k_00107,1,3.0,3.0,boxed,953,1
acc2_keep11520,gsm8k,gsm8k_00934,1,410.0,410.0,boxed,192,1
acc2_keep11520,gsm8k,gsm8k_00325,1,224000.0,224000.0,boxed,397,1
acc2_keep11520,gsm8k,gsm8k_00641,0,372000.0,262500.0,boxed,188,1
acc2_keep11520,gsm8k,gsm8k_00101,1,6.0,6.0,boxed,149,1
acc2_keep11520,gsm8k,gsm8k_00147,1,75.0,75.0,boxed,318,1
acc2_keep11520,gsm8k,gsm8k_00048,1,8.0,8.0,boxed,116,1
acc2_keep11520,gsm8k,gsm8k_00324,1,14.0,14.0,boxed,296,1
acc2_keep11520,gsm8k,gsm8k_00030,1,109.0,109.0,boxed,340,1
acc2_keep11520,gsm8k,gsm8k_00715,1,385000.0,385000.0,boxed,194,1
acc2_keep11520,gsm8k,gsm8k_00127,1,120.0,120.0,boxed,158,1
acc2_keep11520,gsm8k,gsm8k_01305,1,2325.0,2325.0,boxed,183,1
acc2_keep11520,gsm8k,gsm8k_00788,1,100.0,100.0,boxed,144,1
acc2_keep11520,gsm8k,gsm8k_00578,0,16.0,48.0,last-number,1024,0
acc2_keep11520,gsm8k,gsm8k_00952,0,1560.0,360.0,boxed,200,1
acc2_keep11520,gsm8k,gsm8k_01143,1,300.0,300.0,boxed,112,1
acc2_keep11520,gsm8k,gsm8k_01019,1,98.0,98.0,boxed,152,1
acc2_keep11520,gsm8k,gsm8k_00778,1,38.0,38.0,boxed,124,1
acc2_keep11520,gsm8k,gsm8k_01184,1,306.0,306.0,boxed,121,1
acc2_keep11520,gsm8k,gsm8k_00694,1,9.0,9.0,boxed,261,1
acc2_keep11520,gsm8k,gsm8k_00536,1,8.0,8.0,boxed,133,1
acc2_keep11520,gsm8k,gsm8k_01085,1,26.0,26.0,boxed,157,1
acc2_keep11520,gsm8k,gsm8k_00358,1,20.0,20.0,boxed,160,1
acc2_keep11520,gsm8k,gsm8k_00406,0,160.0,200.0,boxed,347,1
acc2_keep11520,gsm8k,gsm8k_01128,0,7.0,9.0,boxed,143,1
acc2_keep11520,gsm8k,gsm8k_00833,1,40.0,40.0,boxed,371,1
acc2_keep11520,gsm8k,gsm8k_00566,1,10.0,10.0,boxed,174,1
acc2_keep11520,gsm8k,gsm8k_00067,1,595.0,595.0,boxed,253,1
acc2_keep11520,gsm8k,gsm8k_01029,1,34.0,34.0,last-number,1024,0
acc2_keep11520,gsm8k,gsm8k_00957,1,45.0,45.0,boxed,190,1
acc2_keep11520,gsm8k,gsm8k_00941,1,842.0,842.0,boxed,238,1
acc2_keep11520,gsm8k,gsm8k_00859,1,1520.0,1520.0,boxed,202,1
acc2_keep11520,gsm8k,gsm8k_00736,1,3.0,3.0,boxed,204,1
acc2_keep11520,gsm8k,gsm8k_00528,1,172.0,172.0,boxed,363,1
acc2_keep11520,gsm8k,gsm8k_00965,1,374.0,374.0,boxed,377,1
acc2_keep11520,gsm8k,gsm8k_00716,1,770.0,770.0,boxed,129,1
acc2_keep11520,gsm8k,gsm8k_00104,1,500.0,500.0,boxed,169,1
acc2_keep11520,gsm8k,gsm8k_01181,1,20.0,20.0,boxed,304,1
acc2_keep11520,gsm8k,gsm8k_00100,1,175.0,175.0,boxed,280,1
acc2_keep11520,gsm8k,gsm8k_00547,1,81.0,81.0,boxed,313,1
acc2_keep11520,gsm8k,gsm8k_00469,1,4.0,4.0,boxed,108,1
acc2_keep11520,gsm8k,gsm8k_01271,1,43.0,43.0,boxed,239,1
acc2_keep11520,gsm8k,gsm8k_00597,1,90.0,90.0,boxed,192,1
acc2_keep11520,gsm8k,gsm8k_00515,0,288.0,160.0,boxed,164,1
acc2_keep11520,gsm8k,gsm8k_01221,1,10.0,10.0,boxed,227,1
acc2_keep11520,gsm8k,gsm8k_00701,1,200.0,200.0,boxed,227,1
acc2_keep11520,gsm8k,gsm8k_00409,1,168000.0,168000.0,boxed,298,1
acc2_keep11520,gsm8k,gsm8k_00017,1,57500.0,57500.0,boxed,177,1
acc2_keep11520,gsm8k,gsm8k_00009,1,460.0,460.0,boxed,305,1
acc2_keep11520,gsm8k,gsm8k_00433,1,6.0,6.0,boxed,135,1
acc2_keep11520,gsm8k,gsm8k_01009,1,1875.0,1875.0,boxed,528,1
acc2_keep11520,gsm8k,gsm8k_00195,1,12.0,12.0,boxed,273,1
acc2_keep11520,gsm8k,gsm8k_00911,1,64.0,64.0,boxed,166,1
acc2_keep11520,gsm8k,gsm8k_00375,1,48.0,48.0,boxed,121,1
acc2_keep11520,gsm8k,gsm8k_00077,1,100.0,100.0,boxed,278,1
acc2_keep11520,gsm8k,gsm8k_00962,0,600.0,1000.0,boxed,145,1
acc2_keep11520,gsm8k,gsm8k_01025,1,30.0,30.0,boxed,99,1
acc2_keep11520,gsm8k,gsm8k_00393,1,20.0,20.0,boxed,217,1
acc2_keep11520,gsm8k,gsm8k_01026,1,43200.0,43200.0,boxed,373,1
acc2_keep11520,gsm8k,gsm8k_00214,1,8.0,8.0,boxed,256,1
acc2_keep11520,gsm8k,gsm8k_01031,1,5.0,5.0,boxed,176,1
acc2_keep11520,gsm8k,gsm8k_00480,1,11.0,11.0,boxed,211,1
acc2_keep11520,gsm8k,gsm8k_01055,1,2304.0,2304.0,boxed,149,1
acc2_keep11520,gsm8k,gsm8k_00378,1,15.0,15.0,boxed,100,1
acc2_keep11520,gsm8k,gsm8k_01028,1,200.0,200.0,boxed,138,1
acc2_keep11520,gsm8k,gsm8k_00234,0,14.0,21.0,boxed,222,1
acc2_keep11520,gsm8k,gsm8k_00201,1,114200.0,114200.0,boxed,212,1
acc2_keep11520,gsm8k,gsm8k_00831,1,324.0,324.0,boxed,323,1
acc2_keep11520,gsm8k,gsm8k_01202,0,13.0,19.0,boxed,191,1
acc2_keep11520,gsm8k,gsm8k_01043,1,130000.0,130000.0,boxed,159,1
acc2_keep11520,gsm8k,gsm8k_00610,1,65960.0,65960.0,boxed,241,1
acc2_keep11520,gsm8k,gsm8k_01130,1,25.0,25.0,boxed,293,1
acc2_keep11520,gsm8k,gsm8k_00996,1,3.0,3.0,boxed,244,1
acc2_keep11520,gsm8k,gsm8k_01140,1,27.0,27.0,boxed,370,1
acc2_keep11520,gsm8k,gsm8k_00163,1,50.0,50.0,boxed,237,1
acc2_keep11520,gsm8k,gsm8k_00672,1,2.0,2.0,boxed,1017,1
acc2_keep11520,gsm8k,gsm8k_01311,1,594.0,594.0,boxed,120,1
acc2_keep11520,gsm8k,gsm8k_00670,1,4.0,4.0,boxed,126,1
acc2_keep11520,gsm8k,gsm8k_00909,1,38.0,38.0,boxed,266,1
acc2_keep11520,gsm8k,gsm8k_00595,1,13.0,13.0,boxed,156,1
acc2_keep11520,gsm8k,gsm8k_01190,1,19.0,19.0,boxed,317,1
acc2_keep11520,gsm8k,gsm8k_00554,1,54.0,54.0,boxed,301,1
acc2_keep11520,gsm8k,gsm8k_01178,1,17.0,17.0,boxed,146,1
acc2_keep11520,gsm8k,gsm8k_01197,1,2400.0,2400.0,boxed,245,1
acc2_keep11520,gsm8k,gsm8k_00852,1,123.0,123.0,boxed,225,1
acc2_keep11520,gsm8k,gsm8k_00142,1,140.0,140.0,boxed,184,1
acc2_keep11520,gsm8k,gsm8k_00636,1,1050.0,1050.0,boxed,200,1
acc2_keep11520,gsm8k,gsm8k_00044,1,20.0,20.0,boxed,223,1
acc2_keep11520,gsm8k,gsm8k_01230,1,440.0,440.0,boxed,221,1
acc2_keep11520,gsm8k,gsm8k_00539,0,40.0,35.0,boxed,103,1
acc2_keep11520,gsm8k,gsm8k_01177,1,17.0,17.0,boxed,224,1
acc2_keep11520,gsm8k,gsm8k_01241,1,8.0,8.0,boxed,199,1
acc2_keep11520,gsm8k,gsm8k_00669,1,132.0,132.0,boxed,239,1
acc2_keep11520,gsm8k,gsm8k_00949,1,42.0,42.0,boxed,224,1
acc2_keep11520,gsm8k,gsm8k_01183,1,11.0,11.0,boxed,404,1
acc2_keep11520,gsm8k,gsm8k_00347,1,36.0,36.0,boxed,112,1
acc2_keep11520,gsm8k,gsm8k_00461,1,9.0,9.0,boxed,222,1
acc2_keep11520,gsm8k,gsm8k_00173,1,18000.0,18000.0,boxed,257,1
acc2_keep11520,gsm8k,gsm8k_00549,1,398.0,398.0,boxed,151,1
acc2_keep11520,gsm8k,gsm8k_00474,1,80.0,80.0,boxed,156,1
acc2_keep11520,gsm8k,gsm8k_01258,0,20.0,60.0,boxed,507,1
acc2_keep11520,gsm8k,gsm8k_00504,1,2.0,2.0,boxed,182,1
acc2_keep11520,gsm8k,gsm8k_00233,1,12.0,12.0,boxed,146,1
acc2_keep11520,gsm8k,gsm8k_01041,1,101.0,101.0,boxed,102,1
acc2_keep11520,gsm8k,gsm8k_00187,1,106.0,106.0,boxed,301,1
acc2_keep11520,gsm8k,gsm8k_01227,0,5.0,66.0,last-number,1024,0
acc2_keep11520,gsm8k,gsm8k_01108,1,38.0,38.0,boxed,68,1
acc2_keep11520,gsm8k,gsm8k_00828,1,60.0,60.0,boxed,132,1
acc2_keep11520,gsm8k,gsm8k_01116,1,60.0,60.0,boxed,202,1
acc2_keep11520,gsm8k,gsm8k_00451,1,11050.0,11050.0,boxed,269,1
acc2_keep11520,gsm8k,gsm8k_00080,1,10.0,10.0,boxed,165,1
acc2_keep11520,gsm8k,gsm8k_00191,1,5.0,5.0,boxed,108,1
acc2_keep11520,gsm8k,gsm8k_00458,1,35.0,35.0,boxed,189,1
acc2_keep11520,gsm8k,gsm8k_00307,1,16.0,16.0,boxed,817,1
acc2_keep11520,gsm8k,gsm8k_00069,1,60.0,60.0,boxed,183,1
acc2_keep11520,gsm8k,gsm8k_00590,0,326.0,319.0,boxed,173,1
acc2_keep11520,gsm8k,gsm8k_01153,1,20.0,20.0,boxed,226,1
acc2_keep11520,gsm8k,gsm8k_00472,1,6.0,6.0,boxed,213,1
acc2_keep11520,gsm8k,gsm8k_00990,0,-14.0,14.0,boxed,338,1
acc2_keep11520,gsm8k,gsm8k_00252,1,73.0,73.0,boxed,309,1
acc2_keep11520,gsm8k,gsm8k_00005,1,64.0,64.0,boxed,194,1
acc2_keep11520,gsm8k,gsm8k_01215,1,36.0,36.0,boxed,257,1
acc2_keep11520,gsm8k,gsm8k_00808,1,12.0,12.0,boxed,271,1
acc2_keep11520,gsm8k,gsm8k_01054,1,2400.0,2400.0,boxed,148,1
acc2_keep11520,gsm8k,gsm8k_01226,1,90.0,90.0,boxed,174,1
acc2_keep11520,gsm8k,gsm8k_01044,1,1.0,1.0,boxed,182,1
acc2_keep11520,gsm8k,gsm8k_00428,1,26.0,26.0,boxed,449,1
acc2_keep11520,gsm8k,gsm8k_00008,1,45.0,45.0,last-number,1024,0
acc2_keep11520,gsm8k,gsm8k_00151,1,5.0,5.0,boxed,247,1
acc2_keep11520,gsm8k,gsm8k_01033,0,14.5,2.0,boxed,179,1
acc2_keep11520,gsm8k,gsm8k_01003,1,480.0,480.0,boxed,227,1
acc2_keep11520,gsm8k,gsm8k_00483,1,40.0,40.0,boxed,230,1
acc2_keep11520,gsm8k,gsm8k_00792,1,75.0,75.0,boxed,109,1
acc2_keep11520,gsm8k,gsm8k_00531,1,66.0,66.0,boxed,284,1
acc2_keep11520,gsm8k,gsm8k_00210,1,10.0,10.0,boxed,408,1
acc2_keep11520,gsm8k,gsm8k_00956,1,1.0,1.0,boxed,191,1
acc2_keep11520,gsm8k,gsm8k_01279,1,180.0,180.0,boxed,185,1
acc2_keep11520,gsm8k,gsm8k_00538,0,28.0,18.0,boxed,106,1
acc2_keep11520,gsm8k,gsm8k_01030,0,0.16,24.0,last-number,1024,0
acc2_keep11520,gsm8k,gsm8k_00178,1,122.0,122.0,boxed,242,1
acc2_keep11520,gsm8k,gsm8k_00799,1,4.0,4.0,boxed,148,1
acc2_keep11520,gsm8k,gsm8k_01060,1,31.0,31.0,boxed,512,1
acc2_keep11520,gsm8k,gsm8k_00767,1,60.0,60.0,boxed,133,1
acc2_keep11520,gsm8k,gsm8k_01231,0,9.0,70.0,last-number,1024,0
acc2_keep11520,gsm8k,gsm8k_00626,1,72.0,72.0,boxed,237,1
acc2_keep11520,gsm8k,gsm8k_01285,1,1218.0,1218.0,boxed,150,1
acc2_keep11520,gsm8k,gsm8k_00045,1,104.0,104.0,boxed,344,1
acc2_keep11520,gsm8k,gsm8k_01040,1,736.0,736.0,boxed,274,1
acc2_keep11520,gsm8k,gsm8k_00416,1,56.0,56.0,boxed,282,1
acc2_keep11520,gsm8k,gsm8k_00196,1,120.0,120.0,boxed,131,1
acc2_keep11520,gsm8k,gsm8k_00818,1,16.0,16.0,boxed,206,1
acc2_keep11520,gsm8k,gsm8k_00609,1,7.0,7.0,boxed,159,1
acc2_keep11520,gsm8k,gsm8k_00226,1,33.0,33.0,boxed,200,1
acc2_keep11520,gsm8k,gsm8k_00028,1,25.0,25.0,boxed,378,1
acc2_keep11520,gsm8k,gsm8k_00157,0,1220.0,80.0,boxed,237,1
acc2_keep11520,gsm8k,gsm8k_01201,1,42.0,42.0,boxed,211,1
acc2_keep11520,gsm8k,gsm8k_00565,1,5.0,5.0,boxed,150,1
acc2_keep11520,gsm8k,gsm8k_00989,0,90.0,45.0,last-number,1024,0
acc2_keep11520,gsm8k,gsm8k_01103,1,90.0,90.0,boxed,246,1
acc2_keep11520,gsm8k,gsm8k_00614,1,312.0,312.0,boxed,122,1
acc2_keep11520,gsm8k,gsm8k_01146,1,16.0,16.0,boxed,185,1
acc2_keep11520,gsm8k,gsm8k_00091,1,28.0,28.0,boxed,210,1
acc2_keep11520,gsm8k,gsm8k_01272,1,296.0,296.0,boxed,285,1
acc2_keep11520,gsm8k,gsm8k_01127,1,750.0,750.0,boxed,308,1
acc2_keep11520,gsm8k,gsm8k_00572,1,100.0,100.0,boxed,160,1
acc2_keep11520,gsm8k,gsm8k_00664,1,32.0,32.0,boxed,150,1
acc2_keep11520,gsm8k,gsm8k_01242,1,20.0,20.0,boxed,210,1
acc2_keep11520,gsm8k,gsm8k_00735,1,50.0,50.0,boxed,212,1
acc2_keep11520,gsm8k,gsm8k_00759,1,60000.0,60000.0,boxed,122,1
acc2_keep11520,gsm8k,gsm8k_00620,1,1509.0,1509.0,boxed,213,1
acc2_keep11520,gsm8k,gsm8k_00758,1,133.0,133.0,boxed,73,1
acc2_keep11520,gsm8k,gsm8k_00978,1,160.0,160.0,boxed,93,1
acc2_keep11520,gsm8k,gsm8k_00563,1,12.0,12.0,boxed,94,1
acc2_keep11520,gsm8k,gsm8k_00782,0,27.0,54.0,boxed,994,1
acc2_keep11520,gsm8k,gsm8k_00901,1,1.0,1.0,boxed,705,1
acc2_keep11520,gsm8k,gsm8k_00167,1,16.0,16.0,boxed,238,1
acc2_keep11520,gsm8k,gsm8k_01267,1,40.0,40.0,boxed,172,1
acc2_keep11520,gsm8k,gsm8k_01237,1,78.0,78.0,boxed,180,1
acc2_keep11520,gsm8k,gsm8k_01014,1,3.0,3.0,boxed,247,1
acc2_keep11520,gsm8k,gsm8k_00584,1,2.0,2.0,boxed,245,1
acc2_keep11520,gsm8k,gsm8k_00333,1,100.0,100.0,boxed,187,1
acc2_keep11520,gsm8k,gsm8k_00545,1,30.0,30.0,boxed,117,1
acc2_keep11520,gsm8k,gsm8k_00850,1,70.0,70.0,boxed,212,1
acc2_keep11520,gsm8k,gsm8k_01007,1,34.0,34.0,boxed,242,1
acc2_keep11520,gsm8k,gsm8k_00400,1,48.0,48.0,boxed,106,1
acc2_keep11520,gsm8k,gsm8k_00975,1,20.0,20.0,boxed,305,1
acc2_keep11520,gsm8k,gsm8k_01232,1,15.0,15.0,boxed,169,1
acc2_keep11520,gsm8k,gsm8k_01317,1,5.0,5.0,boxed,272,1
acc2_keep11520,gsm8k,gsm8k_00225,1,9.0,9.0,boxed,172,1
acc2_keep11520,gsm8k,gsm8k_00791,1,100.0,100.0,boxed,143,1
acc2_keep11520,gsm8k,gsm8k_00693,0,58.0,68.0,boxed,210,1
acc2_keep11520,gsm8k,gsm8k_00236,0,30.0,31.0,boxed,387,1
acc2_keep11520,gsm8k,gsm8k_00683,1,50.0,50.0,boxed,396,1
acc2_keep11520,gsm8k,gsm8k_00720,1,4.0,4.0,boxed,204,1
acc2_keep11520,gsm8k,gsm8k_01000,1,1.0,1.0,boxed,258,1
acc2_keep11520,gsm8k,gsm8k_00895,1,74.0,74.0,boxed,181,1
acc2_keep11520,gsm8k,gsm8k_00254,1,84.0,84.0,boxed,211,1
acc2_keep11520,gsm8k,gsm8k_00809,1,50.0,50.0,boxed,225,1
acc2_keep11520,gsm8k,gsm8k_00326,1,14.0,14.0,boxed,172,1
acc2_keep11520,gsm8k,gsm8k_00772,1,50.0,50.0,boxed,275,1
acc2_keep11520,gsm8k,gsm8k_00435,1,5.0,5.0,boxed,86,1
acc2_keep11520,gsm8k,gsm8k_01021,1,36.0,36.0,boxed,274,1
acc2_keep11520,gsm8k,gsm8k_00491,1,16.0,16.0,boxed,108,1
acc2_keep11520,gsm8k,gsm8k_00622,0,3.0,7.0,boxed,838,1
acc2_keep11520,gsm8k,gsm8k_00681,1,298.0,298.0,boxed,369,1
acc2_keep11520,gsm8k,gsm8k_00260,1,11.0,11.0,boxed,145,1
acc2_keep11520,gsm8k,gsm8k_00237,1,90.0,90.0,boxed,100,1
acc2_keep11520,gsm8k,gsm8k_01137,1,68.0,68.0,boxed,234,1
acc2_keep11520,gsm8k,gsm8k_01048,0,9861.0,7400.0,boxed,465,1
acc2_keep11520,gsm8k,gsm8k_00057,1,83.0,83.0,boxed,209,1
acc2_keep11520,gsm8k,gsm8k_00228,1,1.0,1.0,boxed,233,1
acc2_keep11520,gsm8k,gsm8k_00434,0,3.8,5.0,last-number,1024,0
acc2_keep11520,gsm8k,gsm8k_00424,1,570.0,570.0,boxed,162,1
acc2_keep11520,gsm8k,gsm8k_01206,1,40000.0,40000.0,boxed,111,1
acc2_keep11520,gsm8k,gsm8k_00007,0,120.0,160.0,boxed,476,1
acc2_keep11520,gsm8k,gsm8k_00493,0,75.0,25.0,boxed,187,1
acc2_keep11520,gsm8k,gsm8k_01047,0,14.0,10.0,last-number,1024,0
acc2_keep11520,gsm8k,gsm8k_00642,1,10800.0,10800.0,boxed,275,1
acc2_keep11520,gsm8k,gsm8k_00740,1,25.0,25.0,boxed,286,1
acc2_keep11520,gsm8k,gsm8k_00796,0,3120000.0,2880000.0,boxed,139,1
acc2_keep11520,gsm8k,gsm8k_00829,1,14000.0,14000.0,boxed,323,1
acc2_keep11520,gsm8k,gsm8k_00729,1,1000.0,1000.0,boxed,400,1
acc2_keep11520,gsm8k,gsm8k_00421,1,12.0,12.0,boxed,149,1
acc2_keep11520,gsm8k,gsm8k_00779,1,255.0,255.0,boxed,744,1
acc2_keep11520,gsm8k,gsm8k_00328,1,2.0,2.0,boxed,226,1
acc2_keep11520,gsm8k,gsm8k_01117,1,9.0,9.0,boxed,166,1
acc2_keep11520,gsm8k,gsm8k_01310,1,64.0,64.0,boxed,659,1
acc2_keep11520,gsm8k,gsm8k_00963,1,147.0,147.0,boxed,340,1
acc2_keep11520,gsm8k,gsm8k_01159,1,50.0,50.0,boxed,262,1
acc2_keep12288,gsm8k,gsm8k_00657,1,330000.0,330000.0,boxed,249,1
acc2_keep12288,gsm8k,gsm8k_00330,1,31.0,31.0,boxed,181,1
acc2_keep12288,gsm8k,gsm8k_01089,1,32.0,32.0,boxed,202,1
acc2_keep12288,gsm8k,gsm8k_00041,0,1000.0,200.0,last-number,1024,0
acc2_keep12288,gsm8k,gsm8k_01207,1,64.0,64.0,boxed,115,1
acc2_keep12288,gsm8k,gsm8k_00294,1,3.0,3.0,boxed,176,1
acc2_keep12288,gsm8k,gsm8k_00399,1,12.0,12.0,boxed,206,1
acc2_keep12288,gsm8k,gsm8k_00345,1,310.0,310.0,boxed,140,1
acc2_keep12288,gsm8k,gsm8k_00580,1,500.0,500.0,boxed,359,1
acc2_keep12288,gsm8k,gsm8k_00139,1,70.0,70.0,boxed,172,1
acc2_keep12288,gsm8k,gsm8k_00863,1,110.0,110.0,boxed,214,1
acc2_keep12288,gsm8k,gsm8k_00381,1,67.0,67.0,boxed,169,1
acc2_keep12288,gsm8k,gsm8k_00908,1,14.0,14.0,boxed,145,1
acc2_keep12288,gsm8k,gsm8k_00603,0,990.0,1800.0,boxed,334,1
acc2_keep12288,gsm8k,gsm8k_01039,1,160.0,160.0,boxed,214,1
acc2_keep12288,gsm8k,gsm8k_01101,1,16.0,16.0,boxed,236,1
acc2_keep12288,gsm8k,gsm8k_00058,1,57.0,57.0,boxed,183,1
acc2_keep12288,gsm8k,gsm8k_00355,1,34.0,34.0,boxed,178,1
acc2_keep12288,gsm8k,gsm8k_01255,1,12.0,12.0,boxed,183,1
acc2_keep12288,gsm8k,gsm8k_00407,1,2000.0,2000.0,boxed,382,1
acc2_keep12288,gsm8k,gsm8k_00666,1,120.0,120.0,boxed,315,1
acc2_keep12288,gsm8k,gsm8k_00107,1,3.0,3.0,boxed,416,1
acc2_keep12288,gsm8k,gsm8k_00934,1,410.0,410.0,boxed,178,1
acc2_keep12288,gsm8k,gsm8k_00325,1,224000.0,224000.0,boxed,300,1
acc2_keep12288,gsm8k,gsm8k_00641,0,262000.0,262500.0,boxed,170,1
acc2_keep12288,gsm8k,gsm8k_00101,1,6.0,6.0,boxed,150,1
acc2_keep12288,gsm8k,gsm8k_00147,1,75.0,75.0,boxed,335,1
acc2_keep12288,gsm8k,gsm8k_00048,1,8.0,8.0,boxed,121,1
acc2_keep12288,gsm8k,gsm8k_00324,1,14.0,14.0,boxed,364,1
acc2_keep12288,gsm8k,gsm8k_00030,1,109.0,109.0,boxed,167,1
acc2_keep12288,gsm8k,gsm8k_00715,1,385000.0,385000.0,boxed,196,1
acc2_keep12288,gsm8k,gsm8k_00127,1,120.0,120.0,boxed,184,1
acc2_keep12288,gsm8k,gsm8k_01305,1,2325.0,2325.0,boxed,242,1
acc2_keep12288,gsm8k,gsm8k_00788,1,100.0,100.0,boxed,133,1
acc2_keep12288,gsm8k,gsm8k_00578,1,48.0,48.0,boxed,264,1
acc2_keep12288,gsm8k,gsm8k_00952,0,1560.0,360.0,boxed,185,1
acc2_keep12288,gsm8k,gsm8k_01143,1,300.0,300.0,boxed,143,1
acc2_keep12288,gsm8k,gsm8k_01019,1,98.0,98.0,boxed,372,1
acc2_keep12288,gsm8k,gsm8k_00778,1,38.0,38.0,boxed,214,1
acc2_keep12288,gsm8k,gsm8k_01184,1,306.0,306.0,boxed,120,1
acc2_keep12288,gsm8k,gsm8k_00694,1,9.0,9.0,boxed,205,1
acc2_keep12288,gsm8k,gsm8k_00536,1,8.0,8.0,boxed,133,1
acc2_keep12288,gsm8k,gsm8k_01085,1,26.0,26.0,boxed,190,1
acc2_keep12288,gsm8k,gsm8k_00358,1,20.0,20.0,boxed,200,1
acc2_keep12288,gsm8k,gsm8k_00406,0,140.0,200.0,boxed,239,1
acc2_keep12288,gsm8k,gsm8k_01128,0,7.0,9.0,boxed,143,1
acc2_keep12288,gsm8k,gsm8k_00833,1,40.0,40.0,boxed,349,1
acc2_keep12288,gsm8k,gsm8k_00566,1,10.0,10.0,boxed,194,1
acc2_keep12288,gsm8k,gsm8k_00067,1,595.0,595.0,boxed,230,1
acc2_keep12288,gsm8k,gsm8k_01029,1,34.0,34.0,boxed,469,1
acc2_keep12288,gsm8k,gsm8k_00957,1,45.0,45.0,boxed,226,1
acc2_keep12288,gsm8k,gsm8k_00941,1,842.0,842.0,boxed,218,1
acc2_keep12288,gsm8k,gsm8k_00859,1,1520.0,1520.0,boxed,207,1
acc2_keep12288,gsm8k,gsm8k_00736,1,3.0,3.0,boxed,209,1
acc2_keep12288,gsm8k,gsm8k_00528,1,172.0,172.0,boxed,386,1
acc2_keep12288,gsm8k,gsm8k_00965,0,-154.0,374.0,last-number,1024,0
acc2_keep12288,gsm8k,gsm8k_00716,1,770.0,770.0,boxed,142,1
acc2_keep12288,gsm8k,gsm8k_00104,1,500.0,500.0,boxed,167,1
acc2_keep12288,gsm8k,gsm8k_01181,1,20.0,20.0,boxed,434,1
acc2_keep12288,gsm8k,gsm8k_00100,1,175.0,175.0,boxed,283,1
acc2_keep12288,gsm8k,gsm8k_00547,1,81.0,81.0,boxed,313,1
acc2_keep12288,gsm8k,gsm8k_00469,1,4.0,4.0,boxed,156,1
acc2_keep12288,gsm8k,gsm8k_01271,1,43.0,43.0,boxed,342,1
acc2_keep12288,gsm8k,gsm8k_00597,1,90.0,90.0,boxed,240,1
acc2_keep12288,gsm8k,gsm8k_00515,1,160.0,160.0,boxed,143,1
acc2_keep12288,gsm8k,gsm8k_01221,1,10.0,10.0,boxed,237,1
acc2_keep12288,gsm8k,gsm8k_00701,1,200.0,200.0,boxed,216,1
acc2_keep12288,gsm8k,gsm8k_00409,0,42000.0,168000.0,boxed,379,1
acc2_keep12288,gsm8k,gsm8k_00017,1,57500.0,57500.0,boxed,196,1
acc2_keep12288,gsm8k,gsm8k_00009,1,460.0,460.0,boxed,197,1
acc2_keep12288,gsm8k,gsm8k_00433,0,3.0,6.0,boxed,141,1
acc2_keep12288,gsm8k,gsm8k_01009,1,1875.0,1875.0,boxed,500,1
acc2_keep12288,gsm8k,gsm8k_00195,1,12.0,12.0,boxed,266,1
acc2_keep12288,gsm8k,gsm8k_00911,1,64.0,64.0,boxed,142,1
acc2_keep12288,gsm8k,gsm8k_00375,1,48.0,48.0,boxed,113,1
acc2_keep12288,gsm8k,gsm8k_00077,1,100.0,100.0,boxed,260,1
acc2_keep12288,gsm8k,gsm8k_00962,0,600.0,1000.0,boxed,133,1
acc2_keep12288,gsm8k,gsm8k_01025,1,30.0,30.0,boxed,193,1
acc2_keep12288,gsm8k,gsm8k_00393,1,20.0,20.0,boxed,310,1
acc2_keep12288,gsm8k,gsm8k_01026,1,43200.0,43200.0,boxed,202,1
acc2_keep12288,gsm8k,gsm8k_00214,1,8.0,8.0,boxed,299,1
acc2_keep12288,gsm8k,gsm8k_01031,1,5.0,5.0,boxed,114,1
acc2_keep12288,gsm8k,gsm8k_00480,1,11.0,11.0,boxed,222,1
acc2_keep12288,gsm8k,gsm8k_01055,1,2304.0,2304.0,boxed,151,1
acc2_keep12288,gsm8k,gsm8k_00378,1,15.0,15.0,boxed,142,1
acc2_keep12288,gsm8k,gsm8k_01028,1,200.0,200.0,boxed,690,1
acc2_keep12288,gsm8k,gsm8k_00234,0,14.0,21.0,boxed,190,1
acc2_keep12288,gsm8k,gsm8k_00201,1,114200.0,114200.0,last-number,1024,0
acc2_keep12288,gsm8k,gsm8k_00831,1,324.0,324.0,boxed,263,1
acc2_keep12288,gsm8k,gsm8k_01202,1,19.0,19.0,boxed,185,1
acc2_keep12288,gsm8k,gsm8k_01043,1,130000.0,130000.0,boxed,137,1
acc2_keep12288,gsm8k,gsm8k_00610,1,65960.0,65960.0,boxed,247,1
acc2_keep12288,gsm8k,gsm8k_01130,1,25.0,25.0,boxed,276,1
acc2_keep12288,gsm8k,gsm8k_00996,1,3.0,3.0,boxed,285,1
acc2_keep12288,gsm8k,gsm8k_01140,1,27.0,27.0,boxed,704,1
acc2_keep12288,gsm8k,gsm8k_00163,1,50.0,50.0,boxed,277,1
acc2_keep12288,gsm8k,gsm8k_00672,1,2.0,2.0,boxed,843,1
acc2_keep12288,gsm8k,gsm8k_01311,1,594.0,594.0,boxed,126,1
acc2_keep12288,gsm8k,gsm8k_00670,1,4.0,4.0,boxed,111,1
acc2_keep12288,gsm8k,gsm8k_00909,1,38.0,38.0,boxed,263,1
acc2_keep12288,gsm8k,gsm8k_00595,1,13.0,13.0,boxed,142,1
acc2_keep12288,gsm8k,gsm8k_01190,1,19.0,19.0,boxed,311,1
acc2_keep12288,gsm8k,gsm8k_00554,1,54.0,54.0,boxed,279,1
acc2_keep12288,gsm8k,gsm8k_01178,1,17.0,17.0,boxed,148,1
acc2_keep12288,gsm8k,gsm8k_01197,1,2400.0,2400.0,boxed,246,1
acc2_keep12288,gsm8k,gsm8k_00852,1,123.0,123.0,boxed,227,1
acc2_keep12288,gsm8k,gsm8k_00142,1,140.0,140.0,boxed,119,1
acc2_keep12288,gsm8k,gsm8k_00636,1,1050.0,1050.0,boxed,207,1
acc2_keep12288,gsm8k,gsm8k_00044,1,20.0,20.0,boxed,215,1
acc2_keep12288,gsm8k,gsm8k_01230,1,440.0,440.0,boxed,208,1
acc2_keep12288,gsm8k,gsm8k_00539,0,60.0,35.0,boxed,113,1
acc2_keep12288,gsm8k,gsm8k_01177,1,17.0,17.0,boxed,226,1
acc2_keep12288,gsm8k,gsm8k_01241,1,8.0,8.0,boxed,215,1
acc2_keep12288,gsm8k,gsm8k_00669,1,132.0,132.0,boxed,224,1
acc2_keep12288,gsm8k,gsm8k_00949,1,42.0,42.0,boxed,264,1
acc2_keep12288,gsm8k,gsm8k_01183,0,6.0,11.0,boxed,217,1
acc2_keep12288,gsm8k,gsm8k_00347,1,36.0,36.0,boxed,106,1
acc2_keep12288,gsm8k,gsm8k_00461,1,9.0,9.0,boxed,216,1
acc2_keep12288,gsm8k,gsm8k_00173,1,18000.0,18000.0,boxed,236,1
acc2_keep12288,gsm8k,gsm8k_00549,1,398.0,398.0,boxed,185,1
acc2_keep12288,gsm8k,gsm8k_00474,1,80.0,80.0,boxed,164,1
acc2_keep12288,gsm8k,gsm8k_01258,0,20.0,60.0,boxed,812,1
acc2_keep12288,gsm8k,gsm8k_00504,1,2.0,2.0,boxed,287,1
acc2_keep12288,gsm8k,gsm8k_00233,1,12.0,12.0,boxed,205,1
acc2_keep12288,gsm8k,gsm8k_01041,1,101.0,101.0,boxed,169,1
acc2_keep12288,gsm8k,gsm8k_00187,0,106.12,106.0,boxed,374,1
acc2_keep12288,gsm8k,gsm8k_01227,0,5.0,66.0,boxed,419,1
acc2_keep12288,gsm8k,gsm8k_01108,1,38.0,38.0,boxed,53,1
acc2_keep12288,gsm8k,gsm8k_00828,1,60.0,60.0,boxed,134,1
acc2_keep12288,gsm8k,gsm8k_01116,1,60.0,60.0,boxed,240,1
acc2_keep12288,gsm8k,gsm8k_00451,1,11050.0,11050.0,boxed,266,1
acc2_keep12288,gsm8k,gsm8k_00080,1,10.0,10.0,boxed,141,1
acc2_keep12288,gsm8k,gsm8k_00191,1,5.0,5.0,boxed,99,1
acc2_keep12288,gsm8k,gsm8k_00458,1,35.0,35.0,boxed,187,1
acc2_keep12288,gsm8k,gsm8k_00307,1,16.0,16.0,boxed,357,1
acc2_keep12288,gsm8k,gsm8k_00069,1,60.0,60.0,boxed,175,1
acc2_keep12288,gsm8k,gsm8k_00590,0,326.0,319.0,boxed,225,1
acc2_keep12288,gsm8k,gsm8k_01153,1,20.0,20.0,boxed,263,1
acc2_keep12288,gsm8k,gsm8k_00472,1,6.0,6.0,boxed,238,1
acc2_keep12288,gsm8k,gsm8k_00990,1,14.0,14.0,boxed,412,1
acc2_keep12288,gsm8k,gsm8k_00252,1,73.0,73.0,boxed,289,1
acc2_keep12288,gsm8k,gsm8k_00005,1,64.0,64.0,boxed,413,1
acc2_keep12288,gsm8k,gsm8k_01215,1,36.0,36.0,boxed,305,1
acc2_keep12288,gsm8k,gsm8k_00808,1,12.0,12.0,boxed,277,1
acc2_keep12288,gsm8k,gsm8k_01054,1,2400.0,2400.0,boxed,153,1
acc2_keep12288,gsm8k,gsm8k_01226,1,90.0,90.0,boxed,161,1
acc2_keep12288,gsm8k,gsm8k_01044,1,1.0,1.0,boxed,181,1
acc2_keep12288,gsm8k,gsm8k_00428,0,2.0,26.0,last-number,1024,0
acc2_keep12288,gsm8k,gsm8k_00008,1,45.0,45.0,boxed,342,1
acc2_keep12288,gsm8k,gsm8k_00151,1,5.0,5.0,boxed,226,1
acc2_keep12288,gsm8k,gsm8k_01033,1,2.0,2.0,boxed,187,1
acc2_keep12288,gsm8k,gsm8k_01003,1,480.0,480.0,boxed,681,1
acc2_keep12288,gsm8k,gsm8k_00483,1,40.0,40.0,boxed,214,1
acc2_keep12288,gsm8k,gsm8k_00792,1,75.0,75.0,boxed,125,1
acc2_keep12288,gsm8k,gsm8k_00531,1,66.0,66.0,boxed,432,1
acc2_keep12288,gsm8k,gsm8k_00210,1,10.0,10.0,boxed,378,1
acc2_keep12288,gsm8k,gsm8k_00956,1,1.0,1.0,boxed,185,1
acc2_keep12288,gsm8k,gsm8k_01279,1,180.0,180.0,boxed,156,1
acc2_keep12288,gsm8k,gsm8k_00538,1,18.0,18.0,boxed,167,1
acc2_keep12288,gsm8k,gsm8k_01030,1,24.0,24.0,boxed,560,1
acc2_keep12288,gsm8k,gsm8k_00178,1,122.0,122.0,boxed,213,1
acc2_keep12288,gsm8k,gsm8k_00799,1,4.0,4.0,boxed,128,1
acc2_keep12288,gsm8k,gsm8k_01060,1,31.0,31.0,boxed,464,1
acc2_keep12288,gsm8k,gsm8k_00767,1,60.0,60.0,boxed,130,1
acc2_keep12288,gsm8k,gsm8k_01231,1,70.0,70.0,boxed,444,1
acc2_keep12288,gsm8k,gsm8k_00626,1,72.0,72.0,boxed,275,1
acc2_keep12288,gsm8k,gsm8k_01285,1,1218.0,1218.0,boxed,130,1
acc2_keep12288,gsm8k,gsm8k_00045,1,104.0,104.0,boxed,226,1
acc2_keep12288,gsm8k,gsm8k_01040,1,736.0,736.0,boxed,278,1
acc2_keep12288,gsm8k,gsm8k_00416,1,56.0,56.0,boxed,349,1
acc2_keep12288,gsm8k,gsm8k_00196,1,120.0,120.0,boxed,137,1
acc2_keep12288,gsm8k,gsm8k_00818,1,16.0,16.0,boxed,219,1
acc2_keep12288,gsm8k,gsm8k_00609,1,7.0,7.0,boxed,125,1
acc2_keep12288,gsm8k,gsm8k_00226,1,33.0,33.0,boxed,289,1
acc2_keep12288,gsm8k,gsm8k_00028,1,25.0,25.0,boxed,331,1
acc2_keep12288,gsm8k,gsm8k_00157,0,280.0,80.0,boxed,217,1
acc2_keep12288,gsm8k,gsm8k_01201,1,42.0,42.0,boxed,323,1
acc2_keep12288,gsm8k,gsm8k_00565,1,5.0,5.0,boxed,146,1
acc2_keep12288,gsm8k,gsm8k_00989,0,30.0,45.0,last-number,1024,0
acc2_keep12288,gsm8k,gsm8k_01103,1,90.0,90.0,boxed,364,1
acc2_keep12288,gsm8k,gsm8k_00614,1,312.0,312.0,boxed,186,1
acc2_keep12288,gsm8k,gsm8k_01146,1,16.0,16.0,boxed,154,1
acc2_keep12288,gsm8k,gsm8k_00091,1,28.0,28.0,boxed,234,1
acc2_keep12288,gsm8k,gsm8k_01272,1,296.0,296.0,boxed,186,1
acc2_keep12288,gsm8k,gsm8k_01127,1,750.0,750.0,boxed,251,1
acc2_keep12288,gsm8k,gsm8k_00572,1,100.0,100.0,boxed,177,1
acc2_keep12288,gsm8k,gsm8k_00664,1,32.0,32.0,boxed,222,1
acc2_keep12288,gsm8k,gsm8k_01242,1,20.0,20.0,boxed,215,1
acc2_keep12288,gsm8k,gsm8k_00735,1,50.0,50.0,boxed,233,1
acc2_keep12288,gsm8k,gsm8k_00759,1,60000.0,60000.0,boxed,136,1
acc2_keep12288,gsm8k,gsm8k_00620,1,1509.0,1509.0,boxed,212,1
acc2_keep12288,gsm8k,gsm8k_00758,1,133.0,133.0,boxed,85,1
acc2_keep12288,gsm8k,gsm8k_00978,1,160.0,160.0,boxed,176,1
acc2_keep12288,gsm8k,gsm8k_00563,1,12.0,12.0,boxed,188,1
acc2_keep12288,gsm8k,gsm8k_00782,0,27.0,54.0,boxed,450,1
acc2_keep12288,gsm8k,gsm8k_00901,0,2.0,1.0,boxed,299,1
acc2_keep12288,gsm8k,gsm8k_00167,1,16.0,16.0,boxed,272,1
acc2_keep12288,gsm8k,gsm8k_01267,1,40.0,40.0,boxed,440,1
acc2_keep12288,gsm8k,gsm8k_01237,1,78.0,78.0,boxed,195,1
acc2_keep12288,gsm8k,gsm8k_01014,1,3.0,3.0,boxed,261,1
acc2_keep12288,gsm8k,gsm8k_00584,0,1.0,2.0,boxed,323,1
acc2_keep12288,gsm8k,gsm8k_00333,1,100.0,100.0,boxed,181,1
acc2_keep12288,gsm8k,gsm8k_00545,1,30.0,30.0,boxed,107,1
acc2_keep12288,gsm8k,gsm8k_00850,1,70.0,70.0,boxed,227,1
acc2_keep12288,gsm8k,gsm8k_01007,1,34.0,34.0,boxed,225,1
acc2_keep12288,gsm8k,gsm8k_00400,1,48.0,48.0,boxed,119,1
acc2_keep12288,gsm8k,gsm8k_00975,1,20.0,20.0,boxed,286,1
acc2_keep12288,gsm8k,gsm8k_01232,1,15.0,15.0,boxed,176,1
acc2_keep12288,gsm8k,gsm8k_01317,1,5.0,5.0,boxed,307,1
acc2_keep12288,gsm8k,gsm8k_00225,1,9.0,9.0,boxed,210,1
acc2_keep12288,gsm8k,gsm8k_00791,1,100.0,100.0,boxed,140,1
acc2_keep12288,gsm8k,gsm8k_00693,1,68.0,68.0,boxed,300,1
acc2_keep12288,gsm8k,gsm8k_00236,0,30.0,31.0,boxed,292,1
acc2_keep12288,gsm8k,gsm8k_00683,1,50.0,50.0,boxed,220,1
acc2_keep12288,gsm8k,gsm8k_00720,1,4.0,4.0,boxed,158,1
acc2_keep12288,gsm8k,gsm8k_01000,1,1.0,1.0,boxed,223,1
acc2_keep12288,gsm8k,gsm8k_00895,1,74.0,74.0,boxed,193,1
acc2_keep12288,gsm8k,gsm8k_00254,1,84.0,84.0,boxed,207,1
acc2_keep12288,gsm8k,gsm8k_00809,0,150.0,50.0,boxed,192,1
acc2_keep12288,gsm8k,gsm8k_00326,1,14.0,14.0,boxed,184,1
acc2_keep12288,gsm8k,gsm8k_00772,1,50.0,50.0,boxed,223,1
acc2_keep12288,gsm8k,gsm8k_00435,1,5.0,5.0,boxed,86,1
acc2_keep12288,gsm8k,gsm8k_01021,1,36.0,36.0,boxed,326,1
acc2_keep12288,gsm8k,gsm8k_00491,1,16.0,16.0,boxed,110,1
acc2_keep12288,gsm8k,gsm8k_00622,1,7.0,7.0,boxed,265,1
acc2_keep12288,gsm8k,gsm8k_00681,1,298.0,298.0,boxed,443,1
acc2_keep12288,gsm8k,gsm8k_00260,1,11.0,11.0,boxed,188,1
acc2_keep12288,gsm8k,gsm8k_00237,1,90.0,90.0,boxed,86,1
acc2_keep12288,gsm8k,gsm8k_01137,1,68.0,68.0,boxed,261,1
acc2_keep12288,gsm8k,gsm8k_01048,0,9861.0,7400.0,boxed,626,1
acc2_keep12288,gsm8k,gsm8k_00057,1,83.0,83.0,boxed,232,1
acc2_keep12288,gsm8k,gsm8k_00228,1,1.0,1.0,boxed,226,1
acc2_keep12288,gsm8k,gsm8k_00434,0,0.9,5.0,last-number,1024,0
acc2_keep12288,gsm8k,gsm8k_00424,1,570.0,570.0,boxed,137,1
acc2_keep12288,gsm8k,gsm8k_01206,1,40000.0,40000.0,boxed,184,1
acc2_keep12288,gsm8k,gsm8k_00007,1,160.0,160.0,boxed,725,1
acc2_keep12288,gsm8k,gsm8k_00493,1,25.0,25.0,boxed,215,1
acc2_keep12288,gsm8k,gsm8k_01047,1,10.0,10.0,boxed,370,1
acc2_keep12288,gsm8k,gsm8k_00642,1,10800.0,10800.0,boxed,265,1
acc2_keep12288,gsm8k,gsm8k_00740,1,25.0,25.0,boxed,294,1
acc2_keep12288,gsm8k,gsm8k_00796,0,3120000.0,2880000.0,boxed,151,1
acc2_keep12288,gsm8k,gsm8k_00829,1,14000.0,14000.0,boxed,363,1
acc2_keep12288,gsm8k,gsm8k_00729,1,1000.0,1000.0,boxed,419,1
acc2_keep12288,gsm8k,gsm8k_00421,1,12.0,12.0,boxed,134,1
acc2_keep12288,gsm8k,gsm8k_00779,1,255.0,255.0,boxed,361,1
acc2_keep12288,gsm8k,gsm8k_00328,1,2.0,2.0,boxed,162,1
acc2_keep12288,gsm8k,gsm8k_01117,1,9.0,9.0,boxed,169,1
acc2_keep12288,gsm8k,gsm8k_01310,0,1.0,64.0,boxed,340,1
acc2_keep12288,gsm8k,gsm8k_00963,1,147.0,147.0,boxed,628,1
acc2_keep12288,gsm8k,gsm8k_01159,1,50.0,50.0,boxed,240,1
acc2_keep13056,gsm8k,gsm8k_00657,1,330000.0,330000.0,boxed,189,1
acc2_keep13056,gsm8k,gsm8k_00330,0,35.0,31.0,boxed,172,1
acc2_keep13056,gsm8k,gsm8k_01089,1,32.0,32.0,boxed,193,1
acc2_keep13056,gsm8k,gsm8k_00041,1,200.0,200.0,boxed,974,1
acc2_keep13056,gsm8k,gsm8k_01207,1,64.0,64.0,boxed,115,1
acc2_keep13056,gsm8k,gsm8k_00294,1,3.0,3.0,boxed,141,1
acc2_keep13056,gsm8k,gsm8k_00399,1,12.0,12.0,boxed,209,1
acc2_keep13056,gsm8k,gsm8k_00345,1,310.0,310.0,boxed,116,1
acc2_keep13056,gsm8k,gsm8k_00580,1,500.0,500.0,boxed,414,1
acc2_keep13056,gsm8k,gsm8k_00139,1,70.0,70.0,boxed,168,1
acc2_keep13056,gsm8k,gsm8k_00863,1,110.0,110.0,boxed,180,1
acc2_keep13056,gsm8k,gsm8k_00381,1,67.0,67.0,boxed,165,1
acc2_keep13056,gsm8k,gsm8k_00908,1,14.0,14.0,boxed,145,1
acc2_keep13056,gsm8k,gsm8k_00603,0,1260.0,1800.0,boxed,262,1
acc2_keep13056,gsm8k,gsm8k_01039,1,160.0,160.0,boxed,215,1
acc2_keep13056,gsm8k,gsm8k_01101,1,16.0,16.0,boxed,191,1
acc2_keep13056,gsm8k,gsm8k_00058,1,57.0,57.0,boxed,195,1
acc2_keep13056,gsm8k,gsm8k_00355,1,34.0,34.0,boxed,186,1
acc2_keep13056,gsm8k,gsm8k_01255,1,12.0,12.0,boxed,170,1
acc2_keep13056,gsm8k,gsm8k_00407,1,2000.0,2000.0,boxed,380,1
acc2_keep13056,gsm8k,gsm8k_00666,1,120.0,120.0,boxed,305,1
acc2_keep13056,gsm8k,gsm8k_00107,1,3.0,3.0,boxed,418,1
acc2_keep13056,gsm8k,gsm8k_00934,1,410.0,410.0,boxed,163,1
acc2_keep13056,gsm8k,gsm8k_00325,1,224000.0,224000.0,boxed,300,1
acc2_keep13056,gsm8k,gsm8k_00641,0,378000.0,262500.0,boxed,166,1
acc2_keep13056,gsm8k,gsm8k_00101,1,6.0,6.0,boxed,137,1
acc2_keep13056,gsm8k,gsm8k_00147,1,75.0,75.0,boxed,448,1
acc2_keep13056,gsm8k,gsm8k_00048,1,8.0,8.0,boxed,111,1
acc2_keep13056,gsm8k,gsm8k_00324,1,14.0,14.0,boxed,472,1
acc2_keep13056,gsm8k,gsm8k_00030,1,109.0,109.0,boxed,175,1
acc2_keep13056,gsm8k,gsm8k_00715,1,385000.0,385000.0,boxed,186,1
acc2_keep13056,gsm8k,gsm8k_00127,1,120.0,120.0,boxed,181,1
acc2_keep13056,gsm8k,gsm8k_01305,1,2325.0,2325.0,boxed,239,1
acc2_keep13056,gsm8k,gsm8k_00788,1,100.0,100.0,boxed,134,1
acc2_keep13056,gsm8k,gsm8k_00578,1,48.0,48.0,boxed,146,1
acc2_keep13056,gsm8k,gsm8k_00952,0,1800.0,360.0,boxed,207,1
acc2_keep13056,gsm8k,gsm8k_01143,1,300.0,300.0,boxed,123,1
acc2_keep13056,gsm8k,gsm8k_01019,1,98.0,98.0,boxed,177,1
acc2_keep13056,gsm8k,gsm8k_00778,1,38.0,38.0,boxed,128,1
acc2_keep13056,gsm8k,gsm8k_01184,1,306.0,306.0,boxed,145,1
acc2_keep13056,gsm8k,gsm8k_00694,1,9.0,9.0,boxed,245,1
acc2_keep13056,gsm8k,gsm8k_00536,1,8.0,8.0,boxed,99,1
acc2_keep13056,gsm8k,gsm8k_01085,1,26.0,26.0,boxed,141,1
acc2_keep13056,gsm8k,gsm8k_00358,1,20.0,20.0,boxed,155,1
acc2_keep13056,gsm8k,gsm8k_00406,0,140.0,200.0,boxed,199,1
acc2_keep13056,gsm8k,gsm8k_01128,0,7.0,9.0,boxed,143,1
acc2_keep13056,gsm8k,gsm8k_00833,1,40.0,40.0,boxed,356,1
acc2_keep13056,gsm8k,gsm8k_00566,1,10.0,10.0,boxed,229,1
acc2_keep13056,gsm8k,gsm8k_00067,1,595.0,595.0,boxed,261,1
acc2_keep13056,gsm8k,gsm8k_01029,1,34.0,34.0,boxed,333,1
acc2_keep13056,gsm8k,gsm8k_00957,1,45.0,45.0,boxed,227,1
acc2_keep13056,gsm8k,gsm8k_00941,1,842.0,842.0,boxed,198,1
acc2_keep13056,gsm8k,gsm8k_00859,1,1520.0,1520.0,boxed,176,1
acc2_keep13056,gsm8k,gsm8k_00736,1,3.0,3.0,boxed,191,1
acc2_keep13056,gsm8k,gsm8k_00528,1,172.0,172.0,boxed,350,1
acc2_keep13056,gsm8k,gsm8k_00965,1,374.0,374.0,boxed,332,1
acc2_keep13056,gsm8k,gsm8k_00716,1,770.0,770.0,boxed,133,1
acc2_keep13056,gsm8k,gsm8k_00104,1,500.0,500.0,boxed,308,1
acc2_keep13056,gsm8k,gsm8k_01181,1,20.0,20.0,boxed,401,1
acc2_keep13056,gsm8k,gsm8k_00100,1,175.0,175.0,boxed,279,1
acc2_keep13056,gsm8k,gsm8k_00547,1,81.0,81.0,boxed,303,1
acc2_keep13056,gsm8k,gsm8k_00469,1,4.0,4.0,boxed,151,1
acc2_keep13056,gsm8k,gsm8k_01271,1,43.0,43.0,boxed,338,1
acc2_keep13056,gsm8k,gsm8k_00597,1,90.0,90.0,boxed,239,1
acc2_keep13056,gsm8k,gsm8k_00515,1,160.0,160.0,boxed,151,1
acc2_keep13056,gsm8k,gsm8k_01221,1,10.0,10.0,boxed,212,1
acc2_keep13056,gsm8k,gsm8k_00701,1,200.0,200.0,boxed,215,1
acc2_keep13056,gsm8k,gsm8k_00409,0,42000.0,168000.0,boxed,315,1
acc2_keep13056,gsm8k,gsm8k_00017,1,57500.0,57500.0,boxed,145,1
acc2_keep13056,gsm8k,gsm8k_00009,1,460.0,460.0,boxed,213,1
acc2_keep13056,gsm8k,gsm8k_00433,1,6.0,6.0,boxed,173,1
acc2_keep13056,gsm8k,gsm8k_01009,1,1875.0,1875.0,boxed,323,1
acc2_keep13056,gsm8k,gsm8k_00195,1,12.0,12.0,boxed,273,1
acc2_keep13056,gsm8k,gsm8k_00911,1,64.0,64.0,boxed,172,1
acc2_keep13056,gsm8k,gsm8k_00375,1,48.0,48.0,boxed,134,1
acc2_keep13056,gsm8k,gsm8k_00077,1,100.0,100.0,boxed,275,1
acc2_keep13056,gsm8k,gsm8k_00962,0,600.0,1000.0,boxed,129,1
acc2_keep13056,gsm8k,gsm8k_01025,1,30.0,30.0,boxed,111,1
acc2_keep13056,gsm8k,gsm8k_00393,1,20.0,20.0,boxed,276,1
acc2_keep13056,gsm8k,gsm8k_01026,1,43200.0,43200.0,boxed,265,1
acc2_keep13056,gsm8k,gsm8k_00214,1,8.0,8.0,boxed,337,1
acc2_keep13056,gsm8k,gsm8k_01031,1,5.0,5.0,boxed,112,1
acc2_keep13056,gsm8k,gsm8k_00480,1,11.0,11.0,boxed,161,1
acc2_keep13056,gsm8k,gsm8k_01055,1,2304.0,2304.0,boxed,146,1
acc2_keep13056,gsm8k,gsm8k_00378,1,15.0,15.0,boxed,135,1
acc2_keep13056,gsm8k,gsm8k_01028,1,200.0,200.0,boxed,166,1
acc2_keep13056,gsm8k,gsm8k_00234,1,21.0,21.0,boxed,185,1
acc2_keep13056,gsm8k,gsm8k_00201,1,114200.0,114200.0,boxed,237,1
acc2_keep13056,gsm8k,gsm8k_00831,1,324.0,324.0,boxed,295,1
acc2_keep13056,gsm8k,gsm8k_01202,1,19.0,19.0,boxed,180,1
acc2_keep13056,gsm8k,gsm8k_01043,1,130000.0,130000.0,boxed,202,1
acc2_keep13056,gsm8k,gsm8k_00610,1,65960.0,65960.0,boxed,245,1
acc2_keep13056,gsm8k,gsm8k_01130,1,25.0,25.0,boxed,279,1
acc2_keep13056,gsm8k,gsm8k_00996,1,3.0,3.0,boxed,282,1
acc2_keep13056,gsm8k,gsm8k_01140,1,27.0,27.0,boxed,217,1
acc2_keep13056,gsm8k,gsm8k_00163,1,50.0,50.0,boxed,241,1
acc2_keep13056,gsm8k,gsm8k_00672,0,8.0,2.0,last-number,1024,0
acc2_keep13056,gsm8k,gsm8k_01311,1,594.0,594.0,boxed,130,1
acc2_keep13056,gsm8k,gsm8k_00670,1,4.0,4.0,boxed,111,1
acc2_keep13056,gsm8k,gsm8k_00909,1,38.0,38.0,boxed,263,1
acc2_keep13056,gsm8k,gsm8k_00595,1,13.0,13.0,boxed,142,1
acc2_keep13056,gsm8k,gsm8k_01190,1,19.0,19.0,boxed,311,1
acc2_keep13056,gsm8k,gsm8k_00554,1,54.0,54.0,boxed,282,1
acc2_keep13056,gsm8k,gsm8k_01178,1,17.0,17.0,boxed,143,1
acc2_keep13056,gsm8k,gsm8k_01197,1,2400.0,2400.0,boxed,225,1
acc2_keep13056,gsm8k,gsm8k_00852,1,123.0,123.0,boxed,202,1
acc2_keep13056,gsm8k,gsm8k_00142,1,140.0,140.0,boxed,113,1
acc2_keep13056,gsm8k,gsm8k_00636,1,1050.0,1050.0,boxed,209,1
acc2_keep13056,gsm8k,gsm8k_00044,1,20.0,20.0,boxed,217,1
acc2_keep13056,gsm8k,gsm8k_01230,1,440.0,440.0,boxed,195,1
acc2_keep13056,gsm8k,gsm8k_00539,0,30.0,35.0,boxed,114,1
acc2_keep13056,gsm8k,gsm8k_01177,1,17.0,17.0,boxed,220,1
acc2_keep13056,gsm8k,gsm8k_01241,1,8.0,8.0,boxed,202,1
acc2_keep13056,gsm8k,gsm8k_00669,1,132.0,132.0,boxed,188,1
acc2_keep13056,gsm8k,gsm8k_00949,1,42.0,42.0,boxed,251,1
acc2_keep13056,gsm8k,gsm8k_01183,0,10.0,11.0,boxed,138,1
acc2_keep13056,gsm8k,gsm8k_00347,1,36.0,36.0,boxed,105,1
acc2_keep13056,gsm8k,gsm8k_00461,1,9.0,9.0,boxed,212,1
acc2_keep13056,gsm8k,gsm8k_00173,1,18000.0,18000.0,boxed,184,1
acc2_keep13056,gsm8k,gsm8k_00549,1,398.0,398.0,boxed,187,1
acc2_keep13056,gsm8k,gsm8k_00474,1,80.0,80.0,boxed,206,1
acc2_keep13056,gsm8k,gsm8k_01258,1,60.0,60.0,boxed,290,1
acc2_keep13056,gsm8k,gsm8k_00504,1,2.0,2.0,boxed,313,1
acc2_keep13056,gsm8k,gsm8k_00233,1,12.0,12.0,boxed,180,1
acc2_keep13056,gsm8k,gsm8k_01041,1,101.0,101.0,boxed,109,1
acc2_keep13056,gsm8k,gsm8k_00187,0,106.12,106.0,boxed,320,1
acc2_keep13056,gsm8k,gsm8k_01227,0,5.0,66.0,boxed,654,1
acc2_keep13056,gsm8k,gsm8k_01108,1,38.0,38.0,boxed,53,1
acc2_keep13056,gsm8k,gsm8k_00828,1,60.0,60.0,boxed,130,1
acc2_keep13056,gsm8k,gsm8k_01116,1,60.0,60.0,boxed,241,1
acc2_keep13056,gsm8k,gsm8k_00451,1,11050.0,11050.0,boxed,320,1
acc2_keep13056,gsm8k,gsm8k_00080,1,10.0,10.0,boxed,143,1
acc2_keep13056,gsm8k,gsm8k_00191,1,5.0,5.0,boxed,127,1
acc2_keep13056,gsm8k,gsm8k_00458,1,35.0,35.0,boxed,192,1
acc2_keep13056,gsm8k,gsm8k_00307,1,16.0,16.0,boxed,308,1
acc2_keep13056,gsm8k,gsm8k_00069,1,60.0,60.0,boxed,163,1
acc2_keep13056,gsm8k,gsm8k_00590,0,318.0,319.0,boxed,211,1
acc2_keep13056,gsm8k,gsm8k_01153,1,20.0,20.0,boxed,262,1
acc2_keep13056,gsm8k,gsm8k_00472,1,6.0,6.0,boxed,250,1
acc2_keep13056,gsm8k,gsm8k_00990,1,14.0,14.0,boxed,339,1
acc2_keep13056,gsm8k,gsm8k_00252,1,73.0,73.0,boxed,274,1
acc2_keep13056,gsm8k,gsm8k_00005,1,64.0,64.0,boxed,274,1
acc2_keep13056,gsm8k,gsm8k_01215,1,36.0,36.0,boxed,273,1
acc2_keep13056,gsm8k,gsm8k_00808,1,12.0,12.0,boxed,228,1
acc2_keep13056,gsm8k,gsm8k_01054,1,2400.0,2400.0,boxed,110,1
acc2_keep13056,gsm8k,gsm8k_01226,1,90.0,90.0,boxed,224,1
acc2_keep13056,gsm8k,gsm8k_01044,1,1.0,1.0,boxed,175,1
acc2_keep13056,gsm8k,gsm8k_00428,1,26.0,26.0,boxed,751,1
acc2_keep13056,gsm8k,gsm8k_00008,1,45.0,45.0,boxed,406,1
acc2_keep13056,gsm8k,gsm8k_00151,1,5.0,5.0,boxed,230,1
acc2_keep13056,gsm8k,gsm8k_01033,1,2.0,2.0,boxed,167,1
acc2_keep13056,gsm8k,gsm8k_01003,1,480.0,480.0,boxed,194,1
acc2_keep13056,gsm8k,gsm8k_00483,1,40.0,40.0,boxed,215,1
acc2_keep13056,gsm8k,gsm8k_00792,1,75.0,75.0,boxed,156,1
acc2_keep13056,gsm8k,gsm8k_00531,1,66.0,66.0,boxed,289,1
acc2_keep13056,gsm8k,gsm8k_00210,1,10.0,10.0,boxed,378,1
acc2_keep13056,gsm8k,gsm8k_00956,1,1.0,1.0,boxed,214,1
acc2_keep13056,gsm8k,gsm8k_01279,1,180.0,180.0,boxed,165,1
acc2_keep13056,gsm8k,gsm8k_00538,1,18.0,18.0,boxed,256,1
acc2_keep13056,gsm8k,gsm8k_01030,1,24.0,24.0,boxed,542,1
acc2_keep13056,gsm8k,gsm8k_00178,1,122.0,122.0,boxed,213,1
acc2_keep13056,gsm8k,gsm8k_00799,1,4.0,4.0,boxed,128,1
acc2_keep13056,gsm8k,gsm8k_01060,1,31.0,31.0,boxed,496,1
acc2_keep13056,gsm8k,gsm8k_00767,1,60.0,60.0,boxed,122,1
acc2_keep13056,gsm8k,gsm8k_01231,1,70.0,70.0,boxed,406,1
acc2_keep13056,gsm8k,gsm8k_00626,1,72.0,72.0,boxed,226,1
acc2_keep13056,gsm8k,gsm8k_01285,1,1218.0,1218.0,boxed,121,1
acc2_keep13056,gsm8k,gsm8k_00045,1,104.0,104.0,boxed,242,1
acc2_keep13056,gsm8k,gsm8k_01040,1,736.0,736.0,boxed,274,1
acc2_keep13056,gsm8k,gsm8k_00416,1,56.0,56.0,boxed,299,1
acc2_keep13056,gsm8k,gsm8k_00196,1,120.0,120.0,boxed,127,1
acc2_keep13056,gsm8k,gsm8k_00818,1,16.0,16.0,boxed,208,1
acc2_keep13056,gsm8k,gsm8k_00609,1,7.0,7.0,boxed,112,1
acc2_keep13056,gsm8k,gsm8k_00226,1,33.0,33.0,boxed,194,1
acc2_keep13056,gsm8k,gsm8k_00028,1,25.0,25.0,boxed,142,1
acc2_keep13056,gsm8k,gsm8k_00157,0,280.0,80.0,boxed,234,1
acc2_keep13056,gsm8k,gsm8k_01201,1,42.0,42.0,boxed,151,1
acc2_keep13056,gsm8k,gsm8k_00565,1,5.0,5.0,boxed,158,1
acc2_keep13056,gsm8k,gsm8k_00989,0,30.0,45.0,boxed,424,1
acc2_keep13056,gsm8k,gsm8k_01103,1,90.0,90.0,boxed,210,1
acc2_keep13056,gsm8k,gsm8k_00614,1,312.0,312.0,boxed,240,1
acc2_keep13056,gsm8k,gsm8k_01146,1,16.0,16.0,boxed,125,1
acc2_keep13056,gsm8k,gsm8k_00091,1,28.0,28.0,boxed,209,1
acc2_keep13056,gsm8k,gsm8k_01272,1,296.0,296.0,boxed,205,1
acc2_keep13056,gsm8k,gsm8k_01127,1,750.0,750.0,boxed,258,1
acc2_keep13056,gsm8k,gsm8k_00572,1,100.0,100.0,boxed,138,1
acc2_keep13056,gsm8k,gsm8k_00664,1,32.0,32.0,boxed,206,1
acc2_keep13056,gsm8k,gsm8k_01242,1,20.0,20.0,boxed,207,1
acc2_keep13056,gsm8k,gsm8k_00735,1,50.0,50.0,boxed,219,1
acc2_keep13056,gsm8k,gsm8k_00759,1,60000.0,60000.0,boxed,123,1
acc2_keep13056,gsm8k,gsm8k_00620,1,1509.0,1509.0,boxed,201,1
acc2_keep13056,gsm8k,gsm8k_00758,1,133.0,133.0,boxed,76,1
acc2_keep13056,gsm8k,gsm8k_00978,1,160.0,160.0,boxed,174,1
acc2_keep13056,gsm8k,gsm8k_00563,1,12.0,12.0,boxed,194,1
acc2_keep13056,gsm8k,gsm8k_00782,0,27.0,54.0,boxed,209,1
acc2_keep13056,gsm8k,gsm8k_00901,0,2.0,1.0,boxed,131,1
acc2_keep13056,gsm8k,gsm8k_00167,1,16.0,16.0,boxed,323,1
acc2_keep13056,gsm8k,gsm8k_01267,1,40.0,40.0,boxed,332,1
acc2_keep13056,gsm8k,gsm8k_01237,1,78.0,78.0,boxed,69,1
acc2_keep13056,gsm8k,gsm8k_01014,1,3.0,3.0,boxed,274,1
acc2_keep13056,gsm8k,gsm8k_00584,0,0.5,2.0,boxed,209,1
acc2_keep13056,gsm8k,gsm8k_00333,1,100.0,100.0,boxed,181,1
acc2_keep13056,gsm8k,gsm8k_00545,1,30.0,30.0,boxed,109,1
acc2_keep13056,gsm8k,gsm8k_00850,1,70.0,70.0,boxed,223,1
acc2_keep13056,gsm8k,gsm8k_01007,1,34.0,34.0,boxed,219,1
acc2_keep13056,gsm8k,gsm8k_00400,1,48.0,48.0,boxed,111,1
acc2_keep13056,gsm8k,gsm8k_00975,1,20.0,20.0,boxed,242,1
acc2_keep13056,gsm8k,gsm8k_01232,1,15.0,15.0,boxed,149,1
acc2_keep13056,gsm8k,gsm8k_01317,1,5.0,5.0,boxed,298,1
acc2_keep13056,gsm8k,gsm8k_00225,1,9.0,9.0,boxed,200,1
acc2_keep13056,gsm8k,gsm8k_00791,1,100.0,100.0,boxed,140,1
acc2_keep13056,gsm8k,gsm8k_00693,1,68.0,68.0,boxed,281,1
acc2_keep13056,gsm8k,gsm8k_00236,0,177.0,31.0,last-number,1024,0
acc2_keep13056,gsm8k,gsm8k_00683,1,50.0,50.0,boxed,497,1
acc2_keep13056,gsm8k,gsm8k_00720,1,4.0,4.0,boxed,169,1
acc2_keep13056,gsm8k,gsm8k_01000,1,1.0,1.0,boxed,225,1
acc2_keep13056,gsm8k,gsm8k_00895,1,74.0,74.0,boxed,172,1
acc2_keep13056,gsm8k,gsm8k_00254,1,84.0,84.0,boxed,203,1
acc2_keep13056,gsm8k,gsm8k_00809,0,100.0,50.0,boxed,181,1
acc2_keep13056,gsm8k,gsm8k_00326,1,14.0,14.0,boxed,183,1
acc2_keep13056,gsm8k,gsm8k_00772,1,50.0,50.0,boxed,223,1
acc2_keep13056,gsm8k,gsm8k_00435,1,5.0,5.0,boxed,84,1
acc2_keep13056,gsm8k,gsm8k_01021,1,36.0,36.0,boxed,282,1
acc2_keep13056,gsm8k,gsm8k_00491,1,16.0,16.0,boxed,114,1
acc2_keep13056,gsm8k,gsm8k_00622,1,7.0,7.0,boxed,266,1
acc2_keep13056,gsm8k,gsm8k_00681,1,298.0,298.0,boxed,301,1
acc2_keep13056,gsm8k,gsm8k_00260,1,11.0,11.0,boxed,168,1
acc2_keep13056,gsm8k,gsm8k_00237,1,90.0,90.0,boxed,91,1
acc2_keep13056,gsm8k,gsm8k_01137,1,68.0,68.0,boxed,257,1
acc2_keep13056,gsm8k,gsm8k_01048,0,12.0,7400.0,last-number,1024,0
acc2_keep13056,gsm8k,gsm8k_00057,1,83.0,83.0,boxed,228,1
acc2_keep13056,gsm8k,gsm8k_00228,1,1.0,1.0,boxed,200,1
acc2_keep13056,gsm8k,gsm8k_00434,0,0.99,5.0,last-number,1024,0
acc2_keep13056,gsm8k,gsm8k_00424,1,570.0,570.0,boxed,130,1
acc2_keep13056,gsm8k,gsm8k_01206,1,40000.0,40000.0,boxed,184,1
acc2_keep13056,gsm8k,gsm8k_00007,1,160.0,160.0,boxed,328,1
acc2_keep13056,gsm8k,gsm8k_00493,1,25.0,25.0,boxed,353,1
acc2_keep13056,gsm8k,gsm8k_01047,1,10.0,10.0,boxed,370,1
acc2_keep13056,gsm8k,gsm8k_00642,1,10800.0,10800.0,boxed,302,1
acc2_keep13056,gsm8k,gsm8k_00740,1,25.0,25.0,boxed,289,1
acc2_keep13056,gsm8k,gsm8k_00796,0,3120000.0,2880000.0,boxed,153,1
acc2_keep13056,gsm8k,gsm8k_00829,1,14000.0,14000.0,boxed,316,1
acc2_keep13056,gsm8k,gsm8k_00729,1,1000.0,1000.0,boxed,407,1
acc2_keep13056,gsm8k,gsm8k_00421,1,12.0,12.0,boxed,138,1
acc2_keep13056,gsm8k,gsm8k_00779,1,255.0,255.0,boxed,394,1
acc2_keep13056,gsm8k,gsm8k_00328,1,2.0,2.0,boxed,168,1
acc2_keep13056,gsm8k,gsm8k_01117,1,9.0,9.0,boxed,230,1
acc2_keep13056,gsm8k,gsm8k_01310,1,64.0,64.0,boxed,375,1
acc2_keep13056,gsm8k,gsm8k_00963,1,147.0,147.0,boxed,364,1
acc2_keep13056,gsm8k,gsm8k_01159,1,50.0,50.0,boxed,236,1
acc2_keep13056,mmlu,mmlu_08129,1,C,C,boxed,138,1
acc2_keep13056,mmlu,mmlu_13824,1,D,D,boxed,146,1
acc2_keep13056,mmlu,mmlu_14037,1,A,A,boxed,204,1
acc2_keep13056,mmlu,mmlu_07535,0,C,B,boxed,124,1
acc2_keep13056,mmlu,mmlu_01453,1,A,A,boxed,461,1
acc2_keep13056,mmlu,mmlu_02098,1,C,C,boxed,307,1
acc2_keep13056,mmlu,mmlu_06200,0,B,A,boxed,207,1
acc2_keep13056,mmlu,mmlu_00563,1,B,B,boxed,271,1
acc2_keep13056,mmlu,mmlu_00805,0,D,A,boxed,380,1
acc2_keep13056,mmlu,mmlu_10646,0,A,C,boxed,327,1
acc2_keep13056,mmlu,mmlu_03476,1,A,A,boxed,162,1
acc2_keep13056,mmlu,mmlu_03099,1,C,C,boxed,268,1
acc2_keep13056,mmlu,mmlu_02848,1,A,A,boxed,310,1
acc2_keep13056,mmlu,mmlu_05061,1,A,A,boxed,178,1
acc2_keep13056,mmlu,mmlu_01355,0,D,C,boxed,224,1
acc2_keep13056,mmlu,mmlu_13412,1,A,A,boxed,326,1
acc2_keep13056,mmlu,mmlu_00894,1,B,B,boxed,306,1
acc2_keep13056,mmlu,mmlu_06727,1,D,D,boxed,174,1
acc2_keep13056,mmlu,mmlu_02515,1,A,A,boxed,394,1
acc2_keep13056,mmlu,mmlu_05781,0,B,A,boxed,284,1
acc2_keep13056,mmlu,mmlu_04936,1,D,D,boxed,339,1
acc2_keep13056,mmlu,mmlu_09187,0,B,D,boxed,145,1
acc2_keep13056,mmlu,mmlu_13296,1,B,B,boxed,216,1
acc2_keep13056,mmlu,mmlu_03312,1,A,A,boxed,257,1
acc2_keep13056,mmlu,mmlu_07789,1,A,A,boxed,50,1
acc2_keep13056,mmlu,mmlu_12878,0,A,B,boxed,238,1
acc2_keep13056,mmlu,mmlu_10258,0,A,D,boxed,176,1
acc2_keep13056,mmlu,mmlu_11586,0,A,B,boxed,250,1
acc2_keep13056,mmlu,mmlu_03765,0,B,D,boxed,199,1
acc2_keep13056,mmlu,mmlu_13456,0,A,B,boxed,280,1
acc2_keep13056,mmlu,mmlu_07304,1,D,D,boxed,113,1
acc2_keep13056,mmlu,mmlu_02732,0,B,C,boxed,155,1
acc2_keep13056,mmlu,mmlu_00726,0,D,C,boxed,224,1
acc2_keep13056,mmlu,mmlu_12805,1,C,C,boxed,295,1
acc2_keep13056,mmlu,mmlu_00499,1,B,B,boxed,275,1
acc2_keep13056,mmlu,mmlu_00325,0,A,D,boxed,366,1
acc2_keep13056,mmlu,mmlu_12401,1,C,C,boxed,479,1
acc2_keep13056,mmlu,mmlu_07644,0,A,C,boxed,142,1
acc2_keep13056,mmlu,mmlu_05720,1,C,C,boxed,245,1
acc2_keep13056,mmlu,mmlu_06333,1,B,B,boxed,179,1
acc2_keep13056,mmlu,mmlu_09406,1,A,A,boxed,175,1
acc2_keep13056,mmlu,mmlu_11854,1,D,D,boxed,393,1
acc2_keep13056,mmlu,mmlu_03054,1,B,B,boxed,336,1
acc2_keep13056,mmlu,mmlu_09016,1,B,B,boxed,149,1
acc2_keep13056,mmlu,mmlu_05196,0,B,A,boxed,244,1
acc2_keep13056,mmlu,mmlu_07819,1,A,A,boxed,120,1
acc2_keep13056,mmlu,mmlu_07449,1,A,A,boxed,166,1
acc2_keep13056,mmlu,mmlu_13049,1,B,B,boxed,157,1
acc2_keep13056,mmlu,mmlu_09769,1,C,C,boxed,362,1
acc2_keep13056,mmlu,mmlu_13884,1,B,B,boxed,203,1
acc2_keep13056,mmlu,mmlu_05266,1,D,D,boxed,83,1
acc2_keep13056,mmlu,mmlu_07220,1,C,C,boxed,225,1
acc2_keep13056,mmlu,mmlu_03770,1,A,A,boxed,193,1
acc2_keep13056,mmlu,mmlu_02228,1,D,D,boxed,247,1
acc2_keep13056,mmlu,mmlu_12320,0,A,D,boxed,203,1
acc2_keep13056,mmlu,mmlu_11756,1,B,B,boxed,446,1
acc2_keep13056,mmlu,mmlu_06674,1,C,C,boxed,192,1
acc2_keep13056,mmlu,mmlu_10299,1,B,B,boxed,247,1
acc2_keep13056,mmlu,mmlu_08362,1,D,D,boxed,422,1
acc2_keep13056,mmlu,mmlu_09084,0,C,D,boxed,135,1
acc2_keep13056,mmlu,mmlu_03045,1,B,B,boxed,238,1
acc2_keep13056,mmlu,mmlu_09324,1,B,B,boxed,192,1
acc2_keep13056,mmlu,mmlu_02089,1,B,B,boxed,140,1
acc2_keep13056,mmlu,mmlu_00207,0,B,D,boxed,217,1
acc2_keep13056,mmlu,mmlu_06047,1,B,B,boxed,524,1
acc2_keep13056,mmlu,mmlu_07246,1,C,C,boxed,166,1
acc2_keep13056,mmlu,mmlu_13314,1,D,D,boxed,312,1
acc2_keep13056,mmlu,mmlu_03090,1,A,A,boxed,501,1
acc2_keep13056,mmlu,mmlu_10761,1,A,A,boxed,257,1
acc2_keep13056,mmlu,mmlu_07323,1,B,B,boxed,219,1
acc2_keep13056,mmlu,mmlu_10167,0,A,B,boxed,311,1
acc2_keep13056,mmlu,mmlu_00574,1,B,B,boxed,126,1
acc2_keep13056,mmlu,mmlu_10766,0,A,C,boxed,374,1
acc2_keep13056,mmlu,mmlu_02014,0,A,C,boxed,114,1
acc2_keep13056,mmlu,mmlu_07741,0,A,B,boxed,238,1
acc2_keep13056,mmlu,mmlu_09686,0,C,D,boxed,294,1
acc2_keep13056,mmlu,mmlu_09163,0,B,A,boxed,306,1
acc2_keep13056,mmlu,mmlu_07031,0,C,D,boxed,270,1
acc2_keep13056,mmlu,mmlu_02401,1,B,B,boxed,128,1
acc2_keep13056,mmlu,mmlu_03459,1,A,A,boxed,138,1
acc2_keep13056,mmlu,mmlu_04462,1,D,D,boxed,268,1
acc2_keep13056,mmlu,mmlu_04201,1,C,C,boxed,336,1
acc2_keep13056,mmlu,mmlu_01601,1,B,B,boxed,150,1
acc2_keep13056,mmlu,mmlu_05153,1,B,B,boxed,332,1
acc2_keep13056,mmlu,mmlu_01238,1,D,D,boxed,338,1
acc2_keep13056,mmlu,mmlu_02593,1,D,D,boxed,98,1
acc2_keep13056,mmlu,mmlu_01738,0,C,D,boxed,237,1
acc2_keep13056,mmlu,mmlu_10082,0,A,D,boxed,390,1
acc2_keep13056,mmlu,mmlu_06767,1,B,B,boxed,270,1
acc2_keep13056,mmlu,mmlu_09473,1,C,C,boxed,176,1
acc2_keep13056,mmlu,mmlu_09835,1,C,C,boxed,315,1
acc2_keep13056,mmlu,mmlu_01120,0,C,B,boxed,743,1
acc2_keep13056,mmlu,mmlu_02978,1,B,B,boxed,249,1
acc2_keep13056,mmlu,mmlu_04119,1,A,A,boxed,391,1
acc2_keep13056,mmlu,mmlu_13190,0,D,C,boxed,286,1
acc2_keep13056,mmlu,mmlu_07643,1,D,D,boxed,105,1
acc2_keep13056,mmlu,mmlu_04416,1,B,B,boxed,245,1
acc2_keep13056,mmlu,mmlu_05246,1,B,B,boxed,226,1
acc2_keep13056,mmlu,mmlu_10980,0,B,A,boxed,419,1
acc2_keep13056,mmlu,mmlu_10789,0,A,C,boxed,818,1
acc2_keep13056,mmlu,mmlu_08147,0,D,B,boxed,465,1
acc2_keep13056,mmlu,mmlu_02638,0,C,B,boxed,101,1
acc2_keep13056,mmlu,mmlu_09320,1,A,A,boxed,146,1
acc2_keep13056,mmlu,mmlu_05580,1,D,D,boxed,388,1
acc2_keep13056,mmlu,mmlu_10377,1,B,B,boxed,256,1
acc2_keep13056,mmlu,mmlu_09518,1,C,C,boxed,191,1
acc2_keep13056,mmlu,mmlu_04079,1,B,B,boxed,350,1
acc2_keep13056,mmlu,mmlu_09002,1,D,D,boxed,155,1
acc2_keep13056,mmlu,mmlu_09489,1,B,B,boxed,282,1
acc2_keep13056,mmlu,mmlu_10523,0,C,B,boxed,444,1
acc2_keep13056,mmlu,mmlu_04871,1,C,C,boxed,167,1
acc2_keep13056,mmlu,mmlu_09822,0,A,C,boxed,206,1
acc2_keep13056,mmlu,mmlu_12983,0,B,D,boxed,290,1
acc2_keep13056,mmlu,mmlu_13987,0,A,C,boxed,241,1
acc2_keep13056,mmlu,mmlu_00353,1,A,A,boxed,364,1
acc2_keep13056,mmlu,mmlu_08264,1,C,C,boxed,374,1
acc2_keep13056,mmlu,mmlu_07127,1,C,C,boxed,194,1
acc2_keep13056,mmlu,mmlu_07339,0,A,B,boxed,276,1
acc2_keep13056,mmlu,mmlu_10355,0,B,D,boxed,281,1
acc2_keep13056,mmlu,mmlu_06471,1,A,A,boxed,246,1
acc2_keep13056,mmlu,mmlu_12050,0,A,D,boxed,544,1
acc2_keep13056,mmlu,mmlu_10997,1,A,A,boxed,503,1
acc2_keep13056,mmlu,mmlu_01697,1,C,C,boxed,361,1
acc2_keep13056,mmlu,mmlu_00837,1,D,D,boxed,206,1
acc2_keep13056,mmlu,mmlu_07442,1,B,B,boxed,97,1
acc2_keep13056,mmlu,mmlu_01824,0,,D,fail,1024,0
acc2_keep13056,mmlu,mmlu_09671,1,D,D,boxed,164,1
acc2_keep13056,mmlu,mmlu_11645,1,C,C,boxed,301,1
acc2_keep13056,mmlu,mmlu_07587,1,A,A,boxed,60,1
acc2_keep13056,mmlu,mmlu_02662,0,A,B,boxed,186,1
acc2_keep13056,mmlu,mmlu_00968,1,A,A,trailing-letter,1024,0
acc2_keep13056,mmlu,mmlu_07858,1,B,B,boxed,273,1
acc2_keep13056,mmlu,mmlu_04379,1,C,C,boxed,166,1
acc2_keep13056,mmlu,mmlu_07799,1,B,B,boxed,136,1
acc2_keep13056,mmlu,mmlu_11526,0,A,B,boxed,469,1
acc2_keep13056,mmlu,mmlu_01249,1,C,C,boxed,219,1
acc2_keep13056,mmlu,mmlu_08554,1,B,B,boxed,144,1
acc2_keep13056,mmlu,mmlu_06478,1,D,D,boxed,282,1
acc2_keep13056,mmlu,mmlu_11027,1,A,A,boxed,672,1
acc2_keep13056,mmlu,mmlu_00847,1,B,B,boxed,474,1
acc2_keep13056,mmlu,mmlu_07116,1,A,A,boxed,226,1
acc2_keep13056,mmlu,mmlu_10095,1,A,A,boxed,230,1
acc2_keep13056,mmlu,mmlu_02331,0,D,B,boxed,156,1
acc2_keep13056,mmlu,mmlu_09636,1,D,D,boxed,140,1
acc2_keep13056,mmlu,mmlu_11387,1,D,D,boxed,720,1
acc2_keep13056,mmlu,mmlu_07300,1,A,A,boxed,240,1
acc2_keep13056,mmlu,mmlu_06208,1,B,B,boxed,261,1
acc2_keep13056,mmlu,mmlu_01055,1,D,D,boxed,537,1
acc2_keep13056,mmlu,mmlu_04770,0,D,C,boxed,264,1
acc2_keep13056,mmlu,mmlu_06190,0,A,C,boxed,190,1
acc2_keep13056,mmlu,mmlu_13316,0,A,D,boxed,410,1
acc2_keep13056,mmlu,mmlu_05177,1,B,B,boxed,228,1
acc2_keep13056,mmlu,mmlu_06226,0,B,D,boxed,244,1
acc2_keep13056,mmlu,mmlu_02710,1,D,D,boxed,269,1
acc2_keep13056,mmlu,mmlu_03700,1,D,D,boxed,179,1
acc2_keep13056,mmlu,mmlu_13690,1,C,C,boxed,281,1
acc2_keep13056,mmlu,mmlu_01523,1,A,A,boxed,173,1
acc2_keep13056,mmlu,mmlu_00613,1,A,A,boxed,151,1
acc2_keep13056,mmlu,mmlu_10302,1,A,A,boxed,176,1
acc2_keep13056,mmlu,mmlu_01778,1,B,B,boxed,356,1
acc2_keep13056,mmlu,mmlu_08371,1,D,D,boxed,353,1
acc2_keep13056,mmlu,mmlu_10590,0,,A,fail,1024,0
acc2_keep13056,mmlu,mmlu_11789,1,A,A,boxed,530,1
acc2_keep13056,mmlu,mmlu_08317,1,D,D,boxed,302,1
acc2_keep13056,mmlu,mmlu_11697,1,A,A,boxed,577,1
acc2_keep13056,mmlu,mmlu_00880,1,C,C,boxed,274,1
acc2_keep13056,mmlu,mmlu_04187,1,A,A,boxed,237,1
acc2_keep13056,mmlu,mmlu_00782,1,A,A,boxed,243,1
acc2_keep13056,mmlu,mmlu_08043,1,C,C,boxed,143,1
acc2_keep13056,mmlu,mmlu_07136,0,A,C,boxed,255,1
acc2_keep13056,mmlu,mmlu_01897,1,A,A,boxed,257,1
acc2_keep13056,mmlu,mmlu_12056,0,C,B,boxed,377,1
acc2_keep13056,mmlu,mmlu_00997,1,C,C,trailing-letter,1024,0
acc2_keep13056,mmlu,mmlu_09214,1,D,D,boxed,129,1
acc2_keep13056,mmlu,mmlu_03852,1,A,A,boxed,207,1
acc2_keep13056,mmlu,mmlu_09938,1,D,D,boxed,211,1
acc2_keep13056,mmlu,mmlu_06894,0,A,B,boxed,296,1
acc2_keep13056,mmlu,mmlu_13773,0,A,B,boxed,265,1
acc2_keep13056,mmlu,mmlu_06846,0,B,C,boxed,218,1
acc2_keep13056,mmlu,mmlu_10614,1,A,A,boxed,232,1
acc2_keep13056,mmlu,mmlu_01638,0,A,D,boxed,223,1
acc2_keep13056,mmlu,mmlu_12628,1,A,A,boxed,230,1
acc2_keep13056,mmlu,mmlu_01064,1,B,B,boxed,289,1
acc2_keep13056,mmlu,mmlu_09006,0,B,D,boxed,297,1
acc2_keep13056,mmlu,mmlu_04621,1,D,D,boxed,142,1
acc2_keep13056,mmlu,mmlu_08988,1,B,B,boxed,154,1
acc2_keep13056,mmlu,mmlu_12905,1,A,A,boxed,171,1
acc2_keep13056,mmlu,mmlu_04661,1,D,D,boxed,255,1
acc2_keep13056,mmlu,mmlu_07681,1,C,C,boxed,127,1
acc2_keep13056,mmlu,mmlu_03514,1,B,B,boxed,247,1
acc2_keep13056,mmlu,mmlu_08263,0,A,B,boxed,364,1
acc2_keep13056,mmlu,mmlu_02514,0,D,C,trailing-letter,1024,0
acc2_keep13056,mmlu,mmlu_04044,0,D,A,boxed,201,1
acc2_keep13056,mmlu,mmlu_11705,0,A,B,boxed,440,1
acc2_keep13056,mmlu,mmlu_07206,1,B,B,boxed,195,1
acc2_keep13056,mmlu,mmlu_13246,1,D,D,boxed,261,1
acc2_keep13056,mmlu,mmlu_07022,1,C,C,boxed,170,1
acc2_keep13056,mmlu,mmlu_08796,0,C,D,boxed,146,1
acc2_keep13056,mmlu,mmlu_03615,1,D,D,boxed,186,1
acc2_keep13056,mmlu,mmlu_01770,1,B,B,boxed,172,1
acc2_keep13056,mmlu,mmlu_05524,0,A,D,boxed,208,1
acc2_keep13056,mmlu,mmlu_12024,1,C,C,boxed,379,1
acc2_keep13056,mmlu,mmlu_03737,1,C,C,boxed,221,1
acc2_keep13056,mmlu,mmlu_05795,1,C,C,boxed,271,1
acc2_keep13056,mmlu,mmlu_13871,1,D,D,boxed,168,1
acc2_keep13056,mmlu,mmlu_11251,0,A,C,boxed,636,1
acc2_keep13056,mmlu,mmlu_07293,1,C,C,boxed,191,1
acc2_keep13056,mmlu,mmlu_09710,1,D,D,boxed,255,1
acc2_keep13056,mmlu,mmlu_11825,0,A,B,boxed,459,1
acc2_keep13056,mmlu,mmlu_05983,1,A,A,boxed,292,1
acc2_keep13056,mmlu,mmlu_00289,1,D,D,boxed,303,1
acc2_keep13056,mmlu,mmlu_11707,0,A,B,boxed,611,1
acc2_keep13056,mmlu,mmlu_02591,0,C,D,boxed,258,1
acc2_keep13056,mmlu,mmlu_08617,1,C,C,boxed,118,1
acc2_keep13056,mmlu,mmlu_09474,1,C,C,boxed,268,1
acc2_keep13056,mmlu,mmlu_12722,1,A,A,boxed,194,1
acc2_keep13056,mmlu,mmlu_11058,0,D,C,boxed,205,1
acc2_keep13056,mmlu,mmlu_10884,0,A,C,boxed,638,1
acc2_keep13056,mmlu,mmlu_05950,1,B,B,boxed,230,1
acc2_keep13056,mmlu,mmlu_09368,1,B,B,boxed,176,1
acc2_keep13056,mmlu,mmlu_11627,0,C,B,boxed,487,1
acc2_keep13056,mmlu,mmlu_07951,0,A,D,boxed,45,1
acc2_keep13056,mmlu,mmlu_07145,1,C,C,boxed,162,1
acc2_keep13056,mmlu,mmlu_07905,1,A,A,boxed,133,1
acc2_keep13056,mmlu,mmlu_04625,1,D,D,boxed,262,1
acc2_keep13056,mmlu,mmlu_02124,1,B,B,boxed,271,1
acc2_keep13056,mmlu,mmlu_05878,1,A,A,boxed,322,1
acc2_keep13056,mmlu,mmlu_09876,1,A,A,boxed,247,1
acc2_keep13056,mmlu,mmlu_02384,1,A,A,boxed,366,1
acc2_keep13056,mmlu,mmlu_04737,1,A,A,boxed,224,1
acc2_keep13056,mmlu,mmlu_08845,0,C,D,boxed,134,1
acc2_keep13056,mmlu,mmlu_03617,1,D,D,boxed,209,1
acc2_keep13056,mmlu,mmlu_13393,0,A,C,boxed,161,1
acc2_keep13056,mmlu,mmlu_04096,1,A,A,boxed,344,1
acc2_keep13056,mmlu,mmlu_10786,0,B,D,boxed,434,1
acc2_keep13056,mmlu,mmlu_02189,1,B,B,boxed,138,1
acc2_keep13056,mmlu,mmlu_02474,0,B,A,boxed,662,1
acc2_keep13056,mmlu,mmlu_13223,0,A,D,boxed,375,1
acc2_keep13056,mmlu,mmlu_07502,1,D,D,boxed,319,1
acc2_keep13056,mmlu,mmlu_05701,1,D,D,boxed,305,1
acc2_keep13056,mmlu,mmlu_03862,1,B,B,boxed,230,1
acc2_keep13056,mmlu,mmlu_06779,1,A,A,boxed,249,1
acc2_keep13056,mmlu,mmlu_07035,1,C,C,boxed,158,1
acc2_keep13056,mmlu,mmlu_00908,1,A,A,boxed,763,1
acc2_keep13056,mmlu,mmlu_10737,1,A,A,boxed,546,1
acc2_keep13056,mmlu,mmlu_11288,0,A,B,boxed,327,1
acc2_keep13056,mmlu,mmlu_01116,1,D,D,boxed,514,1
acc2_keep13056,mmlu,mmlu_03391,1,D,D,boxed,82,1
acc2_keep13056,mmlu,mmlu_05206,1,D,D,boxed,284,1
acc2_keep13056,mmlu,mmlu_04499,0,A,C,boxed,271,1
acc2_keep13824,gsm8k,gsm8k_00657,1,330000.0,330000.0,boxed,192,1
acc2_keep13824,gsm8k,gsm8k_00330,1,31.0,31.0,boxed,153,1
acc2_keep13824,gsm8k,gsm8k_01089,1,32.0,32.0,boxed,159,1
acc2_keep13824,gsm8k,gsm8k_00041,1,200.0,200.0,boxed,261,1
acc2_keep13824,gsm8k,gsm8k_01207,1,64.0,64.0,boxed,115,1
acc2_keep13824,gsm8k,gsm8k_00294,1,3.0,3.0,boxed,177,1
acc2_keep13824,gsm8k,gsm8k_00399,1,12.0,12.0,boxed,209,1
acc2_keep13824,gsm8k,gsm8k_00345,1,310.0,310.0,boxed,106,1
acc2_keep13824,gsm8k,gsm8k_00580,1,500.0,500.0,boxed,494,1
acc2_keep13824,gsm8k,gsm8k_00139,1,70.0,70.0,boxed,168,1
acc2_keep13824,gsm8k,gsm8k_00863,1,110.0,110.0,boxed,184,1
acc2_keep13824,gsm8k,gsm8k_00381,1,67.0,67.0,boxed,142,1
acc2_keep13824,gsm8k,gsm8k_00908,1,14.0,14.0,boxed,146,1
acc2_keep13824,gsm8k,gsm8k_00603,0,1260.0,1800.0,boxed,262,1
acc2_keep13824,gsm8k,gsm8k_01039,1,160.0,160.0,boxed,215,1
acc2_keep13824,gsm8k,gsm8k_01101,1,16.0,16.0,boxed,191,1
acc2_keep13824,gsm8k,gsm8k_00058,1,57.0,57.0,boxed,156,1
acc2_keep13824,gsm8k,gsm8k_00355,1,34.0,34.0,boxed,186,1
acc2_keep13824,gsm8k,gsm8k_01255,1,12.0,12.0,boxed,214,1
acc2_keep13824,gsm8k,gsm8k_00407,1,2000.0,2000.0,boxed,454,1
acc2_keep13824,gsm8k,gsm8k_00666,1,120.0,120.0,boxed,298,1
acc2_keep13824,gsm8k,gsm8k_00107,1,3.0,3.0,boxed,411,1
acc2_keep13824,gsm8k,gsm8k_00934,1,410.0,410.0,boxed,172,1
acc2_keep13824,gsm8k,gsm8k_00325,1,224000.0,224000.0,boxed,319,1
acc2_keep13824,gsm8k,gsm8k_00641,0,378000.0,262500.0,boxed,165,1
acc2_keep13824,gsm8k,gsm8k_00101,1,6.0,6.0,boxed,241,1
acc2_keep13824,gsm8k,gsm8k_00147,0,15.0,75.0,boxed,218,1
acc2_keep13824,gsm8k,gsm8k_00048,1,8.0,8.0,boxed,118,1
acc2_keep13824,gsm8k,gsm8k_00324,1,14.0,14.0,boxed,160,1
acc2_keep13824,gsm8k,gsm8k_00030,1,109.0,109.0,boxed,184,1
acc2_keep13824,gsm8k,gsm8k_00715,1,385000.0,385000.0,boxed,188,1
acc2_keep13824,gsm8k,gsm8k_00127,1,120.0,120.0,boxed,155,1
acc2_keep13824,gsm8k,gsm8k_01305,1,2325.0,2325.0,boxed,284,1
acc2_keep13824,gsm8k,gsm8k_00788,1,100.0,100.0,boxed,124,1
acc2_keep13824,gsm8k,gsm8k_00578,1,48.0,48.0,boxed,149,1
acc2_keep13824,gsm8k,gsm8k_00952,0,1800.0,360.0,boxed,262,1
acc2_keep13824,gsm8k,gsm8k_01143,1,300.0,300.0,boxed,226,1
acc2_keep13824,gsm8k,gsm8k_01019,1,98.0,98.0,boxed,195,1
acc2_keep13824,gsm8k,gsm8k_00778,1,38.0,38.0,boxed,128,1
acc2_keep13824,gsm8k,gsm8k_01184,1,306.0,306.0,boxed,141,1
acc2_keep13824,gsm8k,gsm8k_00694,1,9.0,9.0,boxed,272,1
acc2_keep13824,gsm8k,gsm8k_00536,1,8.0,8.0,boxed,99,1
acc2_keep13824,gsm8k,gsm8k_01085,1,26.0,26.0,boxed,133,1
acc2_keep13824,gsm8k,gsm8k_00358,1,20.0,20.0,boxed,151,1
acc2_keep13824,gsm8k,gsm8k_00406,0,160.0,200.0,boxed,246,1
acc2_keep13824,gsm8k,gsm8k_01128,1,9.0,9.0,boxed,338,1
acc2_keep13824,gsm8k,gsm8k_00833,1,40.0,40.0,boxed,382,1
acc2_keep13824,gsm8k,gsm8k_00566,1,10.0,10.0,boxed,221,1
acc2_keep13824,gsm8k,gsm8k_00067,1,595.0,595.0,boxed,213,1
acc2_keep13824,gsm8k,gsm8k_01029,1,34.0,34.0,boxed,331,1
acc2_keep13824,gsm8k,gsm8k_00957,1,45.0,45.0,boxed,226,1
acc2_keep13824,gsm8k,gsm8k_00941,1,842.0,842.0,boxed,202,1
acc2_keep13824,gsm8k,gsm8k_00859,1,1520.0,1520.0,boxed,187,1
acc2_keep13824,gsm8k,gsm8k_00736,1,3.0,3.0,boxed,195,1
acc2_keep13824,gsm8k,gsm8k_00528,1,172.0,172.0,boxed,360,1
acc2_keep13824,gsm8k,gsm8k_00965,1,374.0,374.0,boxed,332,1
acc2_keep13824,gsm8k,gsm8k_00716,1,770.0,770.0,boxed,142,1
acc2_keep13824,gsm8k,gsm8k_00104,1,500.0,500.0,boxed,156,1
acc2_keep13824,gsm8k,gsm8k_01181,1,20.0,20.0,boxed,448,1
acc2_keep13824,gsm8k,gsm8k_00100,1,175.0,175.0,boxed,300,1
acc2_keep13824,gsm8k,gsm8k_00547,1,81.0,81.0,boxed,306,1
acc2_keep13824,gsm8k,gsm8k_00469,1,4.0,4.0,boxed,149,1
acc2_keep13824,gsm8k,gsm8k_01271,1,43.0,43.0,boxed,299,1
acc2_keep13824,gsm8k,gsm8k_00597,1,90.0,90.0,boxed,218,1
acc2_keep13824,gsm8k,gsm8k_00515,0,288.0,160.0,boxed,169,1
acc2_keep13824,gsm8k,gsm8k_01221,1,10.0,10.0,boxed,207,1
acc2_keep13824,gsm8k,gsm8k_00701,1,200.0,200.0,boxed,217,1
acc2_keep13824,gsm8k,gsm8k_00409,0,42000.0,168000.0,boxed,316,1
acc2_keep13824,gsm8k,gsm8k_00017,1,57500.0,57500.0,boxed,145,1
acc2_keep13824,gsm8k,gsm8k_00009,1,460.0,460.0,boxed,213,1
acc2_keep13824,gsm8k,gsm8k_00433,1,6.0,6.0,boxed,183,1
acc2_keep13824,gsm8k,gsm8k_01009,1,1875.0,1875.0,boxed,333,1
acc2_keep13824,gsm8k,gsm8k_00195,1,12.0,12.0,boxed,274,1
acc2_keep13824,gsm8k,gsm8k_00911,1,64.0,64.0,boxed,138,1
acc2_keep13824,gsm8k,gsm8k_00375,1,48.0,48.0,boxed,134,1
acc2_keep13824,gsm8k,gsm8k_00077,1,100.0,100.0,boxed,278,1
acc2_keep13824,gsm8k,gsm8k_00962,0,600.0,1000.0,boxed,129,1
acc2_keep13824,gsm8k,gsm8k_01025,1,30.0,30.0,boxed,128,1
acc2_keep13824,gsm8k,gsm8k_00393,1,20.0,20.0,boxed,209,1
acc2_keep13824,gsm8k,gsm8k_01026,1,43200.0,43200.0,boxed,311,1
acc2_keep13824,gsm8k,gsm8k_00214,1,8.0,8.0,boxed,762,1
acc2_keep13824,gsm8k,gsm8k_01031,1,5.0,5.0,boxed,202,1
acc2_keep13824,gsm8k,gsm8k_00480,1,11.0,11.0,boxed,239,1
acc2_keep13824,gsm8k,gsm8k_01055,1,2304.0,2304.0,boxed,144,1
acc2_keep13824,gsm8k,gsm8k_00378,1,15.0,15.0,boxed,132,1
acc2_keep13824,gsm8k,gsm8k_01028,1,200.0,200.0,boxed,126,1
acc2_keep13824,gsm8k,gsm8k_00234,1,21.0,21.0,boxed,217,1
acc2_keep13824,gsm8k,gsm8k_00201,1,114200.0,114200.0,boxed,289,1
acc2_keep13824,gsm8k,gsm8k_00831,1,324.0,324.0,boxed,277,1
acc2_keep13824,gsm8k,gsm8k_01202,1,19.0,19.0,boxed,188,1
acc2_keep13824,gsm8k,gsm8k_01043,1,130000.0,130000.0,boxed,199,1
acc2_keep13824,gsm8k,gsm8k_00610,1,65960.0,65960.0,boxed,226,1
acc2_keep13824,gsm8k,gsm8k_01130,1,25.0,25.0,boxed,279,1
acc2_keep13824,gsm8k,gsm8k_00996,1,3.0,3.0,boxed,268,1
acc2_keep13824,gsm8k,gsm8k_01140,1,27.0,27.0,boxed,214,1
acc2_keep13824,gsm8k,gsm8k_00163,1,50.0,50.0,boxed,282,1
acc2_keep13824,gsm8k,gsm8k_00672,1,2.0,2.0,boxed,785,1
acc2_keep13824,gsm8k,gsm8k_01311,1,594.0,594.0,boxed,129,1
acc2_keep13824,gsm8k,gsm8k_00670,1,4.0,4.0,boxed,127,1
acc2_keep13824,gsm8k,gsm8k_00909,1,38.0,38.0,boxed,287,1
acc2_keep13824,gsm8k,gsm8k_00595,1,13.0,13.0,boxed,142,1
acc2_keep13824,gsm8k,gsm8k_01190,1,19.0,19.0,boxed,443,1
acc2_keep13824,gsm8k,gsm8k_00554,1,54.0,54.0,boxed,291,1
acc2_keep13824,gsm8k,gsm8k_01178,1,17.0,17.0,boxed,137,1
acc2_keep13824,gsm8k,gsm8k_01197,1,2400.0,2400.0,boxed,239,1
acc2_keep13824,gsm8k,gsm8k_00852,1,123.0,123.0,boxed,202,1
acc2_keep13824,gsm8k,gsm8k_00142,1,140.0,140.0,boxed,140,1
acc2_keep13824,gsm8k,gsm8k_00636,1,1050.0,1050.0,boxed,210,1
acc2_keep13824,gsm8k,gsm8k_00044,1,20.0,20.0,boxed,226,1
acc2_keep13824,gsm8k,gsm8k_01230,1,440.0,440.0,boxed,205,1
acc2_keep13824,gsm8k,gsm8k_00539,0,40.0,35.0,boxed,138,1
acc2_keep13824,gsm8k,gsm8k_01177,1,17.0,17.0,boxed,217,1
acc2_keep13824,gsm8k,gsm8k_01241,1,8.0,8.0,boxed,204,1
acc2_keep13824,gsm8k,gsm8k_00669,1,132.0,132.0,boxed,189,1
acc2_keep13824,gsm8k,gsm8k_00949,1,42.0,42.0,boxed,238,1
acc2_keep13824,gsm8k,gsm8k_01183,0,12.0,11.0,boxed,181,1
acc2_keep13824,gsm8k,gsm8k_00347,1,36.0,36.0,boxed,105,1
acc2_keep13824,gsm8k,gsm8k_00461,1,9.0,9.0,boxed,216,1
acc2_keep13824,gsm8k,gsm8k_00173,1,18000.0,18000.0,boxed,350,1
acc2_keep13824,gsm8k,gsm8k_00549,1,398.0,398.0,boxed,317,1
acc2_keep13824,gsm8k,gsm8k_00474,1,80.0,80.0,boxed,206,1
acc2_keep13824,gsm8k,gsm8k_01258,1,60.0,60.0,boxed,178,1
acc2_keep13824,gsm8k,gsm8k_00504,1,2.0,2.0,boxed,283,1
acc2_keep13824,gsm8k,gsm8k_00233,1,12.0,12.0,boxed,186,1
acc2_keep13824,gsm8k,gsm8k_01041,1,101.0,101.0,boxed,138,1
acc2_keep13824,gsm8k,gsm8k_00187,0,106.12,106.0,boxed,210,1
acc2_keep13824,gsm8k,gsm8k_01227,0,5.0,66.0,boxed,677,1
acc2_keep13824,gsm8k,gsm8k_01108,1,38.0,38.0,boxed,54,1
acc2_keep13824,gsm8k,gsm8k_00828,1,60.0,60.0,boxed,144,1
acc2_keep13824,gsm8k,gsm8k_01116,1,60.0,60.0,boxed,251,1
acc2_keep13824,gsm8k,gsm8k_00451,1,11050.0,11050.0,boxed,328,1
acc2_keep13824,gsm8k,gsm8k_00080,1,10.0,10.0,boxed,139,1
acc2_keep13824,gsm8k,gsm8k_00191,1,5.0,5.0,boxed,144,1
acc2_keep13824,gsm8k,gsm8k_00458,1,35.0,35.0,boxed,186,1
acc2_keep13824,gsm8k,gsm8k_00307,1,16.0,16.0,boxed,605,1
acc2_keep13824,gsm8k,gsm8k_00069,1,60.0,60.0,boxed,157,1
acc2_keep13824,gsm8k,gsm8k_00590,0,326.0,319.0,boxed,195,1
acc2_keep13824,gsm8k,gsm8k_01153,1,20.0,20.0,boxed,253,1
acc2_keep13824,gsm8k,gsm8k_00472,1,6.0,6.0,boxed,219,1
acc2_keep13824,gsm8k,gsm8k_00990,1,14.0,14.0,boxed,341,1
acc2_keep13824,gsm8k,gsm8k_00252,1,73.0,73.0,boxed,267,1
acc2_keep13824,gsm8k,gsm8k_00005,1,64.0,64.0,boxed,256,1
acc2_keep13824,gsm8k,gsm8k_01215,1,36.0,36.0,boxed,359,1
acc2_keep13824,gsm8k,gsm8k_00808,1,12.0,12.0,boxed,253,1
acc2_keep13824,gsm8k,gsm8k_01054,1,2400.0,2400.0,boxed,103,1
acc2_keep13824,gsm8k,gsm8k_01226,1,90.0,90.0,boxed,191,1
acc2_keep13824,gsm8k,gsm8k_01044,1,1.0,1.0,boxed,175,1
acc2_keep13824,gsm8k,gsm8k_00428,1,26.0,26.0,boxed,269,1
acc2_keep13824,gsm8k,gsm8k_00008,1,45.0,45.0,boxed,332,1
acc2_keep13824,gsm8k,gsm8k_00151,1,5.0,5.0,boxed,244,1
acc2_keep13824,gsm8k,gsm8k_01033,1,2.0,2.0,boxed,167,1
acc2_keep13824,gsm8k,gsm8k_01003,1,480.0,480.0,boxed,335,1
acc2_keep13824,gsm8k,gsm8k_00483,1,40.0,40.0,boxed,219,1
acc2_keep13824,gsm8k,gsm8k_00792,1,75.0,75.0,boxed,113,1
acc2_keep13824,gsm8k,gsm8k_00531,1,66.0,66.0,boxed,256,1
acc2_keep13824,gsm8k,gsm8k_00210,1,10.0,10.0,boxed,338,1
acc2_keep13824,gsm8k,gsm8k_00956,1,1.0,1.0,boxed,199,1
acc2_keep13824,gsm8k,gsm8k_01279,1,180.0,180.0,boxed,153,1
acc2_keep13824,gsm8k,gsm8k_00538,1,18.0,18.0,boxed,212,1
acc2_keep13824,gsm8k,gsm8k_01030,1,24.0,24.0,boxed,660,1
acc2_keep13824,gsm8k,gsm8k_00178,1,122.0,122.0,boxed,213,1
acc2_keep13824,gsm8k,gsm8k_00799,1,4.0,4.0,boxed,129,1
acc2_keep13824,gsm8k,gsm8k_01060,1,31.0,31.0,boxed,452,1
acc2_keep13824,gsm8k,gsm8k_00767,1,60.0,60.0,boxed,129,1
acc2_keep13824,gsm8k,gsm8k_01231,1,70.0,70.0,boxed,150,1
acc2_keep13824,gsm8k,gsm8k_00626,1,72.0,72.0,boxed,279,1
acc2_keep13824,gsm8k,gsm8k_01285,1,1218.0,1218.0,boxed,98,1
acc2_keep13824,gsm8k,gsm8k_00045,1,104.0,104.0,boxed,212,1
acc2_keep13824,gsm8k,gsm8k_01040,1,736.0,736.0,boxed,271,1
acc2_keep13824,gsm8k,gsm8k_00416,1,56.0,56.0,boxed,300,1
acc2_keep13824,gsm8k,gsm8k_00196,1,120.0,120.0,boxed,148,1
acc2_keep13824,gsm8k,gsm8k_00818,1,16.0,16.0,boxed,208,1
acc2_keep13824,gsm8k,gsm8k_00609,1,7.0,7.0,boxed,123,1
acc2_keep13824,gsm8k,gsm8k_00226,1,33.0,33.0,boxed,293,1
acc2_keep13824,gsm8k,gsm8k_00028,1,25.0,25.0,boxed,186,1
acc2_keep13824,gsm8k,gsm8k_00157,0,280.0,80.0,boxed,218,1
acc2_keep13824,gsm8k,gsm8k_01201,1,42.0,42.0,boxed,197,1
acc2_keep13824,gsm8k,gsm8k_00565,1,5.0,5.0,boxed,161,1
acc2_keep13824,gsm8k,gsm8k_00989,0,30.0,45.0,boxed,651,1
acc2_keep13824,gsm8k,gsm8k_01103,1,90.0,90.0,boxed,314,1
acc2_keep13824,gsm8k,gsm8k_00614,1,312.0,312.0,boxed,166,1
acc2_keep13824,gsm8k,gsm8k_01146,1,16.0,16.0,boxed,156,1
acc2_keep13824,gsm8k,gsm8k_00091,1,28.0,28.0,boxed,209,1
acc2_keep13824,gsm8k,gsm8k_01272,1,296.0,296.0,boxed,183,1
acc2_keep13824,gsm8k,gsm8k_01127,1,750.0,750.0,boxed,258,1
acc2_keep13824,gsm8k,gsm8k_00572,1,100.0,100.0,boxed,205,1
acc2_keep13824,gsm8k,gsm8k_00664,1,32.0,32.0,boxed,180,1
acc2_keep13824,gsm8k,gsm8k_01242,1,20.0,20.0,boxed,300,1
acc2_keep13824,gsm8k,gsm8k_00735,1,50.0,50.0,boxed,204,1
acc2_keep13824,gsm8k,gsm8k_00759,1,60000.0,60000.0,boxed,197,1
acc2_keep13824,gsm8k,gsm8k_00620,1,1509.0,1509.0,boxed,189,1
acc2_keep13824,gsm8k,gsm8k_00758,1,133.0,133.0,boxed,65,1
acc2_keep13824,gsm8k,gsm8k_00978,1,160.0,160.0,boxed,174,1
acc2_keep13824,gsm8k,gsm8k_00563,1,12.0,12.0,boxed,190,1
acc2_keep13824,gsm8k,gsm8k_00782,0,27.0,54.0,boxed,320,1
acc2_keep13824,gsm8k,gsm8k_00901,0,4.0,1.0,boxed,163,1
acc2_keep13824,gsm8k,gsm8k_00167,1,16.0,16.0,boxed,335,1
acc2_keep13824,gsm8k,gsm8k_01267,0,80.0,40.0,boxed,203,1
acc2_keep13824,gsm8k,gsm8k_01237,1,78.0,78.0,boxed,106,1
acc2_keep13824,gsm8k,gsm8k_01014,1,3.0,3.0,boxed,322,1
acc2_keep13824,gsm8k,gsm8k_00584,1,2.0,2.0,boxed,206,1
acc2_keep13824,gsm8k,gsm8k_00333,1,100.0,100.0,boxed,181,1
acc2_keep13824,gsm8k,gsm8k_00545,1,30.0,30.0,boxed,96,1
acc2_keep13824,gsm8k,gsm8k_00850,1,70.0,70.0,boxed,225,1
acc2_keep13824,gsm8k,gsm8k_01007,1,34.0,34.0,boxed,188,1
acc2_keep13824,gsm8k,gsm8k_00400,1,48.0,48.0,boxed,112,1
acc2_keep13824,gsm8k,gsm8k_00975,1,20.0,20.0,boxed,320,1
acc2_keep13824,gsm8k,gsm8k_01232,1,15.0,15.0,boxed,158,1
acc2_keep13824,gsm8k,gsm8k_01317,1,5.0,5.0,boxed,353,1
acc2_keep13824,gsm8k,gsm8k_00225,1,9.0,9.0,boxed,200,1
acc2_keep13824,gsm8k,gsm8k_00791,1,100.0,100.0,boxed,191,1
acc2_keep13824,gsm8k,gsm8k_00693,1,68.0,68.0,boxed,278,1
acc2_keep13824,gsm8k,gsm8k_00236,0,30.0,31.0,boxed,346,1
acc2_keep13824,gsm8k,gsm8k_00683,1,50.0,50.0,boxed,290,1
acc2_keep13824,gsm8k,gsm8k_00720,1,4.0,4.0,boxed,133,1
acc2_keep13824,gsm8k,gsm8k_01000,1,1.0,1.0,boxed,219,1
acc2_keep13824,gsm8k,gsm8k_00895,1,74.0,74.0,boxed,196,1
acc2_keep13824,gsm8k,gsm8k_00254,1,84.0,84.0,boxed,211,1
acc2_keep13824,gsm8k,gsm8k_00809,1,50.0,50.0,boxed,133,1
acc2_keep13824,gsm8k,gsm8k_00326,1,14.0,14.0,boxed,183,1
acc2_keep13824,gsm8k,gsm8k_00772,1,50.0,50.0,boxed,207,1
acc2_keep13824,gsm8k,gsm8k_00435,1,5.0,5.0,boxed,108,1
acc2_keep13824,gsm8k,gsm8k_01021,1,36.0,36.0,boxed,269,1
acc2_keep13824,gsm8k,gsm8k_00491,1,16.0,16.0,boxed,134,1
acc2_keep13824,gsm8k,gsm8k_00622,1,7.0,7.0,boxed,244,1
acc2_keep13824,gsm8k,gsm8k_00681,1,298.0,298.0,boxed,284,1
acc2_keep13824,gsm8k,gsm8k_00260,1,11.0,11.0,boxed,176,1
acc2_keep13824,gsm8k,gsm8k_00237,1,90.0,90.0,boxed,89,1
acc2_keep13824,gsm8k,gsm8k_01137,1,68.0,68.0,boxed,305,1
acc2_keep13824,gsm8k,gsm8k_01048,0,976.0,7400.0,last-number,1024,0
acc2_keep13824,gsm8k,gsm8k_00057,1,83.0,83.0,boxed,298,1
acc2_keep13824,gsm8k,gsm8k_00228,1,1.0,1.0,boxed,226,1
acc2_keep13824,gsm8k,gsm8k_00434,0,0.01,5.0,last-number,1024,0
acc2_keep13824,gsm8k,gsm8k_00424,1,570.0,570.0,boxed,130,1
acc2_keep13824,gsm8k,gsm8k_01206,1,40000.0,40000.0,boxed,204,1
acc2_keep13824,gsm8k,gsm8k_00007,0,120.0,160.0,boxed,265,1
acc2_keep13824,gsm8k,gsm8k_00493,1,25.0,25.0,boxed,193,1
acc2_keep13824,gsm8k,gsm8k_01047,1,10.0,10.0,boxed,411,1
acc2_keep13824,gsm8k,gsm8k_00642,1,10800.0,10800.0,boxed,308,1
acc2_keep13824,gsm8k,gsm8k_00740,1,25.0,25.0,boxed,290,1
acc2_keep13824,gsm8k,gsm8k_00796,0,1040000.0,2880000.0,boxed,146,1
acc2_keep13824,gsm8k,gsm8k_00829,1,14000.0,14000.0,boxed,343,1
acc2_keep13824,gsm8k,gsm8k_00729,1,1000.0,1000.0,boxed,398,1
acc2_keep13824,gsm8k,gsm8k_00421,1,12.0,12.0,boxed,105,1
acc2_keep13824,gsm8k,gsm8k_00779,1,255.0,255.0,boxed,374,1
acc2_keep13824,gsm8k,gsm8k_00328,1,2.0,2.0,boxed,159,1
acc2_keep13824,gsm8k,gsm8k_01117,1,9.0,9.0,boxed,228,1
acc2_keep13824,gsm8k,gsm8k_01310,1,64.0,64.0,boxed,370,1
acc2_keep13824,gsm8k,gsm8k_00963,1,147.0,147.0,boxed,376,1
acc2_keep13824,gsm8k,gsm8k_01159,1,50.0,50.0,boxed,212,1
acc2_keep13824,mmlu,mmlu_08129,1,C,C,boxed,122,1
acc2_keep13824,mmlu,mmlu_13824,1,D,D,boxed,178,1
acc2_keep13824,mmlu,mmlu_14037,1,A,A,boxed,183,1
acc2_keep13824,mmlu,mmlu_07535,0,A,B,boxed,74,1
acc2_keep13824,mmlu,mmlu_01453,1,A,A,boxed,600,1
acc2_keep13824,mmlu,mmlu_02098,1,C,C,boxed,257,1
acc2_keep13824,mmlu,mmlu_06200,0,B,A,boxed,211,1
acc2_keep13824,mmlu,mmlu_00563,1,B,B,boxed,209,1
acc2_keep13824,mmlu,mmlu_00805,0,D,A,boxed,363,1
acc2_keep13824,mmlu,mmlu_10646,0,A,C,boxed,331,1
acc2_keep13824,mmlu,mmlu_03476,1,A,A,boxed,191,1
acc2_keep13824,mmlu,mmlu_03099,1,C,C,boxed,154,1
acc2_keep13824,mmlu,mmlu_02848,1,A,A,boxed,284,1
acc2_keep13824,mmlu,mmlu_05061,1,A,A,boxed,165,1
acc2_keep13824,mmlu,mmlu_01355,0,D,C,boxed,187,1
acc2_keep13824,mmlu,mmlu_13412,1,A,A,boxed,249,1
acc2_keep13824,mmlu,mmlu_00894,1,B,B,boxed,355,1
acc2_keep13824,mmlu,mmlu_06727,1,D,D,boxed,182,1
acc2_keep13824,mmlu,mmlu_02515,1,A,A,boxed,446,1
acc2_keep13824,mmlu,mmlu_05781,1,A,A,boxed,300,1
acc2_keep13824,mmlu,mmlu_04936,1,D,D,boxed,313,1
acc2_keep13824,mmlu,mmlu_09187,0,B,D,boxed,145,1
acc2_keep13824,mmlu,mmlu_13296,1,B,B,boxed,227,1
acc2_keep13824,mmlu,mmlu_03312,1,A,A,boxed,310,1
acc2_keep13824,mmlu,mmlu_07789,1,A,A,boxed,57,1
acc2_keep13824,mmlu,mmlu_12878,0,A,B,boxed,253,1
acc2_keep13824,mmlu,mmlu_10258,0,B,D,boxed,97,1
acc2_keep13824,mmlu,mmlu_11586,0,A,B,boxed,218,1
acc2_keep13824,mmlu,mmlu_03765,0,B,D,boxed,224,1
acc2_keep13824,mmlu,mmlu_13456,0,A,B,boxed,256,1
acc2_keep13824,mmlu,mmlu_07304,1,D,D,boxed,44,1
acc2_keep13824,mmlu,mmlu_02732,0,B,C,boxed,201,1
acc2_keep13824,mmlu,mmlu_00726,0,D,C,boxed,187,1
acc2_keep13824,mmlu,mmlu_12805,1,C,C,boxed,330,1
acc2_keep13824,mmlu,mmlu_00499,0,D,B,boxed,301,1
acc2_keep13824,mmlu,mmlu_00325,1,D,D,boxed,427,1
acc2_keep13824,mmlu,mmlu_12401,1,C,C,boxed,536,1
acc2_keep13824,mmlu,mmlu_07644,1,C,C,boxed,84,1
acc2_keep13824,mmlu,mmlu_05720,1,C,C,boxed,260,1
acc2_keep13824,mmlu,mmlu_06333,0,A,B,boxed,186,1
acc2_keep13824,mmlu,mmlu_09406,1,A,A,boxed,141,1
acc2_keep13824,mmlu,mmlu_11854,0,B,D,boxed,448,1
acc2_keep13824,mmlu,mmlu_03054,1,B,B,boxed,392,1
acc2_keep13824,mmlu,mmlu_09016,1,B,B,boxed,145,1
acc2_keep13824,mmlu,mmlu_05196,0,B,A,boxed,295,1
acc2_keep13824,mmlu,mmlu_07819,1,A,A,boxed,124,1
acc2_keep13824,mmlu,mmlu_07449,1,A,A,boxed,145,1
acc2_keep13824,mmlu,mmlu_13049,1,B,B,boxed,192,1
acc2_keep13824,mmlu,mmlu_09769,1,C,C,boxed,324,1
acc2_keep13824,mmlu,mmlu_13884,1,B,B,boxed,193,1
acc2_keep13824,mmlu,mmlu_05266,1,D,D,boxed,141,1
acc2_keep13824,mmlu,mmlu_07220,1,C,C,boxed,210,1
acc2_keep13824,mmlu,mmlu_03770,1,A,A,boxed,214,1
acc2_keep13824,mmlu,mmlu_02228,1,D,D,boxed,249,1
acc2_keep13824,mmlu,mmlu_12320,0,A,D,boxed,220,1
acc2_keep13824,mmlu,mmlu_11756,1,B,B,boxed,399,1
acc2_keep13824,mmlu,mmlu_06674,1,C,C,boxed,211,1
acc2_keep13824,mmlu,mmlu_10299,0,A,B,boxed,255,1
acc2_keep13824,mmlu,mmlu_08362,0,C,D,boxed,506,1
acc2_keep13824,mmlu,mmlu_09084,0,A,D,boxed,138,1
acc2_keep13824,mmlu,mmlu_03045,1,B,B,boxed,271,1
acc2_keep13824,mmlu,mmlu_09324,0,A,B,boxed,211,1
acc2_keep13824,mmlu,mmlu_02089,1,B,B,boxed,140,1
acc2_keep13824,mmlu,mmlu_00207,0,A,D,boxed,268,1
acc2_keep13824,mmlu,mmlu_06047,0,A,B,boxed,430,1
acc2_keep13824,mmlu,mmlu_07246,1,C,C,boxed,161,1
acc2_keep13824,mmlu,mmlu_13314,1,D,D,boxed,205,1
acc2_keep13824,mmlu,mmlu_03090,1,A,A,boxed,332,1
acc2_keep13824,mmlu,mmlu_10761,1,A,A,boxed,465,1
acc2_keep13824,mmlu,mmlu_07323,1,B,B,boxed,267,1
acc2_keep13824,mmlu,mmlu_10167,0,A,B,boxed,295,1
acc2_keep13824,mmlu,mmlu_00574,0,A,B,boxed,108,1
acc2_keep13824,mmlu,mmlu_10766,0,A,C,boxed,340,1
acc2_keep13824,mmlu,mmlu_02014,0,A,C,boxed,142,1
acc2_keep13824,mmlu,mmlu_07741,0,A,B,boxed,225,1
acc2_keep13824,mmlu,mmlu_09686,1,D,D,boxed,283,1
acc2_keep13824,mmlu,mmlu_09163,0,B,A,boxed,193,1
acc2_keep13824,mmlu,mmlu_07031,1,D,D,boxed,242,1
acc2_keep13824,mmlu,mmlu_02401,1,B,B,boxed,67,1
acc2_keep13824,mmlu,mmlu_03459,1,A,A,boxed,171,1
acc2_keep13824,mmlu,mmlu_04462,1,D,D,boxed,334,1
acc2_keep13824,mmlu,mmlu_04201,1,C,C,boxed,325,1
acc2_keep13824,mmlu,mmlu_01601,1,B,B,boxed,154,1
acc2_keep13824,mmlu,mmlu_05153,1,B,B,boxed,334,1
acc2_keep13824,mmlu,mmlu_01238,0,A,D,boxed,232,1
acc2_keep13824,mmlu,mmlu_02593,1,D,D,boxed,105,1
acc2_keep13824,mmlu,mmlu_01738,0,A,D,boxed,314,1
acc2_keep13824,mmlu,mmlu_10082,0,B,D,boxed,357,1
acc2_keep13824,mmlu,mmlu_06767,1,B,B,boxed,308,1
acc2_keep13824,mmlu,mmlu_09473,1,C,C,boxed,172,1
acc2_keep13824,mmlu,mmlu_09835,1,C,C,boxed,328,1
acc2_keep13824,mmlu,mmlu_01120,1,B,B,boxed,277,1
acc2_keep13824,mmlu,mmlu_02978,1,B,B,boxed,346,1
acc2_keep13824,mmlu,mmlu_04119,1,A,A,boxed,369,1
acc2_keep13824,mmlu,mmlu_13190,0,D,C,boxed,502,1
acc2_keep13824,mmlu,mmlu_07643,1,D,D,boxed,128,1
acc2_keep13824,mmlu,mmlu_04416,1,B,B,boxed,208,1
acc2_keep13824,mmlu,mmlu_05246,1,B,B,boxed,135,1
acc2_keep13824,mmlu,mmlu_10980,0,B,A,boxed,500,1
acc2_keep13824,mmlu,mmlu_10789,0,A,C,boxed,806,1
acc2_keep13824,mmlu,mmlu_08147,0,C,B,boxed,557,1
acc2_keep13824,mmlu,mmlu_02638,0,C,B,boxed,95,1
acc2_keep13824,mmlu,mmlu_09320,0,B,A,boxed,167,1
acc2_keep13824,mmlu,mmlu_05580,1,D,D,boxed,410,1
acc2_keep13824,mmlu,mmlu_10377,1,B,B,boxed,239,1
acc2_keep13824,mmlu,mmlu_09518,1,C,C,boxed,106,1
acc2_keep13824,mmlu,mmlu_04079,1,B,B,boxed,265,1
acc2_keep13824,mmlu,mmlu_09002,1,D,D,boxed,172,1
acc2_keep13824,mmlu,mmlu_09489,1,B,B,boxed,242,1
acc2_keep13824,mmlu,mmlu_10523,0,C,B,boxed,398,1
acc2_keep13824,mmlu,mmlu_04871,1,C,C,boxed,159,1
acc2_keep13824,mmlu,mmlu_09822,0,A,C,boxed,301,1
acc2_keep13824,mmlu,mmlu_12983,0,B,D,boxed,333,1
acc2_keep13824,mmlu,mmlu_13987,0,A,C,boxed,308,1
acc2_keep13824,mmlu,mmlu_00353,1,A,A,boxed,368,1
acc2_keep13824,mmlu,mmlu_08264,1,C,C,boxed,370,1
acc2_keep13824,mmlu,mmlu_07127,1,C,C,boxed,217,1
acc2_keep13824,mmlu,mmlu_07339,0,A,B,boxed,254,1
acc2_keep13824,mmlu,mmlu_10355,0,A,D,boxed,325,1
acc2_keep13824,mmlu,mmlu_06471,1,A,A,boxed,289,1
acc2_keep13824,mmlu,mmlu_12050,0,A,D,boxed,585,1
acc2_keep13824,mmlu,mmlu_10997,1,A,A,boxed,447,1
acc2_keep13824,mmlu,mmlu_01697,1,C,C,boxed,309,1
acc2_keep13824,mmlu,mmlu_00837,1,D,D,boxed,191,1
acc2_keep13824,mmlu,mmlu_07442,1,B,B,boxed,82,1
acc2_keep13824,mmlu,mmlu_01824,1,D,D,boxed,678,1
acc2_keep13824,mmlu,mmlu_09671,1,D,D,boxed,164,1
acc2_keep13824,mmlu,mmlu_11645,1,C,C,boxed,334,1
acc2_keep13824,mmlu,mmlu_07587,1,A,A,boxed,46,1
acc2_keep13824,mmlu,mmlu_02662,1,B,B,boxed,112,1
acc2_keep13824,mmlu,mmlu_00968,0,B,A,boxed,757,1
acc2_keep13824,mmlu,mmlu_07858,1,B,B,boxed,239,1
acc2_keep13824,mmlu,mmlu_04379,1,C,C,boxed,217,1
acc2_keep13824,mmlu,mmlu_07799,1,B,B,boxed,137,1
acc2_keep13824,mmlu,mmlu_11526,0,A,B,boxed,691,1
acc2_keep13824,mmlu,mmlu_01249,1,C,C,boxed,236,1
acc2_keep13824,mmlu,mmlu_08554,1,B,B,boxed,132,1
acc2_keep13824,mmlu,mmlu_06478,1,D,D,boxed,274,1
acc2_keep13824,mmlu,mmlu_11027,1,A,A,boxed,503,1
acc2_keep13824,mmlu,mmlu_00847,1,B,B,boxed,435,1
acc2_keep13824,mmlu,mmlu_07116,1,A,A,boxed,231,1
acc2_keep13824,mmlu,mmlu_10095,1,A,A,boxed,193,1
acc2_keep13824,mmlu,mmlu_02331,0,D,B,boxed,135,1
acc2_keep13824,mmlu,mmlu_09636,1,D,D,boxed,141,1
acc2_keep13824,mmlu,mmlu_11387,0,C,D,boxed,714,1
acc2_keep13824,mmlu,mmlu_07300,1,A,A,boxed,253,1
acc2_keep13824,mmlu,mmlu_06208,1,B,B,boxed,241,1
acc2_keep13824,mmlu,mmlu_01055,1,D,D,boxed,716,1
acc2_keep13824,mmlu,mmlu_04770,0,D,C,boxed,266,1
acc2_keep13824,mmlu,mmlu_06190,0,A,C,boxed,175,1
acc2_keep13824,mmlu,mmlu_13316,0,C,D,boxed,412,1
acc2_keep13824,mmlu,mmlu_05177,1,B,B,boxed,206,1
acc2_keep13824,mmlu,mmlu_06226,0,B,D,boxed,274,1
acc2_keep13824,mmlu,mmlu_02710,1,D,D,boxed,224,1
acc2_keep13824,mmlu,mmlu_03700,1,D,D,boxed,141,1
acc2_keep13824,mmlu,mmlu_13690,1,C,C,boxed,267,1
acc2_keep13824,mmlu,mmlu_01523,1,A,A,boxed,190,1
acc2_keep13824,mmlu,mmlu_00613,1,A,A,boxed,138,1
acc2_keep13824,mmlu,mmlu_10302,1,A,A,boxed,248,1
acc2_keep13824,mmlu,mmlu_01778,1,B,B,boxed,373,1
acc2_keep13824,mmlu,mmlu_08371,1,D,D,boxed,353,1
acc2_keep13824,mmlu,mmlu_10590,1,A,A,boxed,223,1
acc2_keep13824,mmlu,mmlu_11789,0,B,A,boxed,492,1
acc2_keep13824,mmlu,mmlu_08317,1,D,D,boxed,301,1
acc2_keep13824,mmlu,mmlu_11697,1,A,A,boxed,380,1
acc2_keep13824,mmlu,mmlu_00880,1,C,C,boxed,273,1
acc2_keep13824,mmlu,mmlu_04187,1,A,A,boxed,278,1
acc2_keep13824,mmlu,mmlu_00782,1,A,A,boxed,246,1
acc2_keep13824,mmlu,mmlu_08043,1,C,C,boxed,170,1
acc2_keep13824,mmlu,mmlu_07136,0,A,C,boxed,205,1
acc2_keep13824,mmlu,mmlu_01897,1,A,A,boxed,314,1
acc2_keep13824,mmlu,mmlu_12056,0,D,B,boxed,364,1
acc2_keep13824,mmlu,mmlu_00997,0,A,C,trailing-letter,1024,0
acc2_keep13824,mmlu,mmlu_09214,0,B,D,boxed,112,1
acc2_keep13824,mmlu,mmlu_03852,1,A,A,boxed,262,1
acc2_keep13824,mmlu,mmlu_09938,1,D,D,boxed,191,1
acc2_keep13824,mmlu,mmlu_06894,0,A,B,boxed,297,1
acc2_keep13824,mmlu,mmlu_13773,0,A,B,boxed,311,1
acc2_keep13824,mmlu,mmlu_06846,1,C,C,boxed,202,1
acc2_keep13824,mmlu,mmlu_10614,1,A,A,boxed,211,1
acc2_keep13824,mmlu,mmlu_01638,0,A,D,boxed,263,1
acc2_keep13824,mmlu,mmlu_12628,1,A,A,boxed,231,1
acc2_keep13824,mmlu,mmlu_01064,1,B,B,boxed,333,1
acc2_keep13824,mmlu,mmlu_09006,0,B,D,boxed,197,1
acc2_keep13824,mmlu,mmlu_04621,1,D,D,boxed,268,1
acc2_keep13824,mmlu,mmlu_08988,1,B,B,boxed,158,1
acc2_keep13824,mmlu,mmlu_12905,1,A,A,boxed,180,1
acc2_keep13824,mmlu,mmlu_04661,1,D,D,boxed,246,1
acc2_keep13824,mmlu,mmlu_07681,1,C,C,boxed,105,1
acc2_keep13824,mmlu,mmlu_03514,1,B,B,boxed,228,1
acc2_keep13824,mmlu,mmlu_08263,0,A,B,boxed,318,1
acc2_keep13824,mmlu,mmlu_02514,1,C,C,boxed,748,1
acc2_keep13824,mmlu,mmlu_04044,1,A,A,boxed,179,1
acc2_keep13824,mmlu,mmlu_11705,0,A,B,boxed,421,1
acc2_keep13824,mmlu,mmlu_07206,1,B,B,boxed,186,1
acc2_keep13824,mmlu,mmlu_13246,1,D,D,boxed,244,1
acc2_keep13824,mmlu,mmlu_07022,1,C,C,boxed,175,1
acc2_keep13824,mmlu,mmlu_08796,0,A,D,boxed,150,1
acc2_keep13824,mmlu,mmlu_03615,1,D,D,boxed,176,1
acc2_keep13824,mmlu,mmlu_01770,1,B,B,boxed,179,1
acc2_keep13824,mmlu,mmlu_05524,0,A,D,boxed,230,1
acc2_keep13824,mmlu,mmlu_12024,1,C,C,boxed,355,1
acc2_keep13824,mmlu,mmlu_03737,1,C,C,boxed,240,1
acc2_keep13824,mmlu,mmlu_05795,1,C,C,boxed,318,1
acc2_keep13824,mmlu,mmlu_13871,1,D,D,boxed,144,1
acc2_keep13824,mmlu,mmlu_11251,0,A,C,boxed,632,1
acc2_keep13824,mmlu,mmlu_07293,1,C,C,boxed,148,1
acc2_keep13824,mmlu,mmlu_09710,0,B,D,boxed,216,1
acc2_keep13824,mmlu,mmlu_11825,0,A,B,boxed,443,1
acc2_keep13824,mmlu,mmlu_05983,1,A,A,boxed,304,1
acc2_keep13824,mmlu,mmlu_00289,1,D,D,boxed,278,1
acc2_keep13824,mmlu,mmlu_11707,1,B,B,boxed,554,1
acc2_keep13824,mmlu,mmlu_02591,0,C,D,boxed,303,1
acc2_keep13824,mmlu,mmlu_08617,0,A,C,boxed,104,1
acc2_keep13824,mmlu,mmlu_09474,1,C,C,boxed,270,1
acc2_keep13824,mmlu,mmlu_12722,1,A,A,boxed,204,1
acc2_keep13824,mmlu,mmlu_11058,0,D,C,boxed,371,1
acc2_keep13824,mmlu,mmlu_10884,0,A,C,boxed,723,1
acc2_keep13824,mmlu,mmlu_05950,1,B,B,boxed,299,1
acc2_keep13824,mmlu,mmlu_09368,1,B,B,boxed,145,1
acc2_keep13824,mmlu,mmlu_11627,1,B,B,boxed,576,1
acc2_keep13824,mmlu,mmlu_07951,0,A,D,boxed,64,1
acc2_keep13824,mmlu,mmlu_07145,1,C,C,boxed,184,1
acc2_keep13824,mmlu,mmlu_07905,1,A,A,boxed,134,1
acc2_keep13824,mmlu,mmlu_04625,1,D,D,boxed,252,1
acc2_keep13824,mmlu,mmlu_02124,1,B,B,boxed,193,1
acc2_keep13824,mmlu,mmlu_05878,1,A,A,boxed,294,1
acc2_keep13824,mmlu,mmlu_09876,1,A,A,boxed,212,1
acc2_keep13824,mmlu,mmlu_02384,1,A,A,boxed,374,1
acc2_keep13824,mmlu,mmlu_04737,1,A,A,boxed,475,1
acc2_keep13824,mmlu,mmlu_08845,0,C,D,boxed,107,1
acc2_keep13824,mmlu,mmlu_03617,1,D,D,boxed,202,1
acc2_keep13824,mmlu,mmlu_13393,0,A,C,boxed,198,1
acc2_keep13824,mmlu,mmlu_04096,1,A,A,boxed,357,1
acc2_keep13824,mmlu,mmlu_10786,0,A,D,boxed,386,1
acc2_keep13824,mmlu,mmlu_02189,1,B,B,boxed,103,1
acc2_keep13824,mmlu,mmlu_02474,1,A,A,trailing-letter,1024,0
acc2_keep13824,mmlu,mmlu_13223,0,A,D,boxed,287,1
acc2_keep13824,mmlu,mmlu_07502,1,D,D,boxed,314,1
acc2_keep13824,mmlu,mmlu_05701,1,D,D,boxed,337,1
acc2_keep13824,mmlu,mmlu_03862,0,A,B,boxed,225,1
acc2_keep13824,mmlu,mmlu_06779,1,A,A,boxed,242,1
acc2_keep13824,mmlu,mmlu_07035,1,C,C,boxed,116,1
acc2_keep13824,mmlu,mmlu_00908,1,A,A,boxed,660,1
acc2_keep13824,mmlu,mmlu_10737,1,A,A,boxed,478,1
acc2_keep13824,mmlu,mmlu_11288,0,A,B,boxed,483,1
acc2_keep13824,mmlu,mmlu_01116,1,D,D,boxed,441,1
acc2_keep13824,mmlu,mmlu_03391,1,D,D,boxed,85,1
acc2_keep13824,mmlu,mmlu_05206,1,D,D,boxed,298,1
acc2_keep13824,mmlu,mmlu_04499,0,B,C,boxed,392,1
acc2_keep14592,gsm8k,gsm8k_00657,1,330000.0,330000.0,boxed,216,1
acc2_keep14592,gsm8k,gsm8k_00330,1,31.0,31.0,boxed,211,1
acc2_keep14592,gsm8k,gsm8k_01089,1,32.0,32.0,boxed,174,1
acc2_keep14592,gsm8k,gsm8k_00041,1,200.0,200.0,boxed,460,1
acc2_keep14592,gsm8k,gsm8k_01207,1,64.0,64.0,boxed,109,1
acc2_keep14592,gsm8k,gsm8k_00294,1,3.0,3.0,boxed,143,1
acc2_keep14592,gsm8k,gsm8k_00399,1,12.0,12.0,boxed,231,1
acc2_keep14592,gsm8k,gsm8k_00345,1,310.0,310.0,boxed,182,1
acc2_keep14592,gsm8k,gsm8k_00580,1,500.0,500.0,boxed,399,1
acc2_keep14592,gsm8k,gsm8k_00139,1,70.0,70.0,boxed,178,1
acc2_keep14592,gsm8k,gsm8k_00863,1,110.0,110.0,boxed,202,1
acc2_keep14592,gsm8k,gsm8k_00381,1,67.0,67.0,boxed,216,1
acc2_keep14592,gsm8k,gsm8k_00908,1,14.0,14.0,boxed,174,1
acc2_keep14592,gsm8k,gsm8k_00603,0,1260.0,1800.0,boxed,403,1
acc2_keep14592,gsm8k,gsm8k_01039,1,160.0,160.0,boxed,193,1
acc2_keep14592,gsm8k,gsm8k_01101,1,16.0,16.0,boxed,193,1
acc2_keep14592,gsm8k,gsm8k_00058,1,57.0,57.0,boxed,173,1
acc2_keep14592,gsm8k,gsm8k_00355,1,34.0,34.0,boxed,188,1
acc2_keep14592,gsm8k,gsm8k_01255,1,12.0,12.0,boxed,293,1
acc2_keep14592,gsm8k,gsm8k_00407,1,2000.0,2000.0,boxed,693,1
acc2_keep14592,gsm8k,gsm8k_00666,1,120.0,120.0,boxed,312,1
acc2_keep14592,gsm8k,gsm8k_00107,1,3.0,3.0,boxed,363,1
acc2_keep14592,gsm8k,gsm8k_00934,1,410.0,410.0,boxed,175,1
acc2_keep14592,gsm8k,gsm8k_00325,1,224000.0,224000.0,boxed,300,1
acc2_keep14592,gsm8k,gsm8k_00641,0,378000.0,262500.0,boxed,220,1
acc2_keep14592,gsm8k,gsm8k_00101,1,6.0,6.0,boxed,233,1
acc2_keep14592,gsm8k,gsm8k_00147,1,75.0,75.0,boxed,416,1
acc2_keep14592,gsm8k,gsm8k_00048,1,8.0,8.0,boxed,114,1
acc2_keep14592,gsm8k,gsm8k_00324,1,14.0,14.0,boxed,573,1
acc2_keep14592,gsm8k,gsm8k_00030,1,109.0,109.0,boxed,184,1
acc2_keep14592,gsm8k,gsm8k_00715,1,385000.0,385000.0,boxed,276,1
acc2_keep14592,gsm8k,gsm8k_00127,1,120.0,120.0,boxed,194,1
acc2_keep14592,gsm8k,gsm8k_01305,1,2325.0,2325.0,boxed,286,1
acc2_keep14592,gsm8k,gsm8k_00788,1,100.0,100.0,boxed,139,1
acc2_keep14592,gsm8k,gsm8k_00578,1,48.0,48.0,boxed,150,1
acc2_keep14592,gsm8k,gsm8k_00952,0,1800.0,360.0,boxed,314,1
acc2_keep14592,gsm8k,gsm8k_01143,1,300.0,300.0,boxed,228,1
acc2_keep14592,gsm8k,gsm8k_01019,0,128.0,98.0,boxed,227,1
acc2_keep14592,gsm8k,gsm8k_00778,1,38.0,38.0,boxed,128,1
acc2_keep14592,gsm8k,gsm8k_01184,1,306.0,306.0,boxed,144,1
acc2_keep14592,gsm8k,gsm8k_00694,1,9.0,9.0,boxed,335,1
acc2_keep14592,gsm8k,gsm8k_00536,1,8.0,8.0,boxed,99,1
acc2_keep14592,gsm8k,gsm8k_01085,1,26.0,26.0,boxed,157,1
acc2_keep14592,gsm8k,gsm8k_00358,1,20.0,20.0,boxed,131,1
acc2_keep14592,gsm8k,gsm8k_00406,0,140.0,200.0,boxed,245,1
acc2_keep14592,gsm8k,gsm8k_01128,1,9.0,9.0,boxed,340,1
acc2_keep14592,gsm8k,gsm8k_00833,1,40.0,40.0,boxed,404,1
acc2_keep14592,gsm8k,gsm8k_00566,1,10.0,10.0,boxed,292,1
acc2_keep14592,gsm8k,gsm8k_00067,1,595.0,595.0,boxed,252,1
acc2_keep14592,gsm8k,gsm8k_01029,1,34.0,34.0,boxed,359,1
acc2_keep14592,gsm8k,gsm8k_00957,1,45.0,45.0,boxed,227,1
acc2_keep14592,gsm8k,gsm8k_00941,1,842.0,842.0,boxed,212,1
acc2_keep14592,gsm8k,gsm8k_00859,1,1520.0,1520.0,boxed,216,1
acc2_keep14592,gsm8k,gsm8k_00736,1,3.0,3.0,boxed,235,1
acc2_keep14592,gsm8k,gsm8k_00528,1,172.0,172.0,boxed,363,1
acc2_keep14592,gsm8k,gsm8k_00965,1,374.0,374.0,boxed,401,1
acc2_keep14592,gsm8k,gsm8k_00716,1,770.0,770.0,boxed,139,1
acc2_keep14592,gsm8k,gsm8k_00104,1,500.0,500.0,boxed,172,1
acc2_keep14592,gsm8k,gsm8k_01181,1,20.0,20.0,boxed,417,1
acc2_keep14592,gsm8k,gsm8k_00100,1,175.0,175.0,boxed,323,1
acc2_keep14592,gsm8k,gsm8k_00547,1,81.0,81.0,boxed,303,1
acc2_keep14592,gsm8k,gsm8k_00469,1,4.0,4.0,boxed,142,1
acc2_keep14592,gsm8k,gsm8k_01271,1,43.0,43.0,boxed,341,1
acc2_keep14592,gsm8k,gsm8k_00597,1,90.0,90.0,boxed,242,1
acc2_keep14592,gsm8k,gsm8k_00515,1,160.0,160.0,boxed,147,1
acc2_keep14592,gsm8k,gsm8k_01221,1,10.0,10.0,boxed,161,1
acc2_keep14592,gsm8k,gsm8k_00701,1,200.0,200.0,boxed,231,1
acc2_keep14592,gsm8k,gsm8k_00409,0,42000.0,168000.0,boxed,250,1
acc2_keep14592,gsm8k,gsm8k_00017,1,57500.0,57500.0,boxed,143,1
acc2_keep14592,gsm8k,gsm8k_00009,1,460.0,460.0,boxed,215,1
acc2_keep14592,gsm8k,gsm8k_00433,1,6.0,6.0,boxed,183,1
acc2_keep14592,gsm8k,gsm8k_01009,1,1875.0,1875.0,boxed,359,1
acc2_keep14592,gsm8k,gsm8k_00195,1,12.0,12.0,boxed,272,1
acc2_keep14592,gsm8k,gsm8k_00911,1,64.0,64.0,boxed,134,1
acc2_keep14592,gsm8k,gsm8k_00375,1,48.0,48.0,boxed,127,1
acc2_keep14592,gsm8k,gsm8k_00077,1,100.0,100.0,boxed,266,1
acc2_keep14592,gsm8k,gsm8k_00962,0,600.0,1000.0,boxed,129,1
acc2_keep14592,gsm8k,gsm8k_01025,1,30.0,30.0,boxed,129,1
acc2_keep14592,gsm8k,gsm8k_00393,1,20.0,20.0,boxed,314,1
acc2_keep14592,gsm8k,gsm8k_01026,1,43200.0,43200.0,boxed,256,1
acc2_keep14592,gsm8k,gsm8k_00214,1,8.0,8.0,boxed,996,1
acc2_keep14592,gsm8k,gsm8k_01031,1,5.0,5.0,boxed,183,1
acc2_keep14592,gsm8k,gsm8k_00480,1,11.0,11.0,boxed,235,1
acc2_keep14592,gsm8k,gsm8k_01055,1,2304.0,2304.0,boxed,201,1
acc2_keep14592,gsm8k,gsm8k_00378,1,15.0,15.0,boxed,158,1
acc2_keep14592,gsm8k,gsm8k_01028,1,200.0,200.0,boxed,186,1
acc2_keep14592,gsm8k,gsm8k_00234,0,14.0,21.0,boxed,367,1
acc2_keep14592,gsm8k,gsm8k_00201,1,114200.0,114200.0,boxed,232,1
acc2_keep14592,gsm8k,gsm8k_00831,1,324.0,324.0,boxed,310,1
acc2_keep14592,gsm8k,gsm8k_01202,1,19.0,19.0,boxed,628,1
acc2_keep14592,gsm8k,gsm8k_01043,1,130000.0,130000.0,boxed,195,1
acc2_keep14592,gsm8k,gsm8k_00610,1,65960.0,65960.0,boxed,207,1
acc2_keep14592,gsm8k,gsm8k_01130,1,25.0,25.0,boxed,310,1
acc2_keep14592,gsm8k,gsm8k_00996,1,3.0,3.0,boxed,224,1
acc2_keep14592,gsm8k,gsm8k_01140,1,27.0,27.0,boxed,222,1
acc2_keep14592,gsm8k,gsm8k_00163,0,54.0,50.0,boxed,329,1
acc2_keep14592,gsm8k,gsm8k_00672,1,2.0,2.0,boxed,853,1
acc2_keep14592,gsm8k,gsm8k_01311,1,594.0,594.0,boxed,182,1
acc2_keep14592,gsm8k,gsm8k_00670,1,4.0,4.0,boxed,127,1
acc2_keep14592,gsm8k,gsm8k_00909,1,38.0,38.0,boxed,251,1
acc2_keep14592,gsm8k,gsm8k_00595,1,13.0,13.0,boxed,142,1
acc2_keep14592,gsm8k,gsm8k_01190,0,38.0,19.0,last-number,1024,0
acc2_keep14592,gsm8k,gsm8k_00554,1,54.0,54.0,boxed,263,1
acc2_keep14592,gsm8k,gsm8k_01178,1,17.0,17.0,boxed,137,1
acc2_keep14592,gsm8k,gsm8k_01197,1,2400.0,2400.0,boxed,250,1
acc2_keep14592,gsm8k,gsm8k_00852,1,123.0,123.0,boxed,286,1
acc2_keep14592,gsm8k,gsm8k_00142,1,140.0,140.0,boxed,144,1
acc2_keep14592,gsm8k,gsm8k_00636,1,1050.0,1050.0,boxed,232,1
acc2_keep14592,gsm8k,gsm8k_00044,1,20.0,20.0,boxed,212,1
acc2_keep14592,gsm8k,gsm8k_01230,1,440.0,440.0,boxed,195,1
acc2_keep14592,gsm8k,gsm8k_00539,0,40.0,35.0,boxed,132,1
acc2_keep14592,gsm8k,gsm8k_01177,1,17.0,17.0,boxed,217,1
acc2_keep14592,gsm8k,gsm8k_01241,1,8.0,8.0,boxed,220,1
acc2_keep14592,gsm8k,gsm8k_00669,1,132.0,132.0,boxed,245,1
acc2_keep14592,gsm8k,gsm8k_00949,1,42.0,42.0,boxed,281,1
acc2_keep14592,gsm8k,gsm8k_01183,0,15.0,11.0,boxed,213,1
acc2_keep14592,gsm8k,gsm8k_00347,1,36.0,36.0,boxed,94,1
acc2_keep14592,gsm8k,gsm8k_00461,1,9.0,9.0,boxed,212,1
acc2_keep14592,gsm8k,gsm8k_00173,1,18000.0,18000.0,boxed,244,1
acc2_keep14592,gsm8k,gsm8k_00549,1,398.0,398.0,boxed,163,1
acc2_keep14592,gsm8k,gsm8k_00474,1,80.0,80.0,boxed,285,1
acc2_keep14592,gsm8k,gsm8k_01258,1,60.0,60.0,boxed,185,1
acc2_keep14592,gsm8k,gsm8k_00504,1,2.0,2.0,boxed,289,1
acc2_keep14592,gsm8k,gsm8k_00233,1,12.0,12.0,boxed,186,1
acc2_keep14592,gsm8k,gsm8k_01041,1,101.0,101.0,boxed,109,1
acc2_keep14592,gsm8k,gsm8k_00187,0,106.12,106.0,boxed,210,1
acc2_keep14592,gsm8k,gsm8k_01227,1,66.0,66.0,boxed,398,1
acc2_keep14592,gsm8k,gsm8k_01108,1,38.0,38.0,boxed,60,1
acc2_keep14592,gsm8k,gsm8k_00828,1,60.0,60.0,boxed,193,1
acc2_keep14592,gsm8k,gsm8k_01116,1,60.0,60.0,boxed,287,1
acc2_keep14592,gsm8k,gsm8k_00451,1,11050.0,11050.0,boxed,314,1
acc2_keep14592,gsm8k,gsm8k_00080,1,10.0,10.0,boxed,146,1
acc2_keep14592,gsm8k,gsm8k_00191,1,5.0,5.0,boxed,145,1
acc2_keep14592,gsm8k,gsm8k_00458,1,35.0,35.0,boxed,251,1
acc2_keep14592,gsm8k,gsm8k_00307,1,16.0,16.0,boxed,477,1
acc2_keep14592,gsm8k,gsm8k_00069,1,60.0,60.0,boxed,168,1
acc2_keep14592,gsm8k,gsm8k_00590,0,318.0,319.0,boxed,223,1
acc2_keep14592,gsm8k,gsm8k_01153,1,20.0,20.0,boxed,247,1
acc2_keep14592,gsm8k,gsm8k_00472,1,6.0,6.0,boxed,263,1
acc2_keep14592,gsm8k,gsm8k_00990,1,14.0,14.0,boxed,357,1
acc2_keep14592,gsm8k,gsm8k_00252,1,73.0,73.0,boxed,301,1
acc2_keep14592,gsm8k,gsm8k_00005,1,64.0,64.0,boxed,346,1
acc2_keep14592,gsm8k,gsm8k_01215,1,36.0,36.0,boxed,345,1
acc2_keep14592,gsm8k,gsm8k_00808,1,12.0,12.0,boxed,254,1
acc2_keep14592,gsm8k,gsm8k_01054,1,2400.0,2400.0,boxed,113,1
acc2_keep14592,gsm8k,gsm8k_01226,1,90.0,90.0,boxed,240,1
acc2_keep14592,gsm8k,gsm8k_01044,1,1.0,1.0,boxed,159,1
acc2_keep14592,gsm8k,gsm8k_00428,1,26.0,26.0,boxed,636,1
acc2_keep14592,gsm8k,gsm8k_00008,0,180.0,45.0,boxed,457,1
acc2_keep14592,gsm8k,gsm8k_00151,1,5.0,5.0,boxed,209,1
acc2_keep14592,gsm8k,gsm8k_01033,1,2.0,2.0,boxed,187,1
acc2_keep14592,gsm8k,gsm8k_01003,0,1200.0,480.0,last-number,1024,0
acc2_keep14592,gsm8k,gsm8k_00483,1,40.0,40.0,boxed,259,1
acc2_keep14592,gsm8k,gsm8k_00792,1,75.0,75.0,boxed,116,1
acc2_keep14592,gsm8k,gsm8k_00531,1,66.0,66.0,boxed,408,1
acc2_keep14592,gsm8k,gsm8k_00210,1,10.0,10.0,boxed,348,1
acc2_keep14592,gsm8k,gsm8k_00956,1,1.0,1.0,boxed,322,1
acc2_keep14592,gsm8k,gsm8k_01279,1,180.0,180.0,boxed,164,1
acc2_keep14592,gsm8k,gsm8k_00538,1,18.0,18.0,boxed,211,1
acc2_keep14592,gsm8k,gsm8k_01030,1,24.0,24.0,boxed,431,1
acc2_keep14592,gsm8k,gsm8k_00178,1,122.0,122.0,boxed,193,1
acc2_keep14592,gsm8k,gsm8k_00799,1,4.0,4.0,boxed,157,1
acc2_keep14592,gsm8k,gsm8k_01060,1,31.0,31.0,boxed,298,1
acc2_keep14592,gsm8k,gsm8k_00767,1,60.0,60.0,boxed,134,1
acc2_keep14592,gsm8k,gsm8k_01231,1,70.0,70.0,boxed,150,1
acc2_keep14592,gsm8k,gsm8k_00626,1,72.0,72.0,boxed,218,1
acc2_keep14592,gsm8k,gsm8k_01285,1,1218.0,1218.0,boxed,134,1
acc2_keep14592,gsm8k,gsm8k_00045,1,104.0,104.0,boxed,259,1
acc2_keep14592,gsm8k,gsm8k_01040,1,736.0,736.0,boxed,271,1
acc2_keep14592,gsm8k,gsm8k_00416,1,56.0,56.0,boxed,310,1
acc2_keep14592,gsm8k,gsm8k_00196,1,120.0,120.0,boxed,146,1
acc2_keep14592,gsm8k,gsm8k_00818,1,16.0,16.0,boxed,219,1
acc2_keep14592,gsm8k,gsm8k_00609,1,7.0,7.0,boxed,127,1
acc2_keep14592,gsm8k,gsm8k_00226,1,33.0,33.0,boxed,375,1
acc2_keep14592,gsm8k,gsm8k_00028,1,25.0,25.0,boxed,185,1
acc2_keep14592,gsm8k,gsm8k_00157,0,280.0,80.0,boxed,213,1
acc2_keep14592,gsm8k,gsm8k_01201,1,42.0,42.0,boxed,197,1
acc2_keep14592,gsm8k,gsm8k_00565,1,5.0,5.0,boxed,168,1
acc2_keep14592,gsm8k,gsm8k_00989,0,90.0,45.0,last-number,1024,0
acc2_keep14592,gsm8k,gsm8k_01103,1,90.0,90.0,boxed,333,1
acc2_keep14592,gsm8k,gsm8k_00614,1,312.0,312.0,boxed,193,1
acc2_keep14592,gsm8k,gsm8k_01146,1,16.0,16.0,boxed,291,1
acc2_keep14592,gsm8k,gsm8k_00091,1,28.0,28.0,boxed,241,1
acc2_keep14592,gsm8k,gsm8k_01272,1,296.0,296.0,boxed,210,1
acc2_keep14592,gsm8k,gsm8k_01127,1,750.0,750.0,boxed,286,1
acc2_keep14592,gsm8k,gsm8k_00572,1,100.0,100.0,boxed,227,1
acc2_keep14592,gsm8k,gsm8k_00664,1,32.0,32.0,boxed,215,1
acc2_keep14592,gsm8k,gsm8k_01242,1,20.0,20.0,boxed,300,1
acc2_keep14592,gsm8k,gsm8k_00735,1,50.0,50.0,boxed,260,1
acc2_keep14592,gsm8k,gsm8k_00759,1,60000.0,60000.0,boxed,200,1
acc2_keep14592,gsm8k,gsm8k_00620,1,1509.0,1509.0,boxed,180,1
acc2_keep14592,gsm8k,gsm8k_00758,1,133.0,133.0,boxed,80,1
acc2_keep14592,gsm8k,gsm8k_00978,1,160.0,160.0,boxed,176,1
acc2_keep14592,gsm8k,gsm8k_00563,1,12.0,12.0,boxed,196,1
acc2_keep14592,gsm8k,gsm8k_00782,0,27.0,54.0,boxed,229,1
acc2_keep14592,gsm8k,gsm8k_00901,0,2.0,1.0,boxed,182,1
acc2_keep14592,gsm8k,gsm8k_00167,1,16.0,16.0,boxed,334,1
acc2_keep14592,gsm8k,gsm8k_01267,1,40.0,40.0,boxed,391,1
acc2_keep14592,gsm8k,gsm8k_01237,1,78.0,78.0,boxed,93,1
acc2_keep14592,gsm8k,gsm8k_01014,1,3.0,3.0,boxed,216,1
acc2_keep14592,gsm8k,gsm8k_00584,1,2.0,2.0,boxed,236,1
acc2_keep14592,gsm8k,gsm8k_00333,1,100.0,100.0,boxed,181,1
acc2_keep14592,gsm8k,gsm8k_00545,1,30.0,30.0,boxed,113,1
acc2_keep14592,gsm8k,gsm8k_00850,1,70.0,70.0,boxed,223,1
acc2_keep14592,gsm8k,gsm8k_01007,1,34.0,34.0,boxed,188,1
acc2_keep14592,gsm8k,gsm8k_00400,1,48.0,48.0,boxed,147,1
acc2_keep14592,gsm8k,gsm8k_00975,1,20.0,20.0,boxed,262,1
acc2_keep14592,gsm8k,gsm8k_01232,1,15.0,15.0,boxed,166,1
acc2_keep14592,gsm8k,gsm8k_01317,1,5.0,5.0,boxed,343,1
acc2_keep14592,gsm8k,gsm8k_00225,1,9.0,9.0,boxed,203,1
acc2_keep14592,gsm8k,gsm8k_00791,1,100.0,100.0,boxed,191,1
acc2_keep14592,gsm8k,gsm8k_00693,1,68.0,68.0,boxed,278,1
acc2_keep14592,gsm8k,gsm8k_00236,0,7.0,31.0,last-number,1024,0
acc2_keep14592,gsm8k,gsm8k_00683,1,50.0,50.0,boxed,364,1
acc2_keep14592,gsm8k,gsm8k_00720,1,4.0,4.0,boxed,184,1
acc2_keep14592,gsm8k,gsm8k_01000,1,1.0,1.0,boxed,362,1
acc2_keep14592,gsm8k,gsm8k_00895,1,74.0,74.0,boxed,198,1
acc2_keep14592,gsm8k,gsm8k_00254,1,84.0,84.0,boxed,215,1
acc2_keep14592,gsm8k,gsm8k_00809,1,50.0,50.0,boxed,115,1
acc2_keep14592,gsm8k,gsm8k_00326,1,14.0,14.0,boxed,199,1
acc2_keep14592,gsm8k,gsm8k_00772,1,50.0,50.0,boxed,222,1
acc2_keep14592,gsm8k,gsm8k_00435,1,5.0,5.0,boxed,79,1
acc2_keep14592,gsm8k,gsm8k_01021,1,36.0,36.0,boxed,272,1
acc2_keep14592,gsm8k,gsm8k_00491,1,16.0,16.0,boxed,99,1
acc2_keep14592,gsm8k,gsm8k_00622,1,7.0,7.0,boxed,258,1
acc2_keep14592,gsm8k,gsm8k_00681,1,298.0,298.0,boxed,338,1
acc2_keep14592,gsm8k,gsm8k_00260,1,11.0,11.0,boxed,167,1
acc2_keep14592,gsm8k,gsm8k_00237,1,90.0,90.0,boxed,94,1
acc2_keep14592,gsm8k,gsm8k_01137,1,68.0,68.0,boxed,364,1
acc2_keep14592,gsm8k,gsm8k_01048,0,9858.38,7400.0,boxed,450,1
acc2_keep14592,gsm8k,gsm8k_00057,1,83.0,83.0,boxed,384,1
acc2_keep14592,gsm8k,gsm8k_00228,1,1.0,1.0,boxed,223,1
acc2_keep14592,gsm8k,gsm8k_00434,0,0.75,5.0,last-number,1024,0
acc2_keep14592,gsm8k,gsm8k_00424,1,570.0,570.0,boxed,141,1
acc2_keep14592,gsm8k,gsm8k_01206,1,40000.0,40000.0,boxed,135,1
acc2_keep14592,gsm8k,gsm8k_00007,1,160.0,160.0,boxed,235,1
acc2_keep14592,gsm8k,gsm8k_00493,1,25.0,25.0,boxed,189,1
acc2_keep14592,gsm8k,gsm8k_01047,1,10.0,10.0,boxed,416,1
acc2_keep14592,gsm8k,gsm8k_00642,1,10800.0,10800.0,boxed,270,1
acc2_keep14592,gsm8k,gsm8k_00740,1,25.0,25.0,boxed,290,1
acc2_keep14592,gsm8k,gsm8k_00796,0,3120000.0,2880000.0,boxed,163,1
acc2_keep14592,gsm8k,gsm8k_00829,1,14000.0,14000.0,boxed,338,1
acc2_keep14592,gsm8k,gsm8k_00729,1,1000.0,1000.0,boxed,449,1
acc2_keep14592,gsm8k,gsm8k_00421,1,12.0,12.0,boxed,170,1
acc2_keep14592,gsm8k,gsm8k_00779,1,255.0,255.0,boxed,395,1
acc2_keep14592,gsm8k,gsm8k_00328,1,2.0,2.0,boxed,174,1
acc2_keep14592,gsm8k,gsm8k_01117,1,9.0,9.0,boxed,222,1
acc2_keep14592,gsm8k,gsm8k_01310,1,64.0,64.0,boxed,532,1
acc2_keep14592,gsm8k,gsm8k_00963,1,147.0,147.0,boxed,438,1
acc2_keep14592,gsm8k,gsm8k_01159,1,50.0,50.0,boxed,295,1
acc2_keep14592,mmlu,mmlu_08129,1,C,C,boxed,135,1
acc2_keep14592,mmlu,mmlu_13824,1,D,D,boxed,189,1
acc2_keep14592,mmlu,mmlu_14037,1,A,A,boxed,255,1
acc2_keep14592,mmlu,mmlu_07535,0,A,B,boxed,109,1
acc2_keep14592,mmlu,mmlu_01453,1,A,A,boxed,359,1
acc2_keep14592,mmlu,mmlu_02098,1,C,C,boxed,258,1
acc2_keep14592,mmlu,mmlu_06200,1,A,A,boxed,236,1
acc2_keep14592,mmlu,mmlu_00563,1,B,B,boxed,329,1
acc2_keep14592,mmlu,mmlu_00805,0,D,A,boxed,497,1
acc2_keep14592,mmlu,mmlu_10646,0,A,C,boxed,404,1
acc2_keep14592,mmlu,mmlu_03476,1,A,A,boxed,178,1
acc2_keep14592,mmlu,mmlu_03099,1,C,C,boxed,147,1
acc2_keep14592,mmlu,mmlu_02848,1,A,A,boxed,327,1
acc2_keep14592,mmlu,mmlu_05061,1,A,A,boxed,181,1
acc2_keep14592,mmlu,mmlu_01355,0,D,C,boxed,216,1
acc2_keep14592,mmlu,mmlu_13412,1,A,A,boxed,373,1
acc2_keep14592,mmlu,mmlu_00894,1,B,B,boxed,338,1
acc2_keep14592,mmlu,mmlu_06727,1,D,D,boxed,217,1
acc2_keep14592,mmlu,mmlu_02515,1,A,A,boxed,455,1
acc2_keep14592,mmlu,mmlu_05781,1,A,A,boxed,394,1
acc2_keep14592,mmlu,mmlu_04936,1,D,D,boxed,332,1
acc2_keep14592,mmlu,mmlu_09187,0,B,D,boxed,164,1
acc2_keep14592,mmlu,mmlu_13296,1,B,B,boxed,264,1
acc2_keep14592,mmlu,mmlu_03312,1,A,A,boxed,341,1
acc2_keep14592,mmlu,mmlu_07789,1,A,A,boxed,150,1
acc2_keep14592,mmlu,mmlu_12878,0,A,B,boxed,250,1
acc2_keep14592,mmlu,mmlu_10258,0,B,D,boxed,120,1
acc2_keep14592,mmlu,mmlu_11586,0,A,B,boxed,387,1
acc2_keep14592,mmlu,mmlu_03765,0,B,D,boxed,220,1
acc2_keep14592,mmlu,mmlu_13456,0,A,B,boxed,298,1
acc2_keep14592,mmlu,mmlu_07304,1,D,D,boxed,69,1
acc2_keep14592,mmlu,mmlu_02732,0,B,C,boxed,186,1
acc2_keep14592,mmlu,mmlu_00726,0,D,C,boxed,216,1
acc2_keep14592,mmlu,mmlu_12805,1,C,C,boxed,369,1
acc2_keep14592,mmlu,mmlu_00499,0,D,B,boxed,307,1
acc2_keep14592,mmlu,mmlu_00325,1,D,D,boxed,393,1
acc2_keep14592,mmlu,mmlu_12401,1,C,C,boxed,540,1
acc2_keep14592,mmlu,mmlu_07644,1,C,C,boxed,120,1
acc2_keep14592,mmlu,mmlu_05720,1,C,C,boxed,245,1
acc2_keep14592,mmlu,mmlu_06333,1,B,B,boxed,212,1
acc2_keep14592,mmlu,mmlu_09406,0,B,A,boxed,229,1
acc2_keep14592,mmlu,mmlu_11854,0,B,D,boxed,503,1
acc2_keep14592,mmlu,mmlu_03054,1,B,B,boxed,422,1
acc2_keep14592,mmlu,mmlu_09016,1,B,B,boxed,175,1
acc2_keep14592,mmlu,mmlu_05196,0,B,A,boxed,275,1
acc2_keep14592,mmlu,mmlu_07819,1,A,A,boxed,195,1
acc2_keep14592,mmlu,mmlu_07449,1,A,A,boxed,152,1
acc2_keep14592,mmlu,mmlu_13049,1,B,B,boxed,174,1
acc2_keep14592,mmlu,mmlu_09769,1,C,C,boxed,308,1
acc2_keep14592,mmlu,mmlu_13884,1,B,B,boxed,171,1
acc2_keep14592,mmlu,mmlu_05266,1,D,D,boxed,198,1
acc2_keep14592,mmlu,mmlu_07220,1,C,C,boxed,202,1
acc2_keep14592,mmlu,mmlu_03770,1,A,A,boxed,201,1
acc2_keep14592,mmlu,mmlu_02228,1,D,D,boxed,260,1
acc2_keep14592,mmlu,mmlu_12320,0,A,D,boxed,279,1
acc2_keep14592,mmlu,mmlu_11756,0,A,B,boxed,390,1
acc2_keep14592,mmlu,mmlu_06674,1,C,C,boxed,213,1
acc2_keep14592,mmlu,mmlu_10299,1,B,B,boxed,291,1
acc2_keep14592,mmlu,mmlu_08362,0,A,D,boxed,342,1
acc2_keep14592,mmlu,mmlu_09084,0,B,D,boxed,144,1
acc2_keep14592,mmlu,mmlu_03045,1,B,B,boxed,234,1
acc2_keep14592,mmlu,mmlu_09324,1,B,B,boxed,208,1
acc2_keep14592,mmlu,mmlu_02089,1,B,B,boxed,142,1
acc2_keep14592,mmlu,mmlu_00207,0,A,D,boxed,294,1
acc2_keep14592,mmlu,mmlu_06047,0,A,B,boxed,479,1
acc2_keep14592,mmlu,mmlu_07246,1,C,C,boxed,148,1
acc2_keep14592,mmlu,mmlu_13314,1,D,D,boxed,246,1
acc2_keep14592,mmlu,mmlu_03090,1,A,A,boxed,403,1
acc2_keep14592,mmlu,mmlu_10761,1,A,A,boxed,485,1
acc2_keep14592,mmlu,mmlu_07323,1,B,B,boxed,248,1
acc2_keep14592,mmlu,mmlu_10167,0,A,B,boxed,255,1
acc2_keep14592,mmlu,mmlu_00574,0,C,B,boxed,139,1
acc2_keep14592,mmlu,mmlu_10766,0,A,C,boxed,517,1
acc2_keep14592,mmlu,mmlu_02014,0,B,C,boxed,187,1
acc2_keep14592,mmlu,mmlu_07741,0,A,B,boxed,266,1
acc2_keep14592,mmlu,mmlu_09686,1,D,D,boxed,328,1
acc2_keep14592,mmlu,mmlu_09163,0,B,A,boxed,197,1
acc2_keep14592,mmlu,mmlu_07031,1,D,D,boxed,293,1
acc2_keep14592,mmlu,mmlu_02401,1,B,B,boxed,136,1
acc2_keep14592,mmlu,mmlu_03459,1,A,A,boxed,168,1
acc2_keep14592,mmlu,mmlu_04462,1,D,D,boxed,266,1
acc2_keep14592,mmlu,mmlu_04201,1,C,C,boxed,334,1
acc2_keep14592,mmlu,mmlu_01601,1,B,B,boxed,146,1
acc2_keep14592,mmlu,mmlu_05153,1,B,B,boxed,389,1
acc2_keep14592,mmlu,mmlu_01238,0,A,D,boxed,212,1
acc2_keep14592,mmlu,mmlu_02593,1,D,D,boxed,137,1
acc2_keep14592,mmlu,mmlu_01738,0,A,D,boxed,242,1
acc2_keep14592,mmlu,mmlu_10082,0,B,D,boxed,436,1
acc2_keep14592,mmlu,mmlu_06767,1,B,B,boxed,290,1
acc2_keep14592,mmlu,mmlu_09473,1,C,C,boxed,183,1
acc2_keep14592,mmlu,mmlu_09835,1,C,C,boxed,282,1
acc2_keep14592,mmlu,mmlu_01120,0,A,B,boxed,544,1
acc2_keep14592,mmlu,mmlu_02978,1,B,B,boxed,366,1
acc2_keep14592,mmlu,mmlu_04119,1,A,A,boxed,377,1
acc2_keep14592,mmlu,mmlu_13190,0,A,C,boxed,550,1
acc2_keep14592,mmlu,mmlu_07643,1,D,D,boxed,152,1
acc2_keep14592,mmlu,mmlu_04416,1,B,B,boxed,208,1
acc2_keep14592,mmlu,mmlu_05246,1,B,B,boxed,205,1
acc2_keep14592,mmlu,mmlu_10980,0,B,A,boxed,507,1
acc2_keep14592,mmlu,mmlu_10789,0,A,C,boxed,893,1
acc2_keep14592,mmlu,mmlu_08147,1,B,B,boxed,581,1
acc2_keep14592,mmlu,mmlu_02638,0,C,B,boxed,109,1
acc2_keep14592,mmlu,mmlu_09320,0,C,A,boxed,197,1
acc2_keep14592,mmlu,mmlu_05580,1,D,D,boxed,485,1
acc2_keep14592,mmlu,mmlu_10377,1,B,B,boxed,274,1
acc2_keep14592,mmlu,mmlu_09518,1,C,C,boxed,98,1
acc2_keep14592,mmlu,mmlu_04079,1,B,B,boxed,348,1
acc2_keep14592,mmlu,mmlu_09002,1,D,D,boxed,189,1
acc2_keep14592,mmlu,mmlu_09489,1,B,B,boxed,246,1
acc2_keep14592,mmlu,mmlu_10523,0,C,B,boxed,374,1
acc2_keep14592,mmlu,mmlu_04871,1,C,C,boxed,174,1
acc2_keep14592,mmlu,mmlu_09822,0,A,C,boxed,273,1
acc2_keep14592,mmlu,mmlu_12983,0,B,D,boxed,283,1
acc2_keep14592,mmlu,mmlu_13987,0,A,C,boxed,290,1
acc2_keep14592,mmlu,mmlu_00353,1,A,A,boxed,367,1
acc2_keep14592,mmlu,mmlu_08264,1,C,C,boxed,340,1
acc2_keep14592,mmlu,mmlu_07127,1,C,C,boxed,231,1
acc2_keep14592,mmlu,mmlu_07339,0,A,B,boxed,307,1
acc2_keep14592,mmlu,mmlu_10355,0,A,D,boxed,345,1
acc2_keep14592,mmlu,mmlu_06471,1,A,A,boxed,327,1
acc2_keep14592,mmlu,mmlu_12050,0,B,D,boxed,591,1
acc2_keep14592,mmlu,mmlu_10997,1,A,A,boxed,482,1
acc2_keep14592,mmlu,mmlu_01697,1,C,C,boxed,298,1
acc2_keep14592,mmlu,mmlu_00837,1,D,D,boxed,224,1
acc2_keep14592,mmlu,mmlu_07442,1,B,B,boxed,100,1
acc2_keep14592,mmlu,mmlu_01824,0,,D,fail,1024,0
acc2_keep14592,mmlu,mmlu_09671,1,D,D,boxed,214,1
acc2_keep14592,mmlu,mmlu_11645,1,C,C,boxed,358,1
acc2_keep14592,mmlu,mmlu_07587,1,A,A,boxed,75,1
acc2_keep14592,mmlu,mmlu_02662,1,B,B,boxed,115,1
acc2_keep14592,mmlu,mmlu_00968,0,B,A,boxed,770,1
acc2_keep14592,mmlu,mmlu_07858,1,B,B,boxed,199,1
acc2_keep14592,mmlu,mmlu_04379,1,C,C,boxed,243,1
acc2_keep14592,mmlu,mmlu_07799,1,B,B,boxed,144,1
acc2_keep14592,mmlu,mmlu_11526,0,A,B,boxed,612,1
acc2_keep14592,mmlu,mmlu_01249,1,C,C,boxed,210,1
acc2_keep14592,mmlu,mmlu_08554,1,B,B,boxed,168,1
acc2_keep14592,mmlu,mmlu_06478,1,D,D,boxed,260,1
acc2_keep14592,mmlu,mmlu_11027,1,A,A,boxed,384,1
acc2_keep14592,mmlu,mmlu_00847,1,B,B,boxed,422,1
acc2_keep14592,mmlu,mmlu_07116,1,A,A,boxed,259,1
acc2_keep14592,mmlu,mmlu_10095,1,A,A,boxed,217,1
acc2_keep14592,mmlu,mmlu_02331,0,D,B,boxed,139,1
acc2_keep14592,mmlu,mmlu_09636,1,D,D,boxed,143,1
acc2_keep14592,mmlu,mmlu_11387,1,D,D,boxed,730,1
acc2_keep14592,mmlu,mmlu_07300,1,A,A,boxed,321,1
acc2_keep14592,mmlu,mmlu_06208,1,B,B,boxed,277,1
acc2_keep14592,mmlu,mmlu_01055,0,,D,fail,1024,0
acc2_keep14592,mmlu,mmlu_04770,0,D,C,boxed,285,1
acc2_keep14592,mmlu,mmlu_06190,0,A,C,boxed,182,1
acc2_keep14592,mmlu,mmlu_13316,0,C,D,boxed,454,1
acc2_keep14592,mmlu,mmlu_05177,1,B,B,boxed,213,1
acc2_keep14592,mmlu,mmlu_06226,1,D,D,boxed,239,1
acc2_keep14592,mmlu,mmlu_02710,1,D,D,boxed,262,1
acc2_keep14592,mmlu,mmlu_03700,1,D,D,boxed,157,1
acc2_keep14592,mmlu,mmlu_13690,0,A,C,boxed,237,1
acc2_keep14592,mmlu,mmlu_01523,1,A,A,boxed,155,1
acc2_keep14592,mmlu,mmlu_00613,1,A,A,boxed,170,1
acc2_keep14592,mmlu,mmlu_10302,0,B,A,boxed,213,1
acc2_keep14592,mmlu,mmlu_01778,1,B,B,boxed,375,1
acc2_keep14592,mmlu,mmlu_08371,1,D,D,boxed,368,1
acc2_keep14592,mmlu,mmlu_10590,0,C,A,boxed,245,1
acc2_keep14592,mmlu,mmlu_11789,0,B,A,boxed,481,1
acc2_keep14592,mmlu,mmlu_08317,0,B,D,boxed,479,1
acc2_keep14592,mmlu,mmlu_11697,1,A,A,boxed,462,1
acc2_keep14592,mmlu,mmlu_00880,1,C,C,boxed,244,1
acc2_keep14592,mmlu,mmlu_04187,1,A,A,boxed,293,1
acc2_keep14592,mmlu,mmlu_00782,1,A,A,boxed,227,1
acc2_keep14592,mmlu,mmlu_08043,1,C,C,boxed,176,1
acc2_keep14592,mmlu,mmlu_07136,0,A,C,boxed,230,1
acc2_keep14592,mmlu,mmlu_01897,1,A,A,boxed,345,1
acc2_keep14592,mmlu,mmlu_12056,0,C,B,boxed,350,1
acc2_keep14592,mmlu,mmlu_00997,0,A,C,boxed,450,1
acc2_keep14592,mmlu,mmlu_09214,1,D,D,boxed,234,1
acc2_keep14592,mmlu,mmlu_03852,1,A,A,boxed,241,1
acc2_keep14592,mmlu,mmlu_09938,1,D,D,boxed,393,1
acc2_keep14592,mmlu,mmlu_06894,0,A,B,boxed,309,1
acc2_keep14592,mmlu,mmlu_13773,0,A,B,boxed,276,1
acc2_keep14592,mmlu,mmlu_06846,0,D,C,boxed,175,1
acc2_keep14592,mmlu,mmlu_10614,1,A,A,boxed,235,1
acc2_keep14592,mmlu,mmlu_01638,0,A,D,boxed,306,1
acc2_keep14592,mmlu,mmlu_12628,1,A,A,boxed,395,1
acc2_keep14592,mmlu,mmlu_01064,1,B,B,boxed,327,1
acc2_keep14592,mmlu,mmlu_09006,0,B,D,boxed,209,1
acc2_keep14592,mmlu,mmlu_04621,1,D,D,boxed,353,1
acc2_keep14592,mmlu,mmlu_08988,1,B,B,boxed,161,1
acc2_keep14592,mmlu,mmlu_12905,1,A,A,boxed,162,1
acc2_keep14592,mmlu,mmlu_04661,1,D,D,boxed,264,1
acc2_keep14592,mmlu,mmlu_07681,1,C,C,boxed,106,1
acc2_keep14592,mmlu,mmlu_03514,1,B,B,boxed,259,1
acc2_keep14592,mmlu,mmlu_08263,0,A,B,boxed,409,1
acc2_keep14592,mmlu,mmlu_02514,1,C,C,boxed,1009,1
acc2_keep14592,mmlu,mmlu_04044,0,D,A,boxed,220,1
acc2_keep14592,mmlu,mmlu_11705,0,C,B,boxed,521,1
acc2_keep14592,mmlu,mmlu_07206,1,B,B,boxed,188,1
acc2_keep14592,mmlu,mmlu_13246,1,D,D,boxed,203,1
acc2_keep14592,mmlu,mmlu_07022,1,C,C,boxed,179,1
acc2_keep14592,mmlu,mmlu_08796,0,C,D,boxed,166,1
acc2_keep14592,mmlu,mmlu_03615,1,D,D,boxed,197,1
acc2_keep14592,mmlu,mmlu_01770,1,B,B,boxed,186,1
acc2_keep14592,mmlu,mmlu_05524,0,A,D,boxed,212,1
acc2_keep14592,mmlu,mmlu_12024,1,C,C,boxed,302,1
acc2_keep14592,mmlu,mmlu_03737,1,C,C,boxed,266,1
acc2_keep14592,mmlu,mmlu_05795,1,C,C,boxed,356,1
acc2_keep14592,mmlu,mmlu_13871,1,D,D,boxed,168,1
acc2_keep14592,mmlu,mmlu_11251,0,A,C,boxed,594,1
acc2_keep14592,mmlu,mmlu_07293,1,C,C,boxed,169,1
acc2_keep14592,mmlu,mmlu_09710,1,D,D,boxed,267,1
acc2_keep14592,mmlu,mmlu_11825,0,A,B,boxed,553,1
acc2_keep14592,mmlu,mmlu_05983,1,A,A,boxed,365,1
acc2_keep14592,mmlu,mmlu_00289,1,D,D,boxed,286,1
acc2_keep14592,mmlu,mmlu_11707,0,A,B,boxed,562,1
acc2_keep14592,mmlu,mmlu_02591,0,B,D,boxed,330,1
acc2_keep14592,mmlu,mmlu_08617,0,B,C,boxed,145,1
acc2_keep14592,mmlu,mmlu_09474,1,C,C,boxed,271,1
acc2_keep14592,mmlu,mmlu_12722,1,A,A,boxed,231,1
acc2_keep14592,mmlu,mmlu_11058,0,D,C,boxed,252,1
acc2_keep14592,mmlu,mmlu_10884,0,B,C,boxed,672,1
acc2_keep14592,mmlu,mmlu_05950,1,B,B,boxed,201,1
acc2_keep14592,mmlu,mmlu_09368,1,B,B,boxed,159,1
acc2_keep14592,mmlu,mmlu_11627,1,B,B,boxed,515,1
acc2_keep14592,mmlu,mmlu_07951,0,B,D,boxed,71,1
acc2_keep14592,mmlu,mmlu_07145,1,C,C,boxed,170,1
acc2_keep14592,mmlu,mmlu_07905,1,A,A,boxed,132,1
acc2_keep14592,mmlu,mmlu_04625,1,D,D,boxed,286,1
acc2_keep14592,mmlu,mmlu_02124,1,B,B,boxed,289,1
acc2_keep14592,mmlu,mmlu_05878,1,A,A,boxed,311,1
acc2_keep14592,mmlu,mmlu_09876,1,A,A,boxed,312,1
acc2_keep14592,mmlu,mmlu_02384,1,A,A,boxed,369,1
acc2_keep14592,mmlu,mmlu_04737,1,A,A,boxed,310,1
acc2_keep14592,mmlu,mmlu_08845,0,B,D,boxed,122,1
acc2_keep14592,mmlu,mmlu_03617,1,D,D,boxed,199,1
acc2_keep14592,mmlu,mmlu_13393,0,A,C,boxed,184,1
acc2_keep14592,mmlu,mmlu_04096,1,A,A,boxed,380,1
acc2_keep14592,mmlu,mmlu_10786,0,B,D,boxed,377,1
acc2_keep14592,mmlu,mmlu_02189,1,B,B,boxed,97,1
acc2_keep14592,mmlu,mmlu_02474,1,A,A,boxed,519,1
acc2_keep14592,mmlu,mmlu_13223,0,A,D,boxed,320,1
acc2_keep14592,mmlu,mmlu_07502,1,D,D,boxed,363,1
acc2_keep14592,mmlu,mmlu_05701,1,D,D,boxed,339,1
acc2_keep14592,mmlu,mmlu_03862,1,B,B,boxed,197,1
acc2_keep14592,mmlu,mmlu_06779,1,A,A,boxed,276,1
acc2_keep14592,mmlu,mmlu_07035,1,C,C,boxed,151,1
acc2_keep14592,mmlu,mmlu_00908,0,D,A,boxed,428,1
acc2_keep14592,mmlu,mmlu_10737,1,A,A,boxed,443,1
acc2_keep14592,mmlu,mmlu_11288,0,A,B,boxed,496,1
acc2_keep14592,mmlu,mmlu_01116,1,D,D,boxed,420,1
acc2_keep14592,mmlu,mmlu_03391,1,D,D,boxed,252,1
acc2_keep14592,mmlu,mmlu_05206,1,D,D,boxed,284,1
acc2_keep14592,mmlu,mmlu_04499,0,A,C,boxed,331,1
acc2_keep15040,gsm8k,gsm8k_00657,1,330000.0,330000.0,boxed,199,1
acc2_keep15040,gsm8k,gsm8k_00330,1,31.0,31.0,boxed,238,1
acc2_keep15040,gsm8k,gsm8k_01089,1,32.0,32.0,boxed,159,1
acc2_keep15040,gsm8k,gsm8k_00041,1,200.0,200.0,boxed,162,1
acc2_keep15040,gsm8k,gsm8k_01207,1,64.0,64.0,boxed,111,1
acc2_keep15040,gsm8k,gsm8k_00294,1,3.0,3.0,boxed,143,1
acc2_keep15040,gsm8k,gsm8k_00399,1,12.0,12.0,boxed,238,1
acc2_keep15040,gsm8k,gsm8k_00345,1,310.0,310.0,boxed,182,1
acc2_keep15040,gsm8k,gsm8k_00580,1,500.0,500.0,boxed,352,1
acc2_keep15040,gsm8k,gsm8k_00139,1,70.0,70.0,boxed,175,1
acc2_keep15040,gsm8k,gsm8k_00863,1,110.0,110.0,boxed,202,1
acc2_keep15040,gsm8k,gsm8k_00381,1,67.0,67.0,boxed,215,1
acc2_keep15040,gsm8k,gsm8k_00908,1,14.0,14.0,boxed,176,1
acc2_keep15040,gsm8k,gsm8k_00603,0,1260.0,1800.0,boxed,502,1
acc2_keep15040,gsm8k,gsm8k_01039,1,160.0,160.0,boxed,215,1
acc2_keep15040,gsm8k,gsm8k_01101,1,16.0,16.0,boxed,228,1
acc2_keep15040,gsm8k,gsm8k_00058,1,57.0,57.0,boxed,157,1
acc2_keep15040,gsm8k,gsm8k_00355,1,34.0,34.0,boxed,188,1
acc2_keep15040,gsm8k,gsm8k_01255,1,12.0,12.0,boxed,293,1
acc2_keep15040,gsm8k,gsm8k_00407,1,2000.0,2000.0,boxed,623,1
acc2_keep15040,gsm8k,gsm8k_00666,1,120.0,120.0,boxed,337,1
acc2_keep15040,gsm8k,gsm8k_00107,1,3.0,3.0,boxed,362,1
acc2_keep15040,gsm8k,gsm8k_00934,1,410.0,410.0,boxed,169,1
acc2_keep15040,gsm8k,gsm8k_00325,1,224000.0,224000.0,boxed,300,1
acc2_keep15040,gsm8k,gsm8k_00641,0,378000.0,262500.0,boxed,213,1
acc2_keep15040,gsm8k,gsm8k_00101,1,6.0,6.0,boxed,230,1
acc2_keep15040,gsm8k,gsm8k_00147,1,75.0,75.0,boxed,416,1
acc2_keep15040,gsm8k,gsm8k_00048,1,8.0,8.0,boxed,137,1
acc2_keep15040,gsm8k,gsm8k_00324,1,14.0,14.0,boxed,220,1
acc2_keep15040,gsm8k,gsm8k_00030,1,109.0,109.0,boxed,182,1
acc2_keep15040,gsm8k,gsm8k_00715,1,385000.0,385000.0,boxed,326,1
acc2_keep15040,gsm8k,gsm8k_00127,1,120.0,120.0,boxed,185,1
acc2_keep15040,gsm8k,gsm8k_01305,1,2325.0,2325.0,boxed,279,1
acc2_keep15040,gsm8k,gsm8k_00788,1,100.0,100.0,boxed,136,1
acc2_keep15040,gsm8k,gsm8k_00578,1,48.0,48.0,boxed,150,1
acc2_keep15040,gsm8k,gsm8k_00952,0,1800.0,360.0,boxed,257,1
acc2_keep15040,gsm8k,gsm8k_01143,1,300.0,300.0,boxed,225,1
acc2_keep15040,gsm8k,gsm8k_01019,1,98.0,98.0,boxed,192,1
acc2_keep15040,gsm8k,gsm8k_00778,1,38.0,38.0,boxed,247,1
acc2_keep15040,gsm8k,gsm8k_01184,1,306.0,306.0,boxed,135,1
acc2_keep15040,gsm8k,gsm8k_00694,1,9.0,9.0,boxed,247,1
acc2_keep15040,gsm8k,gsm8k_00536,1,8.0,8.0,boxed,99,1
acc2_keep15040,gsm8k,gsm8k_01085,1,26.0,26.0,boxed,189,1
acc2_keep15040,gsm8k,gsm8k_00358,1,20.0,20.0,boxed,131,1
acc2_keep15040,gsm8k,gsm8k_00406,0,140.0,200.0,boxed,245,1
acc2_keep15040,gsm8k,gsm8k_01128,1,9.0,9.0,boxed,267,1
acc2_keep15040,gsm8k,gsm8k_00833,1,40.0,40.0,boxed,423,1
acc2_keep15040,gsm8k,gsm8k_00566,1,10.0,10.0,boxed,289,1
acc2_keep15040,gsm8k,gsm8k_00067,1,595.0,595.0,boxed,248,1
acc2_keep15040,gsm8k,gsm8k_01029,1,34.0,34.0,boxed,318,1
acc2_keep15040,gsm8k,gsm8k_00957,1,45.0,45.0,boxed,226,1
acc2_keep15040,gsm8k,gsm8k_00941,1,842.0,842.0,boxed,216,1
acc2_keep15040,gsm8k,gsm8k_00859,1,1520.0,1520.0,boxed,203,1
acc2_keep15040,gsm8k,gsm8k_00736,1,3.0,3.0,boxed,221,1
acc2_keep15040,gsm8k,gsm8k_00528,1,172.0,172.0,boxed,362,1
acc2_keep15040,gsm8k,gsm8k_00965,1,374.0,374.0,boxed,423,1
acc2_keep15040,gsm8k,gsm8k_00716,1,770.0,770.0,boxed,131,1
acc2_keep15040,gsm8k,gsm8k_00104,1,500.0,500.0,boxed,179,1
acc2_keep15040,gsm8k,gsm8k_01181,1,20.0,20.0,boxed,410,1
acc2_keep15040,gsm8k,gsm8k_00100,1,175.0,175.0,boxed,337,1
acc2_keep15040,gsm8k,gsm8k_00547,1,81.0,81.0,boxed,346,1
acc2_keep15040,gsm8k,gsm8k_00469,1,4.0,4.0,boxed,141,1
acc2_keep15040,gsm8k,gsm8k_01271,1,43.0,43.0,boxed,341,1
acc2_keep15040,gsm8k,gsm8k_00597,1,90.0,90.0,boxed,246,1
acc2_keep15040,gsm8k,gsm8k_00515,0,288.0,160.0,boxed,171,1
acc2_keep15040,gsm8k,gsm8k_01221,1,10.0,10.0,boxed,264,1
acc2_keep15040,gsm8k,gsm8k_00701,1,200.0,200.0,boxed,235,1
acc2_keep15040,gsm8k,gsm8k_00409,0,42000.0,168000.0,boxed,241,1
acc2_keep15040,gsm8k,gsm8k_00017,1,57500.0,57500.0,boxed,363,1
acc2_keep15040,gsm8k,gsm8k_00009,1,460.0,460.0,boxed,211,1
acc2_keep15040,gsm8k,gsm8k_00433,1,6.0,6.0,boxed,173,1
acc2_keep15040,gsm8k,gsm8k_01009,1,1875.0,1875.0,boxed,359,1
acc2_keep15040,gsm8k,gsm8k_00195,1,12.0,12.0,boxed,216,1
acc2_keep15040,gsm8k,gsm8k_00911,1,64.0,64.0,boxed,147,1
acc2_keep15040,gsm8k,gsm8k_00375,1,48.0,48.0,boxed,143,1
acc2_keep15040,gsm8k,gsm8k_00077,1,100.0,100.0,boxed,279,1
acc2_keep15040,gsm8k,gsm8k_00962,0,600.0,1000.0,boxed,173,1
acc2_keep15040,gsm8k,gsm8k_01025,1,30.0,30.0,boxed,138,1
acc2_keep15040,gsm8k,gsm8k_00393,1,20.0,20.0,boxed,316,1
acc2_keep15040,gsm8k,gsm8k_01026,1,43200.0,43200.0,boxed,256,1
acc2_keep15040,gsm8k,gsm8k_00214,0,-4.0,8.0,last-number,1024,0
acc2_keep15040,gsm8k,gsm8k_01031,1,5.0,5.0,boxed,182,1
acc2_keep15040,gsm8k,gsm8k_00480,1,11.0,11.0,boxed,235,1
acc2_keep15040,gsm8k,gsm8k_01055,1,2304.0,2304.0,boxed,261,1
acc2_keep15040,gsm8k,gsm8k_00378,1,15.0,15.0,boxed,163,1
acc2_keep15040,gsm8k,gsm8k_01028,1,200.0,200.0,boxed,191,1
acc2_keep15040,gsm8k,gsm8k_00234,1,21.0,21.0,boxed,253,1
acc2_keep15040,gsm8k,gsm8k_00201,1,114200.0,114200.0,boxed,293,1
acc2_keep15040,gsm8k,gsm8k_00831,1,324.0,324.0,boxed,317,1
acc2_keep15040,gsm8k,gsm8k_01202,0,13.0,19.0,boxed,195,1
acc2_keep15040,gsm8k,gsm8k_01043,1,130000.0,130000.0,boxed,195,1
acc2_keep15040,gsm8k,gsm8k_00610,1,65960.0,65960.0,boxed,207,1
acc2_keep15040,gsm8k,gsm8k_01130,1,25.0,25.0,boxed,284,1
acc2_keep15040,gsm8k,gsm8k_00996,1,3.0,3.0,boxed,253,1
acc2_keep15040,gsm8k,gsm8k_01140,1,27.0,27.0,boxed,217,1
acc2_keep15040,gsm8k,gsm8k_00163,0,54.0,50.0,boxed,338,1
acc2_keep15040,gsm8k,gsm8k_00672,1,2.0,2.0,last-number,1024,0
acc2_keep15040,gsm8k,gsm8k_01311,1,594.0,594.0,boxed,177,1
acc2_keep15040,gsm8k,gsm8k_00670,1,4.0,4.0,boxed,119,1
acc2_keep15040,gsm8k,gsm8k_00909,1,38.0,38.0,boxed,274,1
acc2_keep15040,gsm8k,gsm8k_00595,1,13.0,13.0,boxed,142,1
acc2_keep15040,gsm8k,gsm8k_01190,1,19.0,19.0,boxed,478,1
acc2_keep15040,gsm8k,gsm8k_00554,1,54.0,54.0,boxed,311,1
acc2_keep15040,gsm8k,gsm8k_01178,1,17.0,17.0,boxed,136,1
acc2_keep15040,gsm8k,gsm8k_01197,1,2400.0,2400.0,boxed,261,1
acc2_keep15040,gsm8k,gsm8k_00852,1,123.0,123.0,boxed,327,1
acc2_keep15040,gsm8k,gsm8k_00142,1,140.0,140.0,boxed,140,1
acc2_keep15040,gsm8k,gsm8k_00636,1,1050.0,1050.0,boxed,204,1
acc2_keep15040,gsm8k,gsm8k_00044,1,20.0,20.0,boxed,209,1
acc2_keep15040,gsm8k,gsm8k_01230,1,440.0,440.0,boxed,166,1
acc2_keep15040,gsm8k,gsm8k_00539,1,35.0,35.0,boxed,111,1
acc2_keep15040,gsm8k,gsm8k_01177,1,17.0,17.0,boxed,240,1
acc2_keep15040,gsm8k,gsm8k_01241,1,8.0,8.0,boxed,243,1
acc2_keep15040,gsm8k,gsm8k_00669,1,132.0,132.0,boxed,245,1
acc2_keep15040,gsm8k,gsm8k_00949,1,42.0,42.0,boxed,268,1
acc2_keep15040,gsm8k,gsm8k_01183,1,11.0,11.0,boxed,271,1
acc2_keep15040,gsm8k,gsm8k_00347,1,36.0,36.0,boxed,95,1
acc2_keep15040,gsm8k,gsm8k_00461,1,9.0,9.0,boxed,212,1
acc2_keep15040,gsm8k,gsm8k_00173,1,18000.0,18000.0,boxed,213,1
acc2_keep15040,gsm8k,gsm8k_00549,1,398.0,398.0,boxed,163,1
acc2_keep15040,gsm8k,gsm8k_00474,1,80.0,80.0,boxed,197,1
acc2_keep15040,gsm8k,gsm8k_01258,1,60.0,60.0,boxed,191,1
acc2_keep15040,gsm8k,gsm8k_00504,1,2.0,2.0,boxed,289,1
acc2_keep15040,gsm8k,gsm8k_00233,1,12.0,12.0,boxed,186,1
acc2_keep15040,gsm8k,gsm8k_01041,1,101.0,101.0,boxed,138,1
acc2_keep15040,gsm8k,gsm8k_00187,0,106.12,106.0,boxed,207,1
acc2_keep15040,gsm8k,gsm8k_01227,0,5.0,66.0,boxed,607,1
acc2_keep15040,gsm8k,gsm8k_01108,1,38.0,38.0,boxed,62,1
acc2_keep15040,gsm8k,gsm8k_00828,1,60.0,60.0,boxed,179,1
acc2_keep15040,gsm8k,gsm8k_01116,1,60.0,60.0,boxed,180,1
acc2_keep15040,gsm8k,gsm8k_00451,1,11050.0,11050.0,boxed,264,1
acc2_keep15040,gsm8k,gsm8k_00080,1,10.0,10.0,boxed,138,1
acc2_keep15040,gsm8k,gsm8k_00191,1,5.0,5.0,boxed,116,1
acc2_keep15040,gsm8k,gsm8k_00458,1,35.0,35.0,boxed,246,1
acc2_keep15040,gsm8k,gsm8k_00307,1,16.0,16.0,boxed,468,1
acc2_keep15040,gsm8k,gsm8k_00069,1,60.0,60.0,boxed,192,1
acc2_keep15040,gsm8k,gsm8k_00590,0,318.0,319.0,boxed,187,1
acc2_keep15040,gsm8k,gsm8k_01153,1,20.0,20.0,boxed,238,1
acc2_keep15040,gsm8k,gsm8k_00472,1,6.0,6.0,boxed,258,1
acc2_keep15040,gsm8k,gsm8k_00990,1,14.0,14.0,boxed,371,1
acc2_keep15040,gsm8k,gsm8k_00252,1,73.0,73.0,boxed,301,1
acc2_keep15040,gsm8k,gsm8k_00005,1,64.0,64.0,boxed,350,1
acc2_keep15040,gsm8k,gsm8k_01215,1,36.0,36.0,boxed,344,1
acc2_keep15040,gsm8k,gsm8k_00808,1,12.0,12.0,boxed,263,1
acc2_keep15040,gsm8k,gsm8k_01054,1,2400.0,2400.0,boxed,118,1
acc2_keep15040,gsm8k,gsm8k_01226,1,90.0,90.0,boxed,251,1
acc2_keep15040,gsm8k,gsm8k_01044,1,1.0,1.0,boxed,140,1
acc2_keep15040,gsm8k,gsm8k_00428,1,26.0,26.0,boxed,809,1
acc2_keep15040,gsm8k,gsm8k_00008,1,45.0,45.0,boxed,356,1
acc2_keep15040,gsm8k,gsm8k_00151,1,5.0,5.0,boxed,161,1
acc2_keep15040,gsm8k,gsm8k_01033,1,2.0,2.0,boxed,187,1
acc2_keep15040,gsm8k,gsm8k_01003,0,40.0,480.0,last-number,1024,0
acc2_keep15040,gsm8k,gsm8k_00483,1,40.0,40.0,boxed,261,1
acc2_keep15040,gsm8k,gsm8k_00792,1,75.0,75.0,boxed,116,1
acc2_keep15040,gsm8k,gsm8k_00531,0,3.0,66.0,last-number,1024,0
acc2_keep15040,gsm8k,gsm8k_00210,1,10.0,10.0,boxed,360,1
acc2_keep15040,gsm8k,gsm8k_00956,1,1.0,1.0,boxed,326,1
acc2_keep15040,gsm8k,gsm8k_01279,1,180.0,180.0,boxed,148,1
acc2_keep15040,gsm8k,gsm8k_00538,1,18.0,18.0,boxed,211,1
acc2_keep15040,gsm8k,gsm8k_01030,1,24.0,24.0,boxed,392,1
acc2_keep15040,gsm8k,gsm8k_00178,1,122.0,122.0,boxed,214,1
acc2_keep15040,gsm8k,gsm8k_00799,1,4.0,4.0,boxed,135,1
acc2_keep15040,gsm8k,gsm8k_01060,1,31.0,31.0,boxed,302,1
acc2_keep15040,gsm8k,gsm8k_00767,1,60.0,60.0,boxed,134,1
acc2_keep15040,gsm8k,gsm8k_01231,1,70.0,70.0,boxed,157,1
acc2_keep15040,gsm8k,gsm8k_00626,1,72.0,72.0,boxed,296,1
acc2_keep15040,gsm8k,gsm8k_01285,1,1218.0,1218.0,boxed,136,1
acc2_keep15040,gsm8k,gsm8k_00045,1,104.0,104.0,boxed,281,1
acc2_keep15040,gsm8k,gsm8k_01040,1,736.0,736.0,boxed,272,1
acc2_keep15040,gsm8k,gsm8k_00416,1,56.0,56.0,boxed,311,1
acc2_keep15040,gsm8k,gsm8k_00196,1,120.0,120.0,boxed,156,1
acc2_keep15040,gsm8k,gsm8k_00818,1,16.0,16.0,boxed,219,1
acc2_keep15040,gsm8k,gsm8k_00609,1,7.0,7.0,boxed,131,1
acc2_keep15040,gsm8k,gsm8k_00226,1,33.0,33.0,boxed,335,1
acc2_keep15040,gsm8k,gsm8k_00028,1,25.0,25.0,boxed,161,1
acc2_keep15040,gsm8k,gsm8k_00157,0,280.0,80.0,boxed,241,1
acc2_keep15040,gsm8k,gsm8k_01201,1,42.0,42.0,boxed,207,1
acc2_keep15040,gsm8k,gsm8k_00565,1,5.0,5.0,boxed,142,1
acc2_keep15040,gsm8k,gsm8k_00989,1,45.0,45.0,boxed,317,1
acc2_keep15040,gsm8k,gsm8k_01103,1,90.0,90.0,boxed,325,1
acc2_keep15040,gsm8k,gsm8k_00614,1,312.0,312.0,boxed,195,1
acc2_keep15040,gsm8k,gsm8k_01146,1,16.0,16.0,boxed,283,1
acc2_keep15040,gsm8k,gsm8k_00091,1,28.0,28.0,boxed,211,1
acc2_keep15040,gsm8k,gsm8k_01272,1,296.0,296.0,boxed,206,1
acc2_keep15040,gsm8k,gsm8k_01127,1,750.0,750.0,boxed,291,1
acc2_keep15040,gsm8k,gsm8k_00572,1,100.0,100.0,boxed,221,1
acc2_keep15040,gsm8k,gsm8k_00664,1,32.0,32.0,boxed,134,1
acc2_keep15040,gsm8k,gsm8k_01242,1,20.0,20.0,boxed,211,1
acc2_keep15040,gsm8k,gsm8k_00735,1,50.0,50.0,boxed,272,1
acc2_keep15040,gsm8k,gsm8k_00759,1,60000.0,60000.0,boxed,202,1
acc2_keep15040,gsm8k,gsm8k_00620,1,1509.0,1509.0,boxed,183,1
acc2_keep15040,gsm8k,gsm8k_00758,1,133.0,133.0,boxed,78,1
acc2_keep15040,gsm8k,gsm8k_00978,1,160.0,160.0,boxed,182,1
acc2_keep15040,gsm8k,gsm8k_00563,1,12.0,12.0,boxed,229,1
acc2_keep15040,gsm8k,gsm8k_00782,0,27.0,54.0,boxed,227,1
acc2_keep15040,gsm8k,gsm8k_00901,0,2.0,1.0,boxed,180,1
acc2_keep15040,gsm8k,gsm8k_00167,1,16.0,16.0,boxed,356,1
acc2_keep15040,gsm8k,gsm8k_01267,1,40.0,40.0,boxed,411,1
acc2_keep15040,gsm8k,gsm8k_01237,1,78.0,78.0,boxed,81,1
acc2_keep15040,gsm8k,gsm8k_01014,1,3.0,3.0,boxed,219,1
acc2_keep15040,gsm8k,gsm8k_00584,1,2.0,2.0,boxed,259,1
acc2_keep15040,gsm8k,gsm8k_00333,1,100.0,100.0,boxed,172,1
acc2_keep15040,gsm8k,gsm8k_00545,1,30.0,30.0,boxed,111,1
acc2_keep15040,gsm8k,gsm8k_00850,1,70.0,70.0,boxed,206,1
acc2_keep15040,gsm8k,gsm8k_01007,1,34.0,34.0,boxed,189,1
acc2_keep15040,gsm8k,gsm8k_00400,1,48.0,48.0,boxed,147,1
acc2_keep15040,gsm8k,gsm8k_00975,1,20.0,20.0,boxed,267,1
acc2_keep15040,gsm8k,gsm8k_01232,1,15.0,15.0,boxed,166,1
acc2_keep15040,gsm8k,gsm8k_01317,1,5.0,5.0,boxed,335,1
acc2_keep15040,gsm8k,gsm8k_00225,1,9.0,9.0,boxed,204,1
acc2_keep15040,gsm8k,gsm8k_00791,1,100.0,100.0,boxed,191,1
acc2_keep15040,gsm8k,gsm8k_00693,1,68.0,68.0,boxed,278,1
acc2_keep15040,gsm8k,gsm8k_00236,0,25.0,31.0,last-number,1024,0
acc2_keep15040,gsm8k,gsm8k_00683,1,50.0,50.0,boxed,449,1
acc2_keep15040,gsm8k,gsm8k_00720,1,4.0,4.0,boxed,171,1
acc2_keep15040,gsm8k,gsm8k_01000,1,1.0,1.0,boxed,320,1
acc2_keep15040,gsm8k,gsm8k_00895,1,74.0,74.0,boxed,198,1
acc2_keep15040,gsm8k,gsm8k_00254,1,84.0,84.0,boxed,207,1
acc2_keep15040,gsm8k,gsm8k_00809,1,50.0,50.0,boxed,531,1
acc2_keep15040,gsm8k,gsm8k_00326,1,14.0,14.0,boxed,203,1
acc2_keep15040,gsm8k,gsm8k_00772,1,50.0,50.0,boxed,222,1
acc2_keep15040,gsm8k,gsm8k_00435,1,5.0,5.0,boxed,79,1
acc2_keep15040,gsm8k,gsm8k_01021,1,36.0,36.0,boxed,269,1
acc2_keep15040,gsm8k,gsm8k_00491,1,16.0,16.0,boxed,99,1
acc2_keep15040,gsm8k,gsm8k_00622,1,7.0,7.0,boxed,233,1
acc2_keep15040,gsm8k,gsm8k_00681,1,298.0,298.0,boxed,318,1
acc2_keep15040,gsm8k,gsm8k_00260,1,11.0,11.0,boxed,167,1
acc2_keep15040,gsm8k,gsm8k_00237,1,90.0,90.0,boxed,85,1
acc2_keep15040,gsm8k,gsm8k_01137,1,68.0,68.0,boxed,399,1
acc2_keep15040,gsm8k,gsm8k_01048,0,9860.78,7400.0,boxed,442,1
acc2_keep15040,gsm8k,gsm8k_00057,1,83.0,83.0,boxed,377,1
acc2_keep15040,gsm8k,gsm8k_00228,1,1.0,1.0,boxed,223,1
acc2_keep15040,gsm8k,gsm8k_00434,0,0.0,5.0,last-number,1024,0
acc2_keep15040,gsm8k,gsm8k_00424,1,570.0,570.0,boxed,141,1
acc2_keep15040,gsm8k,gsm8k_01206,1,40000.0,40000.0,boxed,166,1
acc2_keep15040,gsm8k,gsm8k_00007,0,120.0,160.0,boxed,236,1
acc2_keep15040,gsm8k,gsm8k_00493,1,25.0,25.0,boxed,228,1
acc2_keep15040,gsm8k,gsm8k_01047,1,10.0,10.0,boxed,345,1
acc2_keep15040,gsm8k,gsm8k_00642,1,10800.0,10800.0,boxed,267,1
acc2_keep15040,gsm8k,gsm8k_00740,1,25.0,25.0,boxed,296,1
acc2_keep15040,gsm8k,gsm8k_00796,0,1040000.0,2880000.0,boxed,169,1
acc2_keep15040,gsm8k,gsm8k_00829,1,14000.0,14000.0,boxed,331,1
acc2_keep15040,gsm8k,gsm8k_00729,1,1000.0,1000.0,boxed,482,1
acc2_keep15040,gsm8k,gsm8k_00421,1,12.0,12.0,boxed,160,1
acc2_keep15040,gsm8k,gsm8k_00779,1,255.0,255.0,boxed,357,1
acc2_keep15040,gsm8k,gsm8k_00328,1,2.0,2.0,boxed,163,1
acc2_keep15040,gsm8k,gsm8k_01117,1,9.0,9.0,boxed,216,1
acc2_keep15040,gsm8k,gsm8k_01310,1,64.0,64.0,boxed,411,1
acc2_keep15040,gsm8k,gsm8k_00963,1,147.0,147.0,boxed,539,1
acc2_keep15040,gsm8k,gsm8k_01159,1,50.0,50.0,boxed,256,1
acc2_keep15040,mmlu,mmlu_08129,1,C,C,boxed,133,1
acc2_keep15040,mmlu,mmlu_13824,1,D,D,boxed,170,1
acc2_keep15040,mmlu,mmlu_14037,1,A,A,boxed,253,1
acc2_keep15040,mmlu,mmlu_07535,0,A,B,boxed,153,1
acc2_keep15040,mmlu,mmlu_01453,1,A,A,boxed,505,1
acc2_keep15040,mmlu,mmlu_02098,1,C,C,boxed,374,1
acc2_keep15040,mmlu,mmlu_06200,1,A,A,boxed,266,1
acc2_keep15040,mmlu,mmlu_00563,1,B,B,boxed,442,1
acc2_keep15040,mmlu,mmlu_00805,0,D,A,boxed,414,1
acc2_keep15040,mmlu,mmlu_10646,0,A,C,boxed,461,1
acc2_keep15040,mmlu,mmlu_03476,1,A,A,boxed,180,1
acc2_keep15040,mmlu,mmlu_03099,1,C,C,boxed,256,1
acc2_keep15040,mmlu,mmlu_02848,1,A,A,boxed,345,1
acc2_keep15040,mmlu,mmlu_05061,1,A,A,boxed,179,1
acc2_keep15040,mmlu,mmlu_01355,0,D,C,boxed,229,1
acc2_keep15040,mmlu,mmlu_13412,1,A,A,boxed,353,1
acc2_keep15040,mmlu,mmlu_00894,1,B,B,boxed,292,1
acc2_keep15040,mmlu,mmlu_06727,1,D,D,boxed,278,1
acc2_keep15040,mmlu,mmlu_02515,1,A,A,boxed,413,1
acc2_keep15040,mmlu,mmlu_05781,1,A,A,boxed,371,1
acc2_keep15040,mmlu,mmlu_04936,1,D,D,boxed,309,1
acc2_keep15040,mmlu,mmlu_09187,1,D,D,boxed,172,1
acc2_keep15040,mmlu,mmlu_13296,1,B,B,boxed,251,1
acc2_keep15040,mmlu,mmlu_03312,1,A,A,boxed,297,1
acc2_keep15040,mmlu,mmlu_07789,1,A,A,boxed,145,1
acc2_keep15040,mmlu,mmlu_12878,0,A,B,boxed,268,1
acc2_keep15040,mmlu,mmlu_10258,0,B,D,boxed,141,1
acc2_keep15040,mmlu,mmlu_11586,0,A,B,boxed,265,1
acc2_keep15040,mmlu,mmlu_03765,1,D,D,boxed,212,1
acc2_keep15040,mmlu,mmlu_13456,0,A,B,boxed,317,1
acc2_keep15040,mmlu,mmlu_07304,1,D,D,boxed,62,1
acc2_keep15040,mmlu,mmlu_02732,0,B,C,boxed,175,1
acc2_keep15040,mmlu,mmlu_00726,0,D,C,boxed,229,1
acc2_keep15040,mmlu,mmlu_12805,1,C,C,boxed,388,1
acc2_keep15040,mmlu,mmlu_00499,0,D,B,boxed,280,1
acc2_keep15040,mmlu,mmlu_00325,0,A,D,trailing-letter,1024,0
acc2_keep15040,mmlu,mmlu_12401,1,C,C,boxed,388,1
acc2_keep15040,mmlu,mmlu_07644,1,C,C,boxed,157,1
acc2_keep15040,mmlu,mmlu_05720,1,C,C,boxed,302,1
acc2_keep15040,mmlu,mmlu_06333,1,B,B,boxed,199,1
acc2_keep15040,mmlu,mmlu_09406,1,A,A,boxed,187,1
acc2_keep15040,mmlu,mmlu_11854,0,B,D,boxed,505,1
acc2_keep15040,mmlu,mmlu_03054,1,B,B,boxed,356,1
acc2_keep15040,mmlu,mmlu_09016,1,B,B,boxed,227,1
acc2_keep15040,mmlu,mmlu_05196,0,B,A,boxed,317,1
acc2_keep15040,mmlu,mmlu_07819,1,A,A,boxed,181,1
acc2_keep15040,mmlu,mmlu_07449,1,A,A,boxed,145,1
acc2_keep15040,mmlu,mmlu_13049,1,B,B,boxed,166,1
acc2_keep15040,mmlu,mmlu_09769,1,C,C,boxed,328,1
acc2_keep15040,mmlu,mmlu_13884,1,B,B,boxed,289,1
acc2_keep15040,mmlu,mmlu_05266,1,D,D,boxed,206,1
acc2_keep15040,mmlu,mmlu_07220,1,C,C,boxed,210,1
acc2_keep15040,mmlu,mmlu_03770,1,A,A,boxed,235,1
acc2_keep15040,mmlu,mmlu_02228,1,D,D,boxed,782,1
acc2_keep15040,mmlu,mmlu_12320,0,A,D,boxed,234,1
acc2_keep15040,mmlu,mmlu_11756,0,A,B,boxed,397,1
acc2_keep15040,mmlu,mmlu_06674,1,C,C,boxed,234,1
acc2_keep15040,mmlu,mmlu_10299,1,B,B,boxed,432,1
acc2_keep15040,mmlu,mmlu_08362,0,C,D,boxed,437,1
acc2_keep15040,mmlu,mmlu_09084,0,B,D,boxed,198,1
acc2_keep15040,mmlu,mmlu_03045,1,B,B,boxed,314,1
acc2_keep15040,mmlu,mmlu_09324,1,B,B,boxed,219,1
acc2_keep15040,mmlu,mmlu_02089,1,B,B,boxed,130,1
acc2_keep15040,mmlu,mmlu_00207,0,B,D,boxed,197,1
acc2_keep15040,mmlu,mmlu_06047,0,A,B,boxed,496,1
acc2_keep15040,mmlu,mmlu_07246,1,C,C,boxed,186,1
acc2_keep15040,mmlu,mmlu_13314,1,D,D,boxed,306,1
acc2_keep15040,mmlu,mmlu_03090,1,A,A,boxed,624,1
acc2_keep15040,mmlu,mmlu_10761,1,A,A,boxed,556,1
acc2_keep15040,mmlu,mmlu_07323,1,B,B,boxed,318,1
acc2_keep15040,mmlu,mmlu_10167,0,A,B,boxed,278,1
acc2_keep15040,mmlu,mmlu_00574,1,B,B,boxed,229,1
acc2_keep15040,mmlu,mmlu_10766,0,A,C,boxed,544,1
acc2_keep15040,mmlu,mmlu_02014,0,A,C,boxed,143,1
acc2_keep15040,mmlu,mmlu_07741,0,A,B,boxed,290,1
acc2_keep15040,mmlu,mmlu_09686,0,C,D,boxed,335,1
acc2_keep15040,mmlu,mmlu_09163,0,B,A,boxed,175,1
acc2_keep15040,mmlu,mmlu_07031,1,D,D,boxed,272,1
acc2_keep15040,mmlu,mmlu_02401,1,B,B,boxed,131,1
acc2_keep15040,mmlu,mmlu_03459,1,A,A,boxed,180,1
acc2_keep15040,mmlu,mmlu_04462,1,D,D,boxed,251,1
acc2_keep15040,mmlu,mmlu_04201,1,C,C,boxed,378,1
acc2_keep15040,mmlu,mmlu_01601,1,B,B,boxed,163,1
acc2_keep15040,mmlu,mmlu_05153,1,B,B,boxed,411,1
acc2_keep15040,mmlu,mmlu_01238,1,D,D,boxed,325,1
acc2_keep15040,mmlu,mmlu_02593,1,D,D,boxed,166,1
acc2_keep15040,mmlu,mmlu_01738,0,A,D,boxed,235,1
acc2_keep15040,mmlu,mmlu_10082,0,B,D,boxed,428,1
acc2_keep15040,mmlu,mmlu_06767,1,B,B,boxed,351,1
acc2_keep15040,mmlu,mmlu_09473,1,C,C,boxed,198,1
acc2_keep15040,mmlu,mmlu_09835,1,C,C,boxed,286,1
acc2_keep15040,mmlu,mmlu_01120,0,A,B,boxed,369,1
acc2_keep15040,mmlu,mmlu_02978,1,B,B,boxed,259,1
acc2_keep15040,mmlu,mmlu_04119,1,A,A,boxed,475,1
acc2_keep15040,mmlu,mmlu_13190,0,D,C,boxed,485,1
acc2_keep15040,mmlu,mmlu_07643,1,D,D,boxed,128,1
acc2_keep15040,mmlu,mmlu_04416,1,B,B,boxed,208,1
acc2_keep15040,mmlu,mmlu_05246,1,B,B,boxed,196,1
acc2_keep15040,mmlu,mmlu_10980,0,B,A,boxed,540,1
acc2_keep15040,mmlu,mmlu_10789,0,A,C,boxed,825,1
acc2_keep15040,mmlu,mmlu_08147,1,B,B,boxed,499,1
acc2_keep15040,mmlu,mmlu_02638,0,C,B,boxed,56,1
acc2_keep15040,mmlu,mmlu_09320,0,B,A,boxed,187,1
acc2_keep15040,mmlu,mmlu_05580,1,D,D,boxed,499,1
acc2_keep15040,mmlu,mmlu_10377,1,B,B,boxed,298,1
acc2_keep15040,mmlu,mmlu_09518,1,C,C,boxed,121,1
acc2_keep15040,mmlu,mmlu_04079,1,B,B,boxed,255,1
acc2_keep15040,mmlu,mmlu_09002,1,D,D,boxed,184,1
acc2_keep15040,mmlu,mmlu_09489,1,B,B,boxed,204,1
acc2_keep15040,mmlu,mmlu_10523,0,C,B,boxed,474,1
acc2_keep15040,mmlu,mmlu_04871,1,C,C,boxed,184,1
acc2_keep15040,mmlu,mmlu_09822,0,A,C,boxed,259,1
acc2_keep15040,mmlu,mmlu_12983,0,B,D,boxed,465,1
acc2_keep15040,mmlu,mmlu_13987,0,A,C,boxed,300,1
acc2_keep15040,mmlu,mmlu_00353,1,A,A,boxed,419,1
acc2_keep15040,mmlu,mmlu_08264,1,C,C,boxed,319,1
acc2_keep15040,mmlu,mmlu_07127,1,C,C,boxed,227,1
acc2_keep15040,mmlu,mmlu_07339,0,,B,fail,1024,0
acc2_keep15040,mmlu,mmlu_10355,0,A,D,boxed,335,1
acc2_keep15040,mmlu,mmlu_06471,1,A,A,boxed,324,1
acc2_keep15040,mmlu,mmlu_12050,1,D,D,boxed,392,1
acc2_keep15040,mmlu,mmlu_10997,1,A,A,boxed,505,1
acc2_keep15040,mmlu,mmlu_01697,1,C,C,boxed,388,1
acc2_keep15040,mmlu,mmlu_00837,1,D,D,boxed,250,1
acc2_keep15040,mmlu,mmlu_07442,1,B,B,boxed,116,1
acc2_keep15040,mmlu,mmlu_01824,0,,D,fail,1024,0
acc2_keep15040,mmlu,mmlu_09671,1,D,D,boxed,209,1
acc2_keep15040,mmlu,mmlu_11645,1,C,C,boxed,382,1
acc2_keep15040,mmlu,mmlu_07587,1,A,A,boxed,64,1
acc2_keep15040,mmlu,mmlu_02662,1,B,B,boxed,254,1
acc2_keep15040,mmlu,mmlu_00968,1,A,A,boxed,706,1
acc2_keep15040,mmlu,mmlu_07858,1,B,B,boxed,185,1
acc2_keep15040,mmlu,mmlu_04379,1,C,C,boxed,220,1
acc2_keep15040,mmlu,mmlu_07799,1,B,B,boxed,139,1
acc2_keep15040,mmlu,mmlu_11526,1,B,B,boxed,632,1
acc2_keep15040,mmlu,mmlu_01249,1,C,C,boxed,258,1
acc2_keep15040,mmlu,mmlu_08554,1,B,B,boxed,173,1
acc2_keep15040,mmlu,mmlu_06478,1,D,D,boxed,342,1
acc2_keep15040,mmlu,mmlu_11027,1,A,A,boxed,441,1
acc2_keep15040,mmlu,mmlu_00847,1,B,B,boxed,661,1
acc2_keep15040,mmlu,mmlu_07116,1,A,A,boxed,247,1
acc2_keep15040,mmlu,mmlu_10095,1,A,A,boxed,231,1
acc2_keep15040,mmlu,mmlu_02331,0,D,B,boxed,140,1
acc2_keep15040,mmlu,mmlu_09636,1,D,D,boxed,144,1
acc2_keep15040,mmlu,mmlu_11387,0,A,D,boxed,787,1
acc2_keep15040,mmlu,mmlu_07300,1,A,A,boxed,317,1
acc2_keep15040,mmlu,mmlu_06208,1,B,B,boxed,266,1
acc2_keep15040,mmlu,mmlu_01055,1,D,D,boxed,587,1
acc2_keep15040,mmlu,mmlu_04770,0,D,C,boxed,267,1
acc2_keep15040,mmlu,mmlu_06190,0,A,C,boxed,189,1
acc2_keep15040,mmlu,mmlu_13316,0,C,D,boxed,465,1
acc2_keep15040,mmlu,mmlu_05177,1,B,B,boxed,197,1
acc2_keep15040,mmlu,mmlu_06226,0,B,D,boxed,280,1
acc2_keep15040,mmlu,mmlu_02710,1,D,D,boxed,280,1
acc2_keep15040,mmlu,mmlu_03700,1,D,D,boxed,243,1
acc2_keep15040,mmlu,mmlu_13690,0,A,C,boxed,225,1
acc2_keep15040,mmlu,mmlu_01523,1,A,A,boxed,187,1
acc2_keep15040,mmlu,mmlu_00613,1,A,A,boxed,179,1
acc2_keep15040,mmlu,mmlu_10302,1,A,A,boxed,217,1
acc2_keep15040,mmlu,mmlu_01778,1,B,B,boxed,298,1
acc2_keep15040,mmlu,mmlu_08371,1,D,D,boxed,426,1
acc2_keep15040,mmlu,mmlu_10590,0,C,A,boxed,246,1
acc2_keep15040,mmlu,mmlu_11789,0,B,A,boxed,511,1
acc2_keep15040,mmlu,mmlu_08317,1,D,D,boxed,452,1
acc2_keep15040,mmlu,mmlu_11697,1,A,A,boxed,344,1
acc2_keep15040,mmlu,mmlu_00880,1,C,C,boxed,258,1
acc2_keep15040,mmlu,mmlu_04187,0,C,A,boxed,271,1
acc2_keep15040,mmlu,mmlu_00782,1,A,A,boxed,189,1
acc2_keep15040,mmlu,mmlu_08043,1,C,C,boxed,189,1
acc2_keep15040,mmlu,mmlu_07136,0,A,C,boxed,198,1
acc2_keep15040,mmlu,mmlu_01897,1,A,A,boxed,369,1
acc2_keep15040,mmlu,mmlu_12056,0,C,B,boxed,345,1
acc2_keep15040,mmlu,mmlu_00997,1,C,C,trailing-letter,1024,0
acc2_keep15040,mmlu,mmlu_09214,1,D,D,boxed,204,1
acc2_keep15040,mmlu,mmlu_03852,1,A,A,boxed,226,1
acc2_keep15040,mmlu,mmlu_09938,1,D,D,boxed,259,1
acc2_keep15040,mmlu,mmlu_06894,0,A,B,boxed,452,1
acc2_keep15040,mmlu,mmlu_13773,0,A,B,boxed,303,1
acc2_keep15040,mmlu,mmlu_06846,1,C,C,boxed,250,1
acc2_keep15040,mmlu,mmlu_10614,1,A,A,boxed,255,1
acc2_keep15040,mmlu,mmlu_01638,0,A,D,boxed,284,1
acc2_keep15040,mmlu,mmlu_12628,1,A,A,boxed,390,1
acc2_keep15040,mmlu,mmlu_01064,1,B,B,boxed,291,1
acc2_keep15040,mmlu,mmlu_09006,0,B,D,boxed,215,1
acc2_keep15040,mmlu,mmlu_04621,1,D,D,boxed,279,1
acc2_keep15040,mmlu,mmlu_08988,1,B,B,boxed,157,1
acc2_keep15040,mmlu,mmlu_12905,1,A,A,boxed,295,1
acc2_keep15040,mmlu,mmlu_04661,1,D,D,boxed,250,1
acc2_keep15040,mmlu,mmlu_07681,1,C,C,boxed,105,1
acc2_keep15040,mmlu,mmlu_03514,1,B,B,boxed,230,1
acc2_keep15040,mmlu,mmlu_08263,0,A,B,boxed,377,1
acc2_keep15040,mmlu,mmlu_02514,1,C,C,boxed,719,1
acc2_keep15040,mmlu,mmlu_04044,0,D,A,boxed,212,1
acc2_keep15040,mmlu,mmlu_11705,1,B,B,boxed,500,1
acc2_keep15040,mmlu,mmlu_07206,1,B,B,boxed,184,1
acc2_keep15040,mmlu,mmlu_13246,1,D,D,boxed,378,1
acc2_keep15040,mmlu,mmlu_07022,1,C,C,boxed,197,1
acc2_keep15040,mmlu,mmlu_08796,0,C,D,boxed,173,1
acc2_keep15040,mmlu,mmlu_03615,1,D,D,boxed,169,1
acc2_keep15040,mmlu,mmlu_01770,1,B,B,boxed,190,1
acc2_keep15040,mmlu,mmlu_05524,0,A,D,boxed,297,1
acc2_keep15040,mmlu,mmlu_12024,1,C,C,boxed,388,1
acc2_keep15040,mmlu,mmlu_03737,1,C,C,boxed,300,1
acc2_keep15040,mmlu,mmlu_05795,1,C,C,boxed,346,1
acc2_keep15040,mmlu,mmlu_13871,1,D,D,boxed,197,1
acc2_keep15040,mmlu,mmlu_11251,0,A,C,boxed,590,1
acc2_keep15040,mmlu,mmlu_07293,1,C,C,boxed,168,1
acc2_keep15040,mmlu,mmlu_09710,1,D,D,boxed,227,1
acc2_keep15040,mmlu,mmlu_11825,0,A,B,boxed,666,1
acc2_keep15040,mmlu,mmlu_05983,1,A,A,boxed,324,1
acc2_keep15040,mmlu,mmlu_00289,0,C,D,boxed,309,1
acc2_keep15040,mmlu,mmlu_11707,1,B,B,boxed,657,1
acc2_keep15040,mmlu,mmlu_02591,0,C,D,boxed,336,1
acc2_keep15040,mmlu,mmlu_08617,0,A,C,boxed,170,1
acc2_keep15040,mmlu,mmlu_09474,1,C,C,boxed,326,1
acc2_keep15040,mmlu,mmlu_12722,1,A,A,boxed,252,1
acc2_keep15040,mmlu,mmlu_11058,0,B,C,boxed,319,1
acc2_keep15040,mmlu,mmlu_10884,0,B,C,boxed,668,1
acc2_keep15040,mmlu,mmlu_05950,1,B,B,boxed,196,1
acc2_keep15040,mmlu,mmlu_09368,1,B,B,boxed,194,1
acc2_keep15040,mmlu,mmlu_11627,1,B,B,boxed,638,1
acc2_keep15040,mmlu,mmlu_07951,1,D,D,boxed,223,1
acc2_keep15040,mmlu,mmlu_07145,1,C,C,boxed,161,1
acc2_keep15040,mmlu,mmlu_07905,1,A,A,boxed,151,1
acc2_keep15040,mmlu,mmlu_04625,1,D,D,boxed,402,1
acc2_keep15040,mmlu,mmlu_02124,1,B,B,boxed,344,1
acc2_keep15040,mmlu,mmlu_05878,1,A,A,boxed,332,1
acc2_keep15040,mmlu,mmlu_09876,1,A,A,boxed,271,1
acc2_keep15040,mmlu,mmlu_02384,1,A,A,boxed,383,1
acc2_keep15040,mmlu,mmlu_04737,1,A,A,boxed,265,1
acc2_keep15040,mmlu,mmlu_08845,0,C,D,boxed,199,1
acc2_keep15040,mmlu,mmlu_03617,1,D,D,boxed,197,1
acc2_keep15040,mmlu,mmlu_13393,0,A,C,boxed,159,1
acc2_keep15040,mmlu,mmlu_04096,1,A,A,boxed,414,1
acc2_keep15040,mmlu,mmlu_10786,0,B,D,boxed,436,1
acc2_keep15040,mmlu,mmlu_02189,1,B,B,boxed,131,1
acc2_keep15040,mmlu,mmlu_02474,0,,A,fail,1024,0
acc2_keep15040,mmlu,mmlu_13223,0,A,D,boxed,438,1
acc2_keep15040,mmlu,mmlu_07502,1,D,D,boxed,395,1
acc2_keep15040,mmlu,mmlu_05701,1,D,D,boxed,366,1
acc2_keep15040,mmlu,mmlu_03862,1,B,B,boxed,266,1
acc2_keep15040,mmlu,mmlu_06779,1,A,A,boxed,293,1
acc2_keep15040,mmlu,mmlu_07035,1,C,C,boxed,177,1
acc2_keep15040,mmlu,mmlu_00908,0,B,A,trailing-letter,1024,0
acc2_keep15040,mmlu,mmlu_10737,1,A,A,boxed,516,1
acc2_keep15040,mmlu,mmlu_11288,0,A,B,boxed,467,1
acc2_keep15040,mmlu,mmlu_01116,1,D,D,boxed,341,1
acc2_keep15040,mmlu,mmlu_03391,1,D,D,boxed,109,1
acc2_keep15040,mmlu,mmlu_05206,1,D,D,boxed,456,1
acc2_keep15040,mmlu,mmlu_04499,0,B,C,boxed,439,1
acc2_keep9216,gsm8k,gsm8k_00657,1,330000.0,330000.0,boxed,194,1
acc2_keep9216,gsm8k,gsm8k_00330,0,39.0,31.0,boxed,895,1
acc2_keep9216,gsm8k,gsm8k_01089,0,8.0,32.0,boxed,155,1
acc2_keep9216,gsm8k,gsm8k_00041,0,1000.0,200.0,last-number,1024,0
acc2_keep9216,gsm8k,gsm8k_01207,0,61.0,64.0,boxed,198,1
acc2_keep9216,gsm8k,gsm8k_00294,1,3.0,3.0,boxed,120,1
acc2_keep9216,gsm8k,gsm8k_00399,1,12.0,12.0,boxed,353,1
acc2_keep9216,gsm8k,gsm8k_00345,0,31.0,310.0,last-number,1024,0
acc2_keep9216,gsm8k,gsm8k_00580,0,520.0,500.0,last-number,1024,0
acc2_keep9216,gsm8k,gsm8k_00139,1,70.0,70.0,boxed,168,1
acc2_keep9216,gsm8k,gsm8k_00863,0,120.0,110.0,boxed,195,1
acc2_keep9216,gsm8k,gsm8k_00381,0,107.5,67.0,boxed,148,1
acc2_keep9216,gsm8k,gsm8k_00908,1,14.0,14.0,boxed,128,1
acc2_keep9216,gsm8k,gsm8k_00603,0,1260.0,1800.0,boxed,301,1
acc2_keep9216,gsm8k,gsm8k_01039,0,80.0,160.0,boxed,106,1
acc2_keep9216,gsm8k,gsm8k_01101,0,-4.0,16.0,last-number,1024,0
acc2_keep9216,gsm8k,gsm8k_00058,0,49.0,57.0,boxed,203,1
acc2_keep9216,gsm8k,gsm8k_00355,1,34.0,34.0,boxed,132,1
acc2_keep9216,gsm8k,gsm8k_01255,1,12.0,12.0,boxed,221,1
acc2_keep9216,gsm8k,gsm8k_00407,0,10000.0,2000.0,last-number,1024,0
acc2_keep9216,gsm8k,gsm8k_00666,1,120.0,120.0,boxed,426,1
acc2_keep9216,gsm8k,gsm8k_00107,1,3.0,3.0,boxed,318,1
acc2_keep9216,gsm8k,gsm8k_00934,0,460.0,410.0,boxed,139,1
acc2_keep9216,gsm8k,gsm8k_00325,0,232000.0,224000.0,boxed,335,1
acc2_keep9216,gsm8k,gsm8k_00641,0,26000.0,262500.0,boxed,142,1
acc2_keep9216,gsm8k,gsm8k_00101,1,6.0,6.0,boxed,135,1
acc2_keep9216,gsm8k,gsm8k_00147,1,75.0,75.0,boxed,525,1
acc2_keep9216,gsm8k,gsm8k_00048,0,4.0,8.0,boxed,102,1
acc2_keep9216,gsm8k,gsm8k_00324,1,14.0,14.0,boxed,543,1
acc2_keep9216,gsm8k,gsm8k_00030,0,63.0,109.0,last-number,1024,0
acc2_keep9216,gsm8k,gsm8k_00715,1,385000.0,385000.0,boxed,181,1
acc2_keep9216,gsm8k,gsm8k_00127,1,120.0,120.0,boxed,76,1
acc2_keep9216,gsm8k,gsm8k_01305,0,5400.0,2325.0,boxed,203,1
acc2_keep9216,gsm8k,gsm8k_00788,1,100.0,100.0,last-number,1024,0
acc2_keep9216,gsm8k,gsm8k_00578,1,48.0,48.0,boxed,456,1
acc2_keep9216,gsm8k,gsm8k_00952,0,60.0,360.0,last-number,1024,0
acc2_keep9216,gsm8k,gsm8k_01143,0,600.0,300.0,boxed,91,1
acc2_keep9216,gsm8k,gsm8k_01019,0,107.0,98.0,boxed,233,1
acc2_keep9216,gsm8k,gsm8k_00778,1,38.0,38.0,boxed,129,1
acc2_keep9216,gsm8k,gsm8k_01184,1,306.0,306.0,boxed,158,1
acc2_keep9216,gsm8k,gsm8k_00694,0,7.0,9.0,boxed,258,1
acc2_keep9216,gsm8k,gsm8k_00536,1,8.0,8.0,boxed,96,1
acc2_keep9216,gsm8k,gsm8k_01085,1,26.0,26.0,boxed,130,1
acc2_keep9216,gsm8k,gsm8k_00358,1,20.0,20.0,boxed,124,1
acc2_keep9216,gsm8k,gsm8k_00406,0,160.0,200.0,boxed,712,1
acc2_keep9216,gsm8k,gsm8k_01128,0,7.0,9.0,boxed,114,1
acc2_keep9216,gsm8k,gsm8k_00833,1,40.0,40.0,boxed,454,1
acc2_keep9216,gsm8k,gsm8k_00566,1,10.0,10.0,boxed,179,1
acc2_keep9216,gsm8k,gsm8k_00067,1,595.0,595.0,boxed,93,1
acc2_keep9216,gsm8k,gsm8k_01029,0,30.0,34.0,boxed,384,1
acc2_keep9216,gsm8k,gsm8k_00957,1,45.0,45.0,boxed,168,1
acc2_keep9216,gsm8k,gsm8k_00941,1,842.0,842.0,boxed,199,1
acc2_keep9216,gsm8k,gsm8k_00859,0,880.0,1520.0,boxed,144,1
acc2_keep9216,gsm8k,gsm8k_00736,0,17.0,3.0,boxed,174,1
acc2_keep9216,gsm8k,gsm8k_00528,0,20.0,172.0,last-number,1024,0
acc2_keep9216,gsm8k,gsm8k_00965,0,304.0,374.0,boxed,423,1
acc2_keep9216,gsm8k,gsm8k_00716,1,770.0,770.0,boxed,188,1
acc2_keep9216,gsm8k,gsm8k_00104,1,500.0,500.0,boxed,342,1
acc2_keep9216,gsm8k,gsm8k_01181,1,20.0,20.0,boxed,491,1
acc2_keep9216,gsm8k,gsm8k_00100,0,20.0,175.0,last-number,1024,0
acc2_keep9216,gsm8k,gsm8k_00547,1,81.0,81.0,boxed,718,1
acc2_keep9216,gsm8k,gsm8k_00469,0,6.0,4.0,boxed,164,1
acc2_keep9216,gsm8k,gsm8k_01271,1,43.0,43.0,boxed,172,1
acc2_keep9216,gsm8k,gsm8k_00597,0,54.0,90.0,boxed,194,1
acc2_keep9216,gsm8k,gsm8k_00515,0,288.0,160.0,boxed,254,1
acc2_keep9216,gsm8k,gsm8k_01221,1,10.0,10.0,boxed,171,1
acc2_keep9216,gsm8k,gsm8k_00701,0,3.0,200.0,last-number,1024,0
acc2_keep9216,gsm8k,gsm8k_00409,0,4800.0,168000.0,boxed,404,1
acc2_keep9216,gsm8k,gsm8k_00017,0,60000.0,57500.0,boxed,171,1
acc2_keep9216,gsm8k,gsm8k_00009,1,460.0,460.0,boxed,175,1
acc2_keep9216,gsm8k,gsm8k_00433,1,6.0,6.0,boxed,142,1
acc2_keep9216,gsm8k,gsm8k_01009,1,1875.0,1875.0,boxed,226,1
acc2_keep9216,gsm8k,gsm8k_00195,1,12.0,12.0,boxed,105,1
acc2_keep9216,gsm8k,gsm8k_00911,0,40.0,64.0,last-number,1024,0
acc2_keep9216,gsm8k,gsm8k_00375,1,48.0,48.0,boxed,106,1
acc2_keep9216,gsm8k,gsm8k_00077,1,100.0,100.0,boxed,378,1
acc2_keep9216,gsm8k,gsm8k_00962,0,266.6666666666667,1000.0,last-number,1024,0
acc2_keep9216,gsm8k,gsm8k_01025,1,30.0,30.0,boxed,185,1
acc2_keep9216,gsm8k,gsm8k_00393,1,20.0,20.0,boxed,255,1
acc2_keep9216,gsm8k,gsm8k_01026,0,1440.0,43200.0,boxed,183,1
acc2_keep9216,gsm8k,gsm8k_00214,0,2.0,8.0,boxed,642,1
acc2_keep9216,gsm8k,gsm8k_01031,1,5.0,5.0,boxed,121,1
acc2_keep9216,gsm8k,gsm8k_00480,1,11.0,11.0,boxed,227,1
acc2_keep9216,gsm8k,gsm8k_01055,0,2400.0,2304.0,boxed,90,1
acc2_keep9216,gsm8k,gsm8k_00378,0,50.0,15.0,last-number,1024,0
acc2_keep9216,gsm8k,gsm8k_01028,1,200.0,200.0,boxed,241,1
acc2_keep9216,gsm8k,gsm8k_00234,0,3.0,21.0,boxed,126,1
acc2_keep9216,gsm8k,gsm8k_00201,0,109250.0,114200.0,boxed,1012,1
acc2_keep9216,gsm8k,gsm8k_00831,0,309.0,324.0,boxed,386,1
acc2_keep9216,gsm8k,gsm8k_01202,0,3.0,19.0,last-number,1024,0
acc2_keep9216,gsm8k,gsm8k_01043,1,130000.0,130000.0,boxed,109,1
acc2_keep9216,gsm8k,gsm8k_00610,0,66260.0,65960.0,boxed,136,1
acc2_keep9216,gsm8k,gsm8k_01130,1,25.0,25.0,boxed,745,1
acc2_keep9216,gsm8k,gsm8k_00996,0,6.0,3.0,boxed,400,1
acc2_keep9216,gsm8k,gsm8k_01140,0,2.0,27.0,last-number,1024,0
acc2_keep9216,gsm8k,gsm8k_00163,1,50.0,50.0,boxed,376,1
acc2_keep9216,gsm8k,gsm8k_00672,0,8.0,2.0,last-number,1024,0
acc2_keep9216,gsm8k,gsm8k_01311,1,594.0,594.0,boxed,158,1
acc2_keep9216,gsm8k,gsm8k_00670,1,4.0,4.0,boxed,82,1
acc2_keep9216,gsm8k,gsm8k_00909,1,38.0,38.0,boxed,223,1
acc2_keep9216,gsm8k,gsm8k_00595,1,13.0,13.0,boxed,146,1
acc2_keep9216,gsm8k,gsm8k_01190,0,81.0,19.0,boxed,813,1
acc2_keep9216,gsm8k,gsm8k_00554,1,54.0,54.0,boxed,879,1
acc2_keep9216,gsm8k,gsm8k_01178,1,17.0,17.0,boxed,109,1
acc2_keep9216,gsm8k,gsm8k_01197,0,780.0,2400.0,boxed,150,1
acc2_keep9216,gsm8k,gsm8k_00852,0,4.0,123.0,last-number,1024,0
acc2_keep9216,gsm8k,gsm8k_00142,0,100.0,140.0,boxed,140,1
acc2_keep9216,gsm8k,gsm8k_00636,1,1050.0,1050.0,boxed,223,1
acc2_keep9216,gsm8k,gsm8k_00044,1,20.0,20.0,boxed,204,1
acc2_keep9216,gsm8k,gsm8k_01230,1,440.0,440.0,boxed,697,1
acc2_keep9216,gsm8k,gsm8k_00539,0,30.0,35.0,boxed,159,1
acc2_keep9216,gsm8k,gsm8k_01177,1,17.0,17.0,boxed,152,1
acc2_keep9216,gsm8k,gsm8k_01241,0,2.4,8.0,last-number,1024,0
acc2_keep9216,gsm8k,gsm8k_00669,1,132.0,132.0,boxed,139,1
acc2_keep9216,gsm8k,gsm8k_00949,1,42.0,42.0,boxed,182,1
acc2_keep9216,gsm8k,gsm8k_01183,1,11.0,11.0,boxed,852,1
acc2_keep9216,gsm8k,gsm8k_00347,1,36.0,36.0,boxed,298,1
acc2_keep9216,gsm8k,gsm8k_00461,1,9.0,9.0,boxed,204,1
acc2_keep9216,gsm8k,gsm8k_00173,1,18000.0,18000.0,boxed,129,1
acc2_keep9216,gsm8k,gsm8k_00549,1,398.0,398.0,boxed,315,1
acc2_keep9216,gsm8k,gsm8k_00474,0,20.0,80.0,last-number,1024,0
acc2_keep9216,gsm8k,gsm8k_01258,0,20.0,60.0,last-number,1024,0
acc2_keep9216,gsm8k,gsm8k_00504,1,2.0,2.0,boxed,281,1
acc2_keep9216,gsm8k,gsm8k_00233,1,12.0,12.0,last-number,1024,0
acc2_keep9216,gsm8k,gsm8k_01041,1,101.0,101.0,boxed,133,1
acc2_keep9216,gsm8k,gsm8k_00187,1,106.0,106.0,boxed,204,1
acc2_keep9216,gsm8k,gsm8k_01227,0,3.0,66.0,last-number,1024,0
acc2_keep9216,gsm8k,gsm8k_01108,0,48.0,38.0,boxed,76,1
acc2_keep9216,gsm8k,gsm8k_00828,1,60.0,60.0,boxed,195,1
acc2_keep9216,gsm8k,gsm8k_01116,1,60.0,60.0,boxed,105,1
acc2_keep9216,gsm8k,gsm8k_00451,0,170.0,11050.0,last-number,1024,0
acc2_keep9216,gsm8k,gsm8k_00080,0,3.0,10.0,last-number,1024,0
acc2_keep9216,gsm8k,gsm8k_00191,0,21.0,5.0,boxed,103,1
acc2_keep9216,gsm8k,gsm8k_00458,1,35.0,35.0,boxed,140,1
acc2_keep9216,gsm8k,gsm8k_00307,0,8.0,16.0,last-number,1024,0
acc2_keep9216,gsm8k,gsm8k_00069,0,50.0,60.0,boxed,134,1
acc2_keep9216,gsm8k,gsm8k_00590,0,1.0,319.0,last-number,1024,0
acc2_keep9216,gsm8k,gsm8k_01153,1,20.0,20.0,boxed,529,1
acc2_keep9216,gsm8k,gsm8k_00472,0,10.0,6.0,boxed,164,1
acc2_keep9216,gsm8k,gsm8k_00990,0,2.0,14.0,last-number,1024,0
acc2_keep9216,gsm8k,gsm8k_00252,0,63.0,73.0,boxed,535,1
acc2_keep9216,gsm8k,gsm8k_00005,0,8.0,64.0,last-number,1024,0
acc2_keep9216,gsm8k,gsm8k_01215,0,180.0,36.0,boxed,207,1
acc2_keep9216,gsm8k,gsm8k_00808,0,9.5,12.0,boxed,190,1
acc2_keep9216,gsm8k,gsm8k_01054,1,2400.0,2400.0,boxed,106,1
acc2_keep9216,gsm8k,gsm8k_01226,1,90.0,90.0,boxed,148,1
acc2_keep9216,gsm8k,gsm8k_01044,0,51.0,1.0,last-number,1024,0
acc2_keep9216,gsm8k,gsm8k_00428,0,4.0,26.0,boxed,131,1
acc2_keep9216,gsm8k,gsm8k_00008,0,315.0,45.0,last-number,1024,0
acc2_keep9216,gsm8k,gsm8k_00151,1,5.0,5.0,boxed,957,1
acc2_keep9216,gsm8k,gsm8k_01033,1,2.0,2.0,boxed,147,1
acc2_keep9216,gsm8k,gsm8k_01003,0,2520.0,480.0,boxed,130,1
acc2_keep9216,gsm8k,gsm8k_00483,0,80.0,40.0,last-number,1024,0
acc2_keep9216,gsm8k,gsm8k_00792,0,150.0,75.0,boxed,160,1
acc2_keep9216,gsm8k,gsm8k_00531,0,15.0,66.0,last-number,1024,0
acc2_keep9216,gsm8k,gsm8k_00210,1,10.0,10.0,boxed,319,1
acc2_keep9216,gsm8k,gsm8k_00956,1,1.0,1.0,boxed,414,1
acc2_keep9216,gsm8k,gsm8k_01279,0,4.0,180.0,last-number,1024,0
acc2_keep9216,gsm8k,gsm8k_00538,0,27.0,18.0,boxed,101,1
acc2_keep9216,gsm8k,gsm8k_01030,0,0.0,24.0,last-number,1024,0
acc2_keep9216,gsm8k,gsm8k_00178,0,3.0,122.0,last-number,1024,0
acc2_keep9216,gsm8k,gsm8k_00799,1,4.0,4.0,boxed,101,1
acc2_keep9216,gsm8k,gsm8k_01060,0,8.0,31.0,last-number,1024,0
acc2_keep9216,gsm8k,gsm8k_00767,1,60.0,60.0,boxed,188,1
acc2_keep9216,gsm8k,gsm8k_01231,0,65.0,70.0,boxed,99,1
acc2_keep9216,gsm8k,gsm8k_00626,1,72.0,72.0,boxed,513,1
acc2_keep9216,gsm8k,gsm8k_01285,0,1175.0,1218.0,boxed,861,1
acc2_keep9216,gsm8k,gsm8k_00045,1,104.0,104.0,boxed,209,1
acc2_keep9216,gsm8k,gsm8k_01040,1,736.0,736.0,boxed,171,1
acc2_keep9216,gsm8k,gsm8k_00416,1,56.0,56.0,boxed,275,1
acc2_keep9216,gsm8k,gsm8k_00196,0,0.0,120.0,boxed,113,1
acc2_keep9216,gsm8k,gsm8k_00818,0,26.0,16.0,boxed,212,1
acc2_keep9216,gsm8k,gsm8k_00609,1,7.0,7.0,boxed,132,1
acc2_keep9216,gsm8k,gsm8k_00226,1,33.0,33.0,boxed,288,1
acc2_keep9216,gsm8k,gsm8k_00028,1,25.0,25.0,boxed,241,1
acc2_keep9216,gsm8k,gsm8k_00157,0,19780.0,80.0,boxed,629,1
acc2_keep9216,gsm8k,gsm8k_01201,0,20.0,42.0,last-number,1024,0
acc2_keep9216,gsm8k,gsm8k_00565,1,5.0,5.0,boxed,132,1
acc2_keep9216,gsm8k,gsm8k_00989,0,30.0,45.0,last-number,1024,0
acc2_keep9216,gsm8k,gsm8k_01103,1,90.0,90.0,boxed,545,1
acc2_keep9216,gsm8k,gsm8k_00614,1,312.0,312.0,boxed,178,1
acc2_keep9216,gsm8k,gsm8k_01146,1,16.0,16.0,boxed,251,1
acc2_keep9216,gsm8k,gsm8k_00091,1,28.0,28.0,boxed,203,1
acc2_keep9216,gsm8k,gsm8k_01272,0,316.0,296.0,boxed,222,1
acc2_keep9216,gsm8k,gsm8k_01127,1,750.0,750.0,boxed,225,1
acc2_keep9216,gsm8k,gsm8k_00572,0,80.0,100.0,last-number,1024,0
acc2_keep9216,gsm8k,gsm8k_00664,1,32.0,32.0,boxed,127,1
acc2_keep9216,gsm8k,gsm8k_01242,0,50.0,20.0,last-number,1024,0
acc2_keep9216,gsm8k,gsm8k_00735,1,50.0,50.0,boxed,195,1
acc2_keep9216,gsm8k,gsm8k_00759,1,60000.0,60000.0,boxed,119,1
acc2_keep9216,gsm8k,gsm8k_00620,0,2000.0,1509.0,boxed,492,1
acc2_keep9216,gsm8k,gsm8k_00758,1,133.0,133.0,boxed,129,1
acc2_keep9216,gsm8k,gsm8k_00978,1,160.0,160.0,boxed,153,1
acc2_keep9216,gsm8k,gsm8k_00563,1,12.0,12.0,last-number,1024,0
acc2_keep9216,gsm8k,gsm8k_00782,0,15.0,54.0,last-number,1024,0
acc2_keep9216,gsm8k,gsm8k_00901,0,2.0,1.0,boxed,256,1
acc2_keep9216,gsm8k,gsm8k_00167,1,16.0,16.0,boxed,207,1
acc2_keep9216,gsm8k,gsm8k_01267,0,80.0,40.0,boxed,269,1
acc2_keep9216,gsm8k,gsm8k_01237,1,78.0,78.0,boxed,147,1
acc2_keep9216,gsm8k,gsm8k_01014,0,13.0,3.0,boxed,187,1
acc2_keep9216,gsm8k,gsm8k_00584,0,100.0,2.0,last-number,1024,0
acc2_keep9216,gsm8k,gsm8k_00333,1,100.0,100.0,boxed,205,1
acc2_keep9216,gsm8k,gsm8k_00545,1,30.0,30.0,boxed,116,1
acc2_keep9216,gsm8k,gsm8k_00850,0,25.0,70.0,last-number,1024,0
acc2_keep9216,gsm8k,gsm8k_01007,0,9.0,34.0,last-number,1024,0
acc2_keep9216,gsm8k,gsm8k_00400,1,48.0,48.0,boxed,100,1
acc2_keep9216,gsm8k,gsm8k_00975,1,20.0,20.0,boxed,315,1
acc2_keep9216,gsm8k,gsm8k_01232,1,15.0,15.0,boxed,682,1
acc2_keep9216,gsm8k,gsm8k_01317,1,5.0,5.0,boxed,735,1
acc2_keep9216,gsm8k,gsm8k_00225,1,9.0,9.0,boxed,104,1
acc2_keep9216,gsm8k,gsm8k_00791,1,100.0,100.0,boxed,123,1
acc2_keep9216,gsm8k,gsm8k_00693,0,58.0,68.0,boxed,207,1
acc2_keep9216,gsm8k,gsm8k_00236,0,5.0,31.0,last-number,1024,0
acc2_keep9216,gsm8k,gsm8k_00683,1,50.0,50.0,boxed,985,1
acc2_keep9216,gsm8k,gsm8k_00720,1,4.0,4.0,boxed,88,1
acc2_keep9216,gsm8k,gsm8k_01000,1,1.0,1.0,last-number,1024,0
acc2_keep9216,gsm8k,gsm8k_00895,1,74.0,74.0,boxed,137,1
acc2_keep9216,gsm8k,gsm8k_00254,1,84.0,84.0,boxed,191,1
acc2_keep9216,gsm8k,gsm8k_00809,0,100.0,50.0,last-number,1024,0
acc2_keep9216,gsm8k,gsm8k_00326,1,14.0,14.0,boxed,264,1
acc2_keep9216,gsm8k,gsm8k_00772,1,50.0,50.0,boxed,393,1
acc2_keep9216,gsm8k,gsm8k_00435,1,5.0,5.0,boxed,71,1
acc2_keep9216,gsm8k,gsm8k_01021,0,1.0,36.0,last-number,1024,0
acc2_keep9216,gsm8k,gsm8k_00491,0,2.0,16.0,last-number,1024,0
acc2_keep9216,gsm8k,gsm8k_00622,1,7.0,7.0,boxed,182,1
acc2_keep9216,gsm8k,gsm8k_00681,0,311.0,298.0,boxed,586,1
acc2_keep9216,gsm8k,gsm8k_00260,0,28.0,11.0,boxed,733,1
acc2_keep9216,gsm8k,gsm8k_00237,1,90.0,90.0,boxed,108,1
acc2_keep9216,gsm8k,gsm8k_01137,0,5.0,68.0,last-number,1024,0
acc2_keep9216,gsm8k,gsm8k_01048,0,12290.0,7400.0,boxed,709,1
acc2_keep9216,gsm8k,gsm8k_00057,1,83.0,83.0,boxed,247,1
acc2_keep9216,gsm8k,gsm8k_00228,1,1.0,1.0,boxed,176,1
acc2_keep9216,gsm8k,gsm8k_00434,0,75.0,5.0,last-number,1024,0
acc2_keep9216,gsm8k,gsm8k_00424,0,390.0,570.0,boxed,151,1
acc2_keep9216,gsm8k,gsm8k_01206,1,40000.0,40000.0,boxed,165,1
acc2_keep9216,gsm8k,gsm8k_00007,0,20.0,160.0,last-number,1024,0
acc2_keep9216,gsm8k,gsm8k_00493,0,50.0,25.0,boxed,189,1
acc2_keep9216,gsm8k,gsm8k_01047,1,10.0,10.0,boxed,271,1
acc2_keep9216,gsm8k,gsm8k_00642,1,10800.0,10800.0,boxed,262,1
acc2_keep9216,gsm8k,gsm8k_00740,1,25.0,25.0,boxed,216,1
acc2_keep9216,gsm8k,gsm8k_00796,0,1040000.0,2880000.0,boxed,116,1
acc2_keep9216,gsm8k,gsm8k_00829,1,14000.0,14000.0,boxed,249,1
acc2_keep9216,gsm8k,gsm8k_00729,1,1000.0,1000.0,boxed,219,1
acc2_keep9216,gsm8k,gsm8k_00421,1,12.0,12.0,boxed,158,1
acc2_keep9216,gsm8k,gsm8k_00779,0,4.5,255.0,last-number,1024,0
acc2_keep9216,gsm8k,gsm8k_00328,0,inf,2.0,last-number,1024,0
acc2_keep9216,gsm8k,gsm8k_01117,0,2295.0,9.0,last-number,1024,0
acc2_keep9216,gsm8k,gsm8k_01310,0,1.0,64.0,last-number,1024,0
acc2_keep9216,gsm8k,gsm8k_00963,1,147.0,147.0,boxed,378,1
acc2_keep9216,gsm8k,gsm8k_01159,0,4.0,50.0,last-number,1024,0
acc2_keep9984,gsm8k,gsm8k_00657,1,330000.0,330000.0,boxed,245,1
acc2_keep9984,gsm8k,gsm8k_00330,1,31.0,31.0,boxed,550,1
acc2_keep9984,gsm8k,gsm8k_01089,1,32.0,32.0,boxed,339,1
acc2_keep9984,gsm8k,gsm8k_00041,0,1000.0,200.0,last-number,1024,0
acc2_keep9984,gsm8k,gsm8k_01207,1,64.0,64.0,boxed,133,1
acc2_keep9984,gsm8k,gsm8k_00294,1,3.0,3.0,boxed,140,1
acc2_keep9984,gsm8k,gsm8k_00399,1,12.0,12.0,boxed,301,1
acc2_keep9984,gsm8k,gsm8k_00345,1,310.0,310.0,boxed,167,1
acc2_keep9984,gsm8k,gsm8k_00580,0,1.04,500.0,last-number,1024,0
acc2_keep9984,gsm8k,gsm8k_00139,1,70.0,70.0,boxed,172,1
acc2_keep9984,gsm8k,gsm8k_00863,1,110.0,110.0,boxed,184,1
acc2_keep9984,gsm8k,gsm8k_00381,1,67.0,67.0,boxed,158,1
acc2_keep9984,gsm8k,gsm8k_00908,1,14.0,14.0,boxed,147,1
acc2_keep9984,gsm8k,gsm8k_00603,0,1260.0,1800.0,boxed,247,1
acc2_keep9984,gsm8k,gsm8k_01039,1,160.0,160.0,boxed,321,1
acc2_keep9984,gsm8k,gsm8k_01101,1,16.0,16.0,boxed,245,1
acc2_keep9984,gsm8k,gsm8k_00058,0,40.0,57.0,boxed,662,1
acc2_keep9984,gsm8k,gsm8k_00355,1,34.0,34.0,boxed,225,1
acc2_keep9984,gsm8k,gsm8k_01255,1,12.0,12.0,boxed,278,1
acc2_keep9984,gsm8k,gsm8k_00407,1,2000.0,2000.0,boxed,346,1
acc2_keep9984,gsm8k,gsm8k_00666,1,120.0,120.0,boxed,416,1
acc2_keep9984,gsm8k,gsm8k_00107,0,30.0,3.0,last-number,1024,0
acc2_keep9984,gsm8k,gsm8k_00934,1,410.0,410.0,boxed,173,1
acc2_keep9984,gsm8k,gsm8k_00325,1,224000.0,224000.0,boxed,300,1
acc2_keep9984,gsm8k,gsm8k_00641,0,372000.0,262500.0,boxed,203,1
acc2_keep9984,gsm8k,gsm8k_00101,1,6.0,6.0,boxed,235,1
acc2_keep9984,gsm8k,gsm8k_00147,1,75.0,75.0,boxed,332,1
acc2_keep9984,gsm8k,gsm8k_00048,1,8.0,8.0,boxed,112,1
acc2_keep9984,gsm8k,gsm8k_00324,1,14.0,14.0,boxed,236,1
acc2_keep9984,gsm8k,gsm8k_00030,1,109.0,109.0,boxed,298,1
acc2_keep9984,gsm8k,gsm8k_00715,1,385000.0,385000.0,boxed,527,1
acc2_keep9984,gsm8k,gsm8k_00127,1,120.0,120.0,boxed,143,1
acc2_keep9984,gsm8k,gsm8k_01305,1,2325.0,2325.0,boxed,248,1
acc2_keep9984,gsm8k,gsm8k_00788,1,100.0,100.0,boxed,248,1
acc2_keep9984,gsm8k,gsm8k_00578,1,48.0,48.0,boxed,311,1
acc2_keep9984,gsm8k,gsm8k_00952,1,360.0,360.0,boxed,195,1
acc2_keep9984,gsm8k,gsm8k_01143,1,300.0,300.0,boxed,111,1
acc2_keep9984,gsm8k,gsm8k_01019,1,98.0,98.0,boxed,155,1
acc2_keep9984,gsm8k,gsm8k_00778,1,38.0,38.0,boxed,242,1
acc2_keep9984,gsm8k,gsm8k_01184,1,306.0,306.0,boxed,103,1
acc2_keep9984,gsm8k,gsm8k_00694,1,9.0,9.0,boxed,806,1
acc2_keep9984,gsm8k,gsm8k_00536,1,8.0,8.0,boxed,186,1
acc2_keep9984,gsm8k,gsm8k_01085,1,26.0,26.0,boxed,162,1
acc2_keep9984,gsm8k,gsm8k_00358,1,20.0,20.0,boxed,149,1
acc2_keep9984,gsm8k,gsm8k_00406,0,80.0,200.0,last-number,1024,0
acc2_keep9984,gsm8k,gsm8k_01128,0,7.0,9.0,boxed,146,1
acc2_keep9984,gsm8k,gsm8k_00833,1,40.0,40.0,boxed,346,1
acc2_keep9984,gsm8k,gsm8k_00566,1,10.0,10.0,boxed,175,1
acc2_keep9984,gsm8k,gsm8k_00067,1,595.0,595.0,boxed,277,1
acc2_keep9984,gsm8k,gsm8k_01029,0,27.0,34.0,boxed,120,1
acc2_keep9984,gsm8k,gsm8k_00957,1,45.0,45.0,boxed,190,1
acc2_keep9984,gsm8k,gsm8k_00941,1,842.0,842.0,boxed,141,1
acc2_keep9984,gsm8k,gsm8k_00859,1,1520.0,1520.0,boxed,230,1
acc2_keep9984,gsm8k,gsm8k_00736,1,3.0,3.0,boxed,175,1
acc2_keep9984,gsm8k,gsm8k_00528,1,172.0,172.0,boxed,532,1
acc2_keep9984,gsm8k,gsm8k_00965,1,374.0,374.0,boxed,346,1
acc2_keep9984,gsm8k,gsm8k_00716,1,770.0,770.0,boxed,183,1
acc2_keep9984,gsm8k,gsm8k_00104,1,500.0,500.0,boxed,297,1
acc2_keep9984,gsm8k,gsm8k_01181,1,20.0,20.0,boxed,348,1
acc2_keep9984,gsm8k,gsm8k_00100,1,175.0,175.0,boxed,282,1
acc2_keep9984,gsm8k,gsm8k_00547,1,81.0,81.0,boxed,456,1
acc2_keep9984,gsm8k,gsm8k_00469,1,4.0,4.0,boxed,106,1
acc2_keep9984,gsm8k,gsm8k_01271,1,43.0,43.0,boxed,294,1
acc2_keep9984,gsm8k,gsm8k_00597,1,90.0,90.0,boxed,203,1
acc2_keep9984,gsm8k,gsm8k_00515,0,288.0,160.0,boxed,166,1
acc2_keep9984,gsm8k,gsm8k_01221,1,10.0,10.0,boxed,157,1
acc2_keep9984,gsm8k,gsm8k_00701,1,200.0,200.0,boxed,335,1
acc2_keep9984,gsm8k,gsm8k_00409,0,16800.0,168000.0,boxed,314,1
acc2_keep9984,gsm8k,gsm8k_00017,1,57500.0,57500.0,boxed,154,1
acc2_keep9984,gsm8k,gsm8k_00009,1,460.0,460.0,boxed,382,1
acc2_keep9984,gsm8k,gsm8k_00433,1,6.0,6.0,boxed,135,1
acc2_keep9984,gsm8k,gsm8k_01009,1,1875.0,1875.0,boxed,517,1
acc2_keep9984,gsm8k,gsm8k_00195,1,12.0,12.0,boxed,259,1
acc2_keep9984,gsm8k,gsm8k_00911,1,64.0,64.0,boxed,140,1
acc2_keep9984,gsm8k,gsm8k_00375,1,48.0,48.0,boxed,103,1
acc2_keep9984,gsm8k,gsm8k_00077,1,100.0,100.0,boxed,232,1
acc2_keep9984,gsm8k,gsm8k_00962,0,600.0,1000.0,boxed,134,1
acc2_keep9984,gsm8k,gsm8k_01025,1,30.0,30.0,boxed,103,1
acc2_keep9984,gsm8k,gsm8k_00393,1,20.0,20.0,boxed,420,1
acc2_keep9984,gsm8k,gsm8k_01026,0,57600.0,43200.0,boxed,197,1
acc2_keep9984,gsm8k,gsm8k_00214,0,4.0,8.0,last-number,1024,0
acc2_keep9984,gsm8k,gsm8k_01031,1,5.0,5.0,boxed,143,1
acc2_keep9984,gsm8k,gsm8k_00480,1,11.0,11.0,boxed,202,1
acc2_keep9984,gsm8k,gsm8k_01055,1,2304.0,2304.0,boxed,145,1
acc2_keep9984,gsm8k,gsm8k_00378,1,15.0,15.0,boxed,116,1
acc2_keep9984,gsm8k,gsm8k_01028,1,200.0,200.0,boxed,137,1
acc2_keep9984,gsm8k,gsm8k_00234,0,14.0,21.0,boxed,179,1
acc2_keep9984,gsm8k,gsm8k_00201,1,114200.0,114200.0,boxed,210,1
acc2_keep9984,gsm8k,gsm8k_00831,1,324.0,324.0,boxed,242,1
acc2_keep9984,gsm8k,gsm8k_01202,1,19.0,19.0,boxed,170,1
acc2_keep9984,gsm8k,gsm8k_01043,1,130000.0,130000.0,boxed,125,1
acc2_keep9984,gsm8k,gsm8k_00610,0,66860.0,65960.0,boxed,154,1
acc2_keep9984,gsm8k,gsm8k_01130,1,25.0,25.0,boxed,213,1
acc2_keep9984,gsm8k,gsm8k_00996,0,6.0,3.0,boxed,288,1
acc2_keep9984,gsm8k,gsm8k_01140,1,27.0,27.0,boxed,365,1
acc2_keep9984,gsm8k,gsm8k_00163,1,50.0,50.0,boxed,352,1
acc2_keep9984,gsm8k,gsm8k_00672,0,8.0,2.0,last-number,1024,0
acc2_keep9984,gsm8k,gsm8k_01311,1,594.0,594.0,boxed,135,1
acc2_keep9984,gsm8k,gsm8k_00670,1,4.0,4.0,boxed,116,1
acc2_keep9984,gsm8k,gsm8k_00909,1,38.0,38.0,boxed,283,1
acc2_keep9984,gsm8k,gsm8k_00595,1,13.0,13.0,boxed,183,1
acc2_keep9984,gsm8k,gsm8k_01190,1,19.0,19.0,boxed,616,1
acc2_keep9984,gsm8k,gsm8k_00554,1,54.0,54.0,boxed,391,1
acc2_keep9984,gsm8k,gsm8k_01178,1,17.0,17.0,boxed,152,1
acc2_keep9984,gsm8k,gsm8k_01197,1,2400.0,2400.0,boxed,288,1
acc2_keep9984,gsm8k,gsm8k_00852,0,16.0,123.0,last-number,1024,0
acc2_keep9984,gsm8k,gsm8k_00142,1,140.0,140.0,boxed,172,1
acc2_keep9984,gsm8k,gsm8k_00636,1,1050.0,1050.0,boxed,187,1
acc2_keep9984,gsm8k,gsm8k_00044,1,20.0,20.0,boxed,258,1
acc2_keep9984,gsm8k,gsm8k_01230,1,440.0,440.0,boxed,226,1
acc2_keep9984,gsm8k,gsm8k_00539,0,40.0,35.0,boxed,128,1
acc2_keep9984,gsm8k,gsm8k_01177,1,17.0,17.0,boxed,279,1
acc2_keep9984,gsm8k,gsm8k_01241,1,8.0,8.0,boxed,193,1
acc2_keep9984,gsm8k,gsm8k_00669,1,132.0,132.0,boxed,163,1
acc2_keep9984,gsm8k,gsm8k_00949,1,42.0,42.0,boxed,208,1
acc2_keep9984,gsm8k,gsm8k_01183,1,11.0,11.0,boxed,590,1
acc2_keep9984,gsm8k,gsm8k_00347,1,36.0,36.0,boxed,126,1
acc2_keep9984,gsm8k,gsm8k_00461,1,9.0,9.0,boxed,222,1
acc2_keep9984,gsm8k,gsm8k_00173,1,18000.0,18000.0,boxed,214,1
acc2_keep9984,gsm8k,gsm8k_00549,1,398.0,398.0,boxed,151,1
acc2_keep9984,gsm8k,gsm8k_00474,1,80.0,80.0,boxed,162,1
acc2_keep9984,gsm8k,gsm8k_01258,0,3.0,60.0,last-number,1024,0
acc2_keep9984,gsm8k,gsm8k_00504,1,2.0,2.0,boxed,292,1
acc2_keep9984,gsm8k,gsm8k_00233,1,12.0,12.0,boxed,158,1
acc2_keep9984,gsm8k,gsm8k_01041,1,101.0,101.0,boxed,161,1
acc2_keep9984,gsm8k,gsm8k_00187,1,106.0,106.0,boxed,490,1
acc2_keep9984,gsm8k,gsm8k_01227,0,5.0,66.0,last-number,1024,0
acc2_keep9984,gsm8k,gsm8k_01108,1,38.0,38.0,boxed,77,1
acc2_keep9984,gsm8k,gsm8k_00828,1,60.0,60.0,boxed,148,1
acc2_keep9984,gsm8k,gsm8k_01116,1,60.0,60.0,boxed,227,1
acc2_keep9984,gsm8k,gsm8k_00451,0,1105.0,11050.0,boxed,224,1
acc2_keep9984,gsm8k,gsm8k_00080,1,10.0,10.0,boxed,120,1
acc2_keep9984,gsm8k,gsm8k_00191,1,5.0,5.0,boxed,100,1
acc2_keep9984,gsm8k,gsm8k_00458,1,35.0,35.0,boxed,183,1
acc2_keep9984,gsm8k,gsm8k_00307,0,2.0,16.0,last-number,1024,0
acc2_keep9984,gsm8k,gsm8k_00069,1,60.0,60.0,boxed,141,1
acc2_keep9984,gsm8k,gsm8k_00590,0,3.0,319.0,last-number,1024,0
acc2_keep9984,gsm8k,gsm8k_01153,1,20.0,20.0,boxed,226,1
acc2_keep9984,gsm8k,gsm8k_00472,1,6.0,6.0,boxed,190,1
acc2_keep9984,gsm8k,gsm8k_00990,0,-14.0,14.0,boxed,332,1
acc2_keep9984,gsm8k,gsm8k_00252,1,73.0,73.0,boxed,568,1
acc2_keep9984,gsm8k,gsm8k_00005,0,5.0,64.0,last-number,1024,0
acc2_keep9984,gsm8k,gsm8k_01215,0,60.0,36.0,boxed,292,1
acc2_keep9984,gsm8k,gsm8k_00808,1,12.0,12.0,boxed,186,1
acc2_keep9984,gsm8k,gsm8k_01054,1,2400.0,2400.0,boxed,129,1
acc2_keep9984,gsm8k,gsm8k_01226,1,90.0,90.0,boxed,174,1
acc2_keep9984,gsm8k,gsm8k_01044,1,1.0,1.0,boxed,199,1
acc2_keep9984,gsm8k,gsm8k_00428,0,22.0,26.0,boxed,365,1
acc2_keep9984,gsm8k,gsm8k_00008,0,180.0,45.0,boxed,784,1
acc2_keep9984,gsm8k,gsm8k_00151,1,5.0,5.0,boxed,226,1
acc2_keep9984,gsm8k,gsm8k_01033,1,2.0,2.0,boxed,150,1
acc2_keep9984,gsm8k,gsm8k_01003,1,480.0,480.0,boxed,1011,1
acc2_keep9984,gsm8k,gsm8k_00483,1,40.0,40.0,boxed,318,1
acc2_keep9984,gsm8k,gsm8k_00792,1,75.0,75.0,boxed,143,1
acc2_keep9984,gsm8k,gsm8k_00531,1,66.0,66.0,boxed,379,1
acc2_keep9984,gsm8k,gsm8k_00210,1,10.0,10.0,boxed,385,1
acc2_keep9984,gsm8k,gsm8k_00956,1,1.0,1.0,boxed,140,1
acc2_keep9984,gsm8k,gsm8k_01279,1,180.0,180.0,boxed,171,1
acc2_keep9984,gsm8k,gsm8k_00538,1,18.0,18.0,boxed,101,1
acc2_keep9984,gsm8k,gsm8k_01030,0,0.0,24.0,last-number,1024,0
acc2_keep9984,gsm8k,gsm8k_00178,1,122.0,122.0,boxed,237,1
acc2_keep9984,gsm8k,gsm8k_00799,1,4.0,4.0,boxed,127,1
acc2_keep9984,gsm8k,gsm8k_01060,1,31.0,31.0,boxed,656,1
acc2_keep9984,gsm8k,gsm8k_00767,1,60.0,60.0,boxed,160,1
acc2_keep9984,gsm8k,gsm8k_01231,1,70.0,70.0,boxed,369,1
acc2_keep9984,gsm8k,gsm8k_00626,1,72.0,72.0,boxed,264,1
acc2_keep9984,gsm8k,gsm8k_01285,1,1218.0,1218.0,boxed,151,1
acc2_keep9984,gsm8k,gsm8k_00045,0,44.0,104.0,boxed,318,1
acc2_keep9984,gsm8k,gsm8k_01040,1,736.0,736.0,boxed,322,1
acc2_keep9984,gsm8k,gsm8k_00416,1,56.0,56.0,boxed,300,1
acc2_keep9984,gsm8k,gsm8k_00196,1,120.0,120.0,boxed,82,1
acc2_keep9984,gsm8k,gsm8k_00818,1,16.0,16.0,boxed,226,1
acc2_keep9984,gsm8k,gsm8k_00609,1,7.0,7.0,boxed,163,1
acc2_keep9984,gsm8k,gsm8k_00226,1,33.0,33.0,boxed,291,1
acc2_keep9984,gsm8k,gsm8k_00028,1,25.0,25.0,boxed,573,1
acc2_keep9984,gsm8k,gsm8k_00157,0,280.0,80.0,boxed,228,1
acc2_keep9984,gsm8k,gsm8k_01201,1,42.0,42.0,last-number,1024,0
acc2_keep9984,gsm8k,gsm8k_00565,1,5.0,5.0,boxed,143,1
acc2_keep9984,gsm8k,gsm8k_00989,0,10.0,45.0,boxed,288,1
acc2_keep9984,gsm8k,gsm8k_01103,1,90.0,90.0,boxed,163,1
acc2_keep9984,gsm8k,gsm8k_00614,1,312.0,312.0,boxed,182,1
acc2_keep9984,gsm8k,gsm8k_01146,1,16.0,16.0,boxed,640,1
acc2_keep9984,gsm8k,gsm8k_00091,1,28.0,28.0,boxed,206,1
acc2_keep9984,gsm8k,gsm8k_01272,1,296.0,296.0,boxed,241,1
acc2_keep9984,gsm8k,gsm8k_01127,1,750.0,750.0,boxed,312,1
acc2_keep9984,gsm8k,gsm8k_00572,1,100.0,100.0,boxed,169,1
acc2_keep9984,gsm8k,gsm8k_00664,1,32.0,32.0,boxed,147,1
acc2_keep9984,gsm8k,gsm8k_01242,1,20.0,20.0,boxed,282,1
acc2_keep9984,gsm8k,gsm8k_00735,1,50.0,50.0,boxed,269,1
acc2_keep9984,gsm8k,gsm8k_00759,1,60000.0,60000.0,boxed,126,1
acc2_keep9984,gsm8k,gsm8k_00620,1,1509.0,1509.0,boxed,378,1
acc2_keep9984,gsm8k,gsm8k_00758,1,133.0,133.0,boxed,83,1
acc2_keep9984,gsm8k,gsm8k_00978,1,160.0,160.0,boxed,206,1
acc2_keep9984,gsm8k,gsm8k_00563,1,12.0,12.0,boxed,94,1
acc2_keep9984,gsm8k,gsm8k_00782,0,45.0,54.0,boxed,297,1
acc2_keep9984,gsm8k,gsm8k_00901,0,6.0,1.0,boxed,291,1
acc2_keep9984,gsm8k,gsm8k_00167,1,16.0,16.0,boxed,241,1
acc2_keep9984,gsm8k,gsm8k_01267,1,40.0,40.0,boxed,587,1
acc2_keep9984,gsm8k,gsm8k_01237,1,78.0,78.0,boxed,109,1
acc2_keep9984,gsm8k,gsm8k_01014,1,3.0,3.0,boxed,244,1
acc2_keep9984,gsm8k,gsm8k_00584,0,0.0,2.0,last-number,1024,0
acc2_keep9984,gsm8k,gsm8k_00333,1,100.0,100.0,boxed,226,1
acc2_keep9984,gsm8k,gsm8k_00545,1,30.0,30.0,boxed,95,1
acc2_keep9984,gsm8k,gsm8k_00850,1,70.0,70.0,boxed,185,1
acc2_keep9984,gsm8k,gsm8k_01007,1,34.0,34.0,boxed,209,1
acc2_keep9984,gsm8k,gsm8k_00400,1,48.0,48.0,boxed,91,1
acc2_keep9984,gsm8k,gsm8k_00975,0,30.0,20.0,last-number,1024,0
acc2_keep9984,gsm8k,gsm8k_01232,1,15.0,15.0,boxed,170,1
acc2_keep9984,gsm8k,gsm8k_01317,1,5.0,5.0,boxed,273,1
acc2_keep9984,gsm8k,gsm8k_00225,1,9.0,9.0,boxed,306,1
acc2_keep9984,gsm8k,gsm8k_00791,1,100.0,100.0,boxed,346,1
acc2_keep9984,gsm8k,gsm8k_00693,0,58.0,68.0,boxed,268,1
acc2_keep9984,gsm8k,gsm8k_00236,0,30.0,31.0,boxed,204,1
acc2_keep9984,gsm8k,gsm8k_00683,1,50.0,50.0,boxed,469,1
acc2_keep9984,gsm8k,gsm8k_00720,1,4.0,4.0,boxed,227,1
acc2_keep9984,gsm8k,gsm8k_01000,1,1.0,1.0,boxed,249,1
acc2_keep9984,gsm8k,gsm8k_00895,1,74.0,74.0,boxed,214,1
acc2_keep9984,gsm8k,gsm8k_00254,1,84.0,84.0,boxed,211,1
acc2_keep9984,gsm8k,gsm8k_00809,1,50.0,50.0,boxed,138,1
acc2_keep9984,gsm8k,gsm8k_00326,1,14.0,14.0,boxed,195,1
acc2_keep9984,gsm8k,gsm8k_00772,1,50.0,50.0,boxed,245,1
acc2_keep9984,gsm8k,gsm8k_00435,1,5.0,5.0,boxed,83,1
acc2_keep9984,gsm8k,gsm8k_01021,1,36.0,36.0,boxed,566,1
acc2_keep9984,gsm8k,gsm8k_00491,1,16.0,16.0,boxed,83,1
acc2_keep9984,gsm8k,gsm8k_00622,1,7.0,7.0,boxed,319,1
acc2_keep9984,gsm8k,gsm8k_00681,1,298.0,298.0,boxed,846,1
acc2_keep9984,gsm8k,gsm8k_00260,0,10.0,11.0,boxed,112,1
acc2_keep9984,gsm8k,gsm8k_00237,1,90.0,90.0,boxed,78,1
acc2_keep9984,gsm8k,gsm8k_01137,1,68.0,68.0,boxed,284,1
acc2_keep9984,gsm8k,gsm8k_01048,0,12482.0,7400.0,boxed,288,1
acc2_keep9984,gsm8k,gsm8k_00057,1,83.0,83.0,boxed,248,1
acc2_keep9984,gsm8k,gsm8k_00228,1,1.0,1.0,boxed,218,1
acc2_keep9984,gsm8k,gsm8k_00434,0,1.0,5.0,last-number,1024,0
acc2_keep9984,gsm8k,gsm8k_00424,1,570.0,570.0,boxed,225,1
acc2_keep9984,gsm8k,gsm8k_01206,1,40000.0,40000.0,boxed,136,1
acc2_keep9984,gsm8k,gsm8k_00007,0,120.0,160.0,boxed,692,1
acc2_keep9984,gsm8k,gsm8k_00493,0,75.0,25.0,boxed,188,1
acc2_keep9984,gsm8k,gsm8k_01047,1,10.0,10.0,boxed,512,1
acc2_keep9984,gsm8k,gsm8k_00642,1,10800.0,10800.0,boxed,264,1
acc2_keep9984,gsm8k,gsm8k_00740,1,25.0,25.0,boxed,279,1
acc2_keep9984,gsm8k,gsm8k_00796,0,1040000.0,2880000.0,boxed,558,1
acc2_keep9984,gsm8k,gsm8k_00829,1,14000.0,14000.0,boxed,552,1
acc2_keep9984,gsm8k,gsm8k_00729,1,1000.0,1000.0,boxed,482,1
acc2_keep9984,gsm8k,gsm8k_00421,1,12.0,12.0,boxed,133,1
acc2_keep9984,gsm8k,gsm8k_00779,1,255.0,255.0,boxed,688,1
acc2_keep9984,gsm8k,gsm8k_00328,1,2.0,2.0,boxed,209,1
acc2_keep9984,gsm8k,gsm8k_01117,1,9.0,9.0,boxed,316,1
acc2_keep9984,gsm8k,gsm8k_01310,1,64.0,64.0,last-number,1024,0
acc2_keep9984,gsm8k,gsm8k_00963,1,147.0,147.0,boxed,320,1
acc2_keep9984,gsm8k,gsm8k_01159,1,50.0,50.0,boxed,365,1
acc3_b16_g00,gsm8k,gsm8k_00428,0,54.0,26.0,last-number,1024,0
acc3_b16_g00,gsm8k,gsm8k_01153,1,20.0,20.0,boxed,237,1
acc3_b16_g00,gsm8k,gsm8k_00963,1,147.0,147.0,boxed,529,1
acc3_b16_g00,gsm8k,gsm8k_00641,0,378000.0,262500.0,boxed,213,1
acc3_b16_g00,gsm8k,gsm8k_00957,1,45.0,45.0,boxed,224,1
acc3_b16_g00,gsm8k,gsm8k_00421,1,12.0,12.0,boxed,171,1
acc3_b16_g00,gsm8k,gsm8k_01029,1,34.0,34.0,boxed,330,1
acc3_b16_g00,gsm8k,gsm8k_00195,1,12.0,12.0,boxed,223,1
acc3_b16_g00,gsm8k,gsm8k_00539,0,30.0,35.0,boxed,101,1
acc3_b16_g00,gsm8k,gsm8k_00378,1,15.0,15.0,boxed,147,1
acc3_b16_g00,gsm8k,gsm8k_00393,1,20.0,20.0,boxed,326,1
acc3_b16_g00,gsm8k,gsm8k_00325,1,224000.0,224000.0,boxed,343,1
acc3_b16_g00,gsm8k,gsm8k_00990,1,14.0,14.0,boxed,348,1
acc3_b16_g00,gsm8k,gsm8k_01055,1,2304.0,2304.0,boxed,193,1
acc3_b16_g00,gsm8k,gsm8k_00375,1,48.0,48.0,boxed,124,1
acc3_b16_g00,gsm8k,gsm8k_00196,1,120.0,120.0,boxed,152,1
acc3_b16_g00,gsm8k,gsm8k_00788,1,100.0,100.0,boxed,137,1
acc3_b16_g00,gsm8k,gsm8k_00952,0,1800.0,360.0,boxed,267,1
acc3_b16_g00,gsm8k,gsm8k_00683,1,50.0,50.0,boxed,434,1
acc3_b16_g00,gsm8k,gsm8k_00493,1,25.0,25.0,boxed,239,1
acc3_b16_g00,gsm8k,gsm8k_01047,1,10.0,10.0,boxed,362,1
acc3_b16_g00,gsm8k,gsm8k_00657,1,330000.0,330000.0,boxed,263,1
acc3_b16_g00,gsm8k,gsm8k_00191,1,5.0,5.0,boxed,108,1
acc3_b16_g00,gsm8k,gsm8k_00260,1,11.0,11.0,boxed,406,1
acc3_b16_g00,gsm8k,gsm8k_00758,1,133.0,133.0,boxed,104,1
acc3_b16_g00,gsm8k,gsm8k_00859,1,1520.0,1520.0,boxed,200,1
acc3_b16_g00,gsm8k,gsm8k_00469,1,4.0,4.0,boxed,147,1
acc3_b16_g00,gsm8k,gsm8k_00228,1,1.0,1.0,boxed,225,1
acc3_b16_g00,gsm8k,gsm8k_00701,1,200.0,200.0,boxed,260,1
acc3_b16_g00,gsm8k,gsm8k_00554,1,54.0,54.0,boxed,311,1
acc3_b16_g00,gsm8k,gsm8k_01206,1,40000.0,40000.0,boxed,170,1
acc3_b16_g00,gsm8k,gsm8k_00187,0,106.12,106.0,boxed,199,1
acc3_b16_g00,gsm8k,gsm8k_01117,1,9.0,9.0,boxed,340,1
acc3_b16_g00,gsm8k,gsm8k_00330,1,31.0,31.0,boxed,219,1
acc3_b16_g00,gsm8k,gsm8k_00057,1,83.0,83.0,boxed,382,1
acc3_b16_g00,gsm8k,gsm8k_00863,1,110.0,110.0,boxed,232,1
acc3_b16_g00,gsm8k,gsm8k_00163,0,54.0,50.0,boxed,306,1
acc3_b16_g00,gsm8k,gsm8k_00799,1,4.0,4.0,boxed,125,1
acc3_b16_g00,gsm8k,gsm8k_00044,1,20.0,20.0,boxed,255,1
acc3_b16_g00,gsm8k,gsm8k_00911,1,64.0,64.0,boxed,174,1
acc3_b16_g00,gsm8k,gsm8k_00828,1,60.0,60.0,boxed,179,1
acc3_b16_g00,gsm8k,gsm8k_00590,0,318.0,319.0,boxed,182,1
acc3_b16_g00,gsm8k,gsm8k_00735,1,50.0,50.0,boxed,234,1
acc3_b16_g00,gsm8k,gsm8k_00151,1,5.0,5.0,boxed,161,1
acc3_b16_g00,gsm8k,gsm8k_01267,0,80.0,40.0,boxed,204,1
acc3_b16_g00,gsm8k,gsm8k_00069,1,60.0,60.0,boxed,199,1
acc3_b16_g00,gsm8k,gsm8k_01041,1,101.0,101.0,boxed,147,1
acc3_b16_g00,gsm8k,gsm8k_00100,1,175.0,175.0,boxed,331,1
acc3_b16_g00,gsm8k,gsm8k_00909,1,38.0,38.0,boxed,275,1
acc3_b16_g00,gsm8k,gsm8k_01014,1,3.0,3.0,boxed,242,1
acc3_b16_g00,gsm8k,gsm8k_00809,0,100.0,50.0,last-number,1024,0
acc3_b16_g00,gsm8k,gsm8k_00058,1,57.0,57.0,boxed,152,1
acc3_b16_g00,gsm8k,gsm8k_00772,1,50.0,50.0,boxed,309,1
acc3_b16_g00,gsm8k,gsm8k_01237,1,78.0,78.0,boxed,91,1
acc3_b16_g00,gsm8k,gsm8k_00693,1,68.0,68.0,boxed,278,1
acc3_b16_g00,gsm8k,gsm8k_00139,1,70.0,70.0,boxed,173,1
acc3_b16_g00,gsm8k,gsm8k_00778,1,38.0,38.0,boxed,247,1
acc3_b16_g00,gsm8k,gsm8k_00328,1,2.0,2.0,boxed,163,1
acc3_b16_g00,gsm8k,gsm8k_00565,1,5.0,5.0,boxed,168,1
acc3_b16_g00,gsm8k,gsm8k_01311,1,594.0,594.0,boxed,177,1
acc3_b16_g00,gsm8k,gsm8k_01255,1,12.0,12.0,boxed,293,1
acc3_b16_g00,gsm8k,gsm8k_00996,1,3.0,3.0,boxed,245,1
acc3_b16_g00,gsm8k,gsm8k_00956,1,1.0,1.0,boxed,355,1
acc3_b16_g00,gsm8k,gsm8k_00595,1,13.0,13.0,boxed,142,1
acc3_b16_g00,gsm8k,gsm8k_00409,0,42000.0,168000.0,boxed,240,1
acc3_b16_g00,gsm8k,gsm8k_00666,1,120.0,120.0,boxed,342,1
acc3_b16_g00,gsm8k,gsm8k_01089,1,32.0,32.0,boxed,142,1
acc3_b16_g00,gsm8k,gsm8k_00782,0,27.0,54.0,boxed,448,1
acc3_b16_g00,gsm8k,gsm8k_00626,1,72.0,72.0,boxed,252,1
acc3_b16_g00,gsm8k,gsm8k_01201,1,42.0,42.0,boxed,201,1
acc3_b16_g00,gsm8k,gsm8k_01128,1,9.0,9.0,boxed,281,1
acc3_b16_g00,gsm8k,gsm8k_00030,1,109.0,109.0,boxed,210,1
acc3_b16_g00,gsm8k,gsm8k_00358,1,20.0,20.0,boxed,131,1
acc3_b16_g00,gsm8k,gsm8k_00157,0,280.0,80.0,boxed,239,1
acc3_b16_g00,gsm8k,gsm8k_01183,1,11.0,11.0,boxed,257,1
acc3_b16_g00,gsm8k,gsm8k_00458,1,35.0,35.0,boxed,280,1
acc3_b16_g00,gsm8k,gsm8k_00226,1,33.0,33.0,boxed,365,1
acc3_b16_g00,gsm8k,gsm8k_00716,1,770.0,770.0,boxed,195,1
acc3_b16_g00,gsm8k,gsm8k_01103,1,90.0,90.0,boxed,366,1
acc3_b16_g00,gsm8k,gsm8k_00080,1,10.0,10.0,boxed,181,1
acc3_b16_g00,gsm8k,gsm8k_00210,1,10.0,10.0,boxed,383,1
acc3_b16_g00,gsm8k,gsm8k_00796,0,3120000.0,2880000.0,boxed,216,1
acc3_b16_g00,gsm8k,gsm8k_00547,1,81.0,81.0,boxed,382,1
acc3_b16_g00,gsm8k,gsm8k_01028,1,200.0,200.0,boxed,203,1
acc3_b16_g00,gsm8k,gsm8k_00234,1,21.0,21.0,boxed,259,1
acc3_b16_g00,gsm8k,gsm8k_00531,1,66.0,66.0,boxed,741,1
acc3_b16_g00,gsm8k,gsm8k_00433,1,6.0,6.0,boxed,152,1
acc3_b16_g00,gsm8k,gsm8k_00307,1,16.0,16.0,boxed,595,1
acc3_b16_g00,gsm8k,gsm8k_00829,1,14000.0,14000.0,boxed,331,1
acc3_b16_g00,gsm8k,gsm8k_00636,1,1050.0,1050.0,boxed,226,1
acc3_b16_g00,gsm8k,gsm8k_00091,1,28.0,28.0,boxed,226,1
acc3_b16_g00,gsm8k,gsm8k_00736,1,3.0,3.0,boxed,217,1
acc3_b16_g00,gsm8k,gsm8k_01048,0,9858.38,7400.0,boxed,479,1
acc3_b16_g00,gsm8k,gsm8k_00715,1,385000.0,385000.0,boxed,274,1
acc3_b16_g00,gsm8k,gsm8k_01009,1,1875.0,1875.0,boxed,333,1
acc3_b16_g00,gsm8k,gsm8k_01227,0,5.0,66.0,boxed,734,1
acc3_b16_g00,gsm8k,gsm8k_01000,1,1.0,1.0,boxed,345,1
acc3_b16_g00,gsm8k,gsm8k_01242,1,20.0,20.0,boxed,227,1
acc3_b16_g00,gsm8k,gsm8k_01039,1,160.0,160.0,boxed,193,1
acc3_b16_g00,gsm8k,gsm8k_00965,1,374.0,374.0,boxed,410,1
acc3_b16_g00,gsm8k,gsm8k_01271,1,43.0,43.0,boxed,319,1
acc3_b16_g00,gsm8k,gsm8k_01178,1,17.0,17.0,boxed,137,1
acc3_b16_g00,gsm8k,gsm8k_00759,1,60000.0,60000.0,boxed,204,1
acc3_b16_g00,gsm8k,gsm8k_00399,1,12.0,12.0,boxed,258,1
acc3_b16_g00,gsm8k,gsm8k_00610,1,65960.0,65960.0,boxed,207,1
acc3_b16_g00,gsm8k,gsm8k_01030,1,24.0,24.0,boxed,635,1
acc3_b16_g00,gsm8k,gsm8k_01130,1,25.0,25.0,boxed,257,1
acc3_b16_g00,gsm8k,gsm8k_00622,1,7.0,7.0,boxed,276,1
acc3_b16_g00,gsm8k,gsm8k_00818,1,16.0,16.0,boxed,216,1
acc3_b16_g00,gsm8k,gsm8k_00545,1,30.0,30.0,boxed,101,1
acc3_b16_g00,gsm8k,gsm8k_00416,1,56.0,56.0,boxed,409,1
acc3_b16_g00,gsm8k,gsm8k_01207,1,64.0,64.0,boxed,188,1
acc3_b16_g00,gsm8k,gsm8k_00254,1,84.0,84.0,boxed,223,1
acc3_b16_g00,gsm8k,gsm8k_00664,1,32.0,32.0,boxed,155,1
acc3_b16_g00,gsm8k,gsm8k_00142,1,140.0,140.0,boxed,143,1
acc3_b16_g00,gsm8k,gsm8k_00472,1,6.0,6.0,boxed,254,1
acc3_b16_g00,gsm8k,gsm8k_00007,1,160.0,160.0,boxed,248,1
acc3_b16_g00,gsm8k,gsm8k_00989,0,30.0,45.0,last-number,1024,0
acc3_b16_g00,gsm8k,gsm8k_00045,1,104.0,104.0,boxed,281,1
acc3_b16_g00,gsm8k,gsm8k_00901,0,2.0,1.0,boxed,193,1
acc3_b16_g00,gsm8k,gsm8k_00233,1,12.0,12.0,boxed,186,1
acc3_b16_g00,gsm8k,gsm8k_00028,1,25.0,25.0,boxed,212,1
acc3_b16_g00,gsm8k,gsm8k_01021,1,36.0,36.0,boxed,275,1
acc3_b16_g00,gsm8k,gsm8k_01317,1,5.0,5.0,boxed,340,1
acc3_b16_g00,gsm8k,gsm8k_00104,1,500.0,500.0,boxed,368,1
acc3_b16_g00,gsm8k,gsm8k_00831,1,324.0,324.0,boxed,313,1
acc3_b16_g00,gsm8k,gsm8k_00077,1,100.0,100.0,boxed,283,1
acc3_b16_g00,gsm8k,gsm8k_01143,1,300.0,300.0,boxed,169,1
acc3_b16_g00,gsm8k,gsm8k_01054,1,2400.0,2400.0,boxed,124,1
acc3_b16_g00,gsm8k,gsm8k_01033,1,2.0,2.0,boxed,187,1
acc3_b16_g00,gsm8k,gsm8k_01215,1,36.0,36.0,boxed,323,1
acc3_b16_g00,gsm8k,gsm8k_00614,1,312.0,312.0,boxed,165,1
acc3_b16_g00,gsm8k,gsm8k_00681,1,298.0,298.0,boxed,460,1
acc3_b16_g00,gsm8k,gsm8k_00017,1,57500.0,57500.0,boxed,348,1
acc3_b16_g00,gsm8k,gsm8k_01007,1,34.0,34.0,boxed,222,1
acc3_b16_g00,gsm8k,gsm8k_01101,1,16.0,16.0,boxed,215,1
acc3_b16_g00,gsm8k,gsm8k_01060,1,31.0,31.0,boxed,302,1
acc3_b16_g00,gsm8k,gsm8k_00173,1,18000.0,18000.0,boxed,215,1
acc3_b16_g00,gsm8k,gsm8k_00324,1,14.0,14.0,boxed,528,1
acc3_b16_g00,gsm8k,gsm8k_00850,1,70.0,70.0,boxed,240,1
acc3_b16_g00,gsm8k,gsm8k_00424,1,570.0,570.0,boxed,141,1
acc3_b16_g00,gsm8k,gsm8k_00147,1,75.0,75.0,boxed,350,1
acc3_b16_g00,gsm8k,gsm8k_01190,1,19.0,19.0,boxed,477,1
acc3_b16_g00,gsm8k,gsm8k_00167,1,16.0,16.0,boxed,359,1
acc3_b16_g00,gsm8k,gsm8k_01177,1,17.0,17.0,boxed,240,1
acc3_b16_g00,gsm8k,gsm8k_01116,1,60.0,60.0,boxed,180,1
acc3_b16_g00,gsm8k,gsm8k_00720,1,4.0,4.0,boxed,156,1
acc3_b16_g00,gsm8k,gsm8k_00962,0,600.0,1000.0,boxed,186,1
acc3_b16_g00,gsm8k,gsm8k_00975,1,20.0,20.0,boxed,264,1
acc3_b16_g00,gsm8k,gsm8k_00597,1,90.0,90.0,boxed,269,1
acc3_b16_g00,gsm8k,gsm8k_00767,1,60.0,60.0,boxed,143,1
acc3_b16_g00,gsm8k,gsm8k_00201,1,114200.0,114200.0,boxed,232,1
acc3_b16_g00,gsm8k,gsm8k_00620,1,1509.0,1509.0,boxed,197,1
acc3_b16_g00,gsm8k,gsm8k_00536,1,8.0,8.0,boxed,95,1
acc3_b16_g00,gsm8k,gsm8k_01159,1,50.0,50.0,boxed,256,1
acc3_b16_g00,gsm8k,gsm8k_01231,1,70.0,70.0,boxed,203,1
acc3_b16_g00,gsm8k,gsm8k_00400,1,48.0,48.0,boxed,95,1
acc3_b16_g00,gsm8k,gsm8k_00609,1,7.0,7.0,boxed,235,1
acc3_b16_g00,gsm8k,gsm8k_00236,0,30.0,31.0,boxed,800,1
acc3_b16_g00,gsm8k,gsm8k_00515,1,160.0,160.0,boxed,144,1
acc3_b16_g00,gsm8k,gsm8k_00833,1,40.0,40.0,boxed,433,1
acc3_b16_g00,gsm8k,gsm8k_00355,1,34.0,34.0,boxed,186,1
acc3_b16_g00,gsm8k,gsm8k_00792,1,75.0,75.0,boxed,116,1
acc3_b16_g00,gsm8k,gsm8k_00008,1,45.0,45.0,boxed,636,1
acc3_b16_g00,gsm8k,gsm8k_00434,0,4.0,5.0,last-number,1024,0
acc3_b16_g00,gsm8k,gsm8k_01279,1,180.0,180.0,boxed,164,1
acc3_b16_g00,gsm8k,gsm8k_00048,1,8.0,8.0,boxed,125,1
acc3_b16_g00,gsm8k,gsm8k_00694,1,9.0,9.0,boxed,243,1
acc3_b16_g00,gsm8k,gsm8k_00407,1,2000.0,2000.0,boxed,478,1
acc3_b16_g00,gsm8k,gsm8k_00214,1,8.0,8.0,boxed,541,1
acc3_b16_g00,gsm8k,gsm8k_00101,1,6.0,6.0,boxed,226,1
acc3_b16_g00,gsm8k,gsm8k_01221,1,10.0,10.0,boxed,294,1
acc3_b16_g00,gsm8k,gsm8k_00009,1,460.0,460.0,boxed,235,1
acc3_b16_g00,gsm8k,gsm8k_00740,1,25.0,25.0,boxed,295,1
acc3_b16_g00,gsm8k,gsm8k_01019,1,98.0,98.0,boxed,190,1
acc3_b16_g00,gsm8k,gsm8k_01230,1,440.0,440.0,boxed,213,1
acc3_b16_g00,gsm8k,gsm8k_01137,1,68.0,68.0,boxed,397,1
acc3_b16_g00,gsm8k,gsm8k_01003,1,480.0,480.0,last-number,1024,0
acc3_b16_g00,gsm8k,gsm8k_00474,1,80.0,80.0,boxed,206,1
acc3_b16_g00,gsm8k,gsm8k_00127,1,120.0,120.0,boxed,194,1
acc3_b16_g00,gsm8k,gsm8k_01127,1,750.0,750.0,boxed,291,1
acc3_b16_g00,gsm8k,gsm8k_00729,1,1000.0,1000.0,boxed,482,1
acc3_b16_g00,gsm8k,gsm8k_00538,1,18.0,18.0,boxed,207,1
acc3_b16_g00,gsm8k,gsm8k_01310,1,64.0,64.0,boxed,399,1
acc3_b16_g00,gsm8k,gsm8k_01040,1,736.0,736.0,boxed,272,1
acc3_b16_g00,gsm8k,gsm8k_00642,1,10800.0,10800.0,boxed,267,1
acc3_b16_g00,gsm8k,gsm8k_00669,1,132.0,132.0,boxed,318,1
acc3_b16_g00,gsm8k,gsm8k_01140,1,27.0,27.0,boxed,217,1
acc3_b16_g00,gsm8k,gsm8k_00041,1,200.0,200.0,boxed,175,1
acc3_b16_g00,gsm8k,gsm8k_00779,1,255.0,255.0,boxed,335,1
acc3_b16_g00,gsm8k,gsm8k_01226,1,90.0,90.0,boxed,221,1
acc3_b16_g00,gsm8k,gsm8k_00237,1,90.0,90.0,boxed,83,1
acc3_b16_g00,gsm8k,gsm8k_00005,1,64.0,64.0,boxed,348,1
acc3_b16_g00,gsm8k,gsm8k_00451,1,11050.0,11050.0,boxed,300,1
acc3_b16_g00,gsm8k,gsm8k_00491,1,16.0,16.0,boxed,108,1
acc3_b16_g00,gsm8k,gsm8k_01197,1,2400.0,2400.0,boxed,252,1
acc3_b16_g00,gsm8k,gsm8k_01272,1,296.0,296.0,boxed,206,1
acc3_b16_g00,gsm8k,gsm8k_00978,1,160.0,160.0,boxed,194,1
acc3_b16_g00,gsm8k,gsm8k_00578,1,48.0,48.0,boxed,217,1
acc3_b16_g00,gsm8k,gsm8k_00435,1,5.0,5.0,boxed,99,1
acc3_b16_g00,gsm8k,gsm8k_01241,1,8.0,8.0,boxed,241,1
acc3_b16_g00,gsm8k,gsm8k_00480,1,11.0,11.0,boxed,224,1
acc3_b16_g00,gsm8k,gsm8k_00483,1,40.0,40.0,boxed,264,1
acc3_b16_g00,gsm8k,gsm8k_00347,1,36.0,36.0,boxed,97,1
acc3_b16_g00,gsm8k,gsm8k_00504,1,2.0,2.0,boxed,291,1
acc3_b16_g00,gsm8k,gsm8k_01031,1,5.0,5.0,boxed,186,1
acc3_b16_g00,gsm8k,gsm8k_00252,1,73.0,73.0,boxed,301,1
acc3_b16_g00,gsm8k,gsm8k_00566,1,10.0,10.0,boxed,300,1
acc3_b16_g00,gsm8k,gsm8k_00572,1,100.0,100.0,boxed,228,1
acc3_b16_g00,gsm8k,gsm8k_01044,1,1.0,1.0,boxed,140,1
acc3_b16_g00,gsm8k,gsm8k_00670,1,4.0,4.0,boxed,119,1
acc3_b16_g00,gsm8k,gsm8k_01202,0,13.0,19.0,boxed,197,1
acc3_b16_g00,gsm8k,gsm8k_00549,1,398.0,398.0,boxed,163,1
acc3_b16_g00,gsm8k,gsm8k_00563,1,12.0,12.0,boxed,175,1
acc3_b16_g00,gsm8k,gsm8k_00294,1,3.0,3.0,boxed,143,1
acc3_b16_g00,gsm8k,gsm8k_00345,1,310.0,310.0,boxed,190,1
acc3_b16_g00,gsm8k,gsm8k_00584,1,2.0,2.0,boxed,209,1
acc3_b16_g00,gsm8k,gsm8k_00381,1,67.0,67.0,boxed,238,1
acc3_b16_g00,gsm8k,gsm8k_01085,1,26.0,26.0,boxed,157,1
acc3_b16_g00,gsm8k,gsm8k_00949,1,42.0,42.0,boxed,267,1
acc3_b16_g00,gsm8k,gsm8k_00791,1,100.0,100.0,boxed,193,1
acc3_b16_g00,gsm8k,gsm8k_01181,1,20.0,20.0,boxed,408,1
acc3_b16_g00,gsm8k,gsm8k_01146,1,16.0,16.0,boxed,363,1
acc3_b16_g00,gsm8k,gsm8k_00178,1,122.0,122.0,boxed,220,1
acc3_b16_g00,gsm8k,gsm8k_00333,1,100.0,100.0,boxed,192,1
acc3_b16_g00,gsm8k,gsm8k_01258,1,60.0,60.0,boxed,198,1
acc3_b16_g00,gsm8k,gsm8k_00941,1,842.0,842.0,boxed,217,1
acc3_b16_g00,gsm8k,gsm8k_01232,1,15.0,15.0,boxed,240,1
acc3_b16_g00,gsm8k,gsm8k_00808,1,12.0,12.0,boxed,257,1
acc3_b16_g00,gsm8k,gsm8k_01025,1,30.0,30.0,boxed,141,1
acc3_b16_g00,gsm8k,gsm8k_01043,1,130000.0,130000.0,boxed,159,1
acc3_b16_g00,gsm8k,gsm8k_01184,1,306.0,306.0,boxed,135,1
acc3_b16_g00,gsm8k,gsm8k_00852,1,123.0,123.0,boxed,314,1
acc3_b16_g00,gsm8k,gsm8k_00603,0,1260.0,1800.0,boxed,461,1
acc3_b16_g00,gsm8k,gsm8k_00225,1,9.0,9.0,boxed,204,1
acc3_b16_g00,gsm8k,gsm8k_00107,1,3.0,3.0,boxed,390,1
acc3_b16_g00,gsm8k,gsm8k_01026,1,43200.0,43200.0,boxed,344,1
acc3_b16_g00,gsm8k,gsm8k_00406,0,160.0,200.0,boxed,576,1
acc3_b16_g00,gsm8k,gsm8k_00067,1,595.0,595.0,boxed,235,1
acc3_b16_g00,gsm8k,gsm8k_00528,1,172.0,172.0,boxed,361,1
acc3_b16_g00,gsm8k,gsm8k_01285,1,1218.0,1218.0,boxed,139,1
acc3_b16_g00,gsm8k,gsm8k_00908,1,14.0,14.0,boxed,151,1
acc3_b16_g00,gsm8k,gsm8k_00580,1,500.0,500.0,boxed,355,1
acc3_b16_g00,gsm8k,gsm8k_00672,1,2.0,2.0,boxed,936,1
acc3_b16_g00,gsm8k,gsm8k_01305,1,2325.0,2325.0,boxed,248,1
acc3_b16_g00,gsm8k,gsm8k_00934,1,410.0,410.0,boxed,177,1
acc3_b16_g00,gsm8k,gsm8k_00461,1,9.0,9.0,boxed,224,1
acc3_b16_g00,gsm8k,gsm8k_00326,1,14.0,14.0,boxed,218,1
acc3_b16_g00,gsm8k,gsm8k_00895,1,74.0,74.0,boxed,198,1
acc3_b16_g00,gsm8k,gsm8k_01108,1,38.0,38.0,boxed,56,1
acc3_b16_g00,mmlu,mmlu_01055,1,D,D,boxed,496,1
acc3_b16_g00,mmlu,mmlu_06478,1,D,D,boxed,382,1
acc3_b16_g00,mmlu,mmlu_05206,1,D,D,boxed,351,1
acc3_b16_g00,mmlu,mmlu_07789,1,A,A,boxed,142,1
acc3_b16_g00,mmlu,mmlu_05266,1,D,D,boxed,235,1
acc3_b16_g00,mmlu,mmlu_00908,0,D,A,boxed,528,1
acc3_b16_g00,mmlu,mmlu_13884,1,B,B,boxed,289,1
acc3_b16_g00,mmlu,mmlu_10766,0,A,C,boxed,508,1
acc3_b16_g00,mmlu,mmlu_04871,0,B,C,boxed,280,1
acc3_b16_g00,mmlu,mmlu_01238,1,D,D,boxed,301,1
acc3_b16_g00,mmlu,mmlu_02401,1,B,B,boxed,134,1
acc3_b16_g00,mmlu,mmlu_03312,1,A,A,boxed,296,1
acc3_b16_g00,mmlu,mmlu_00847,0,A,B,boxed,472,1
acc3_b16_g00,mmlu,mmlu_05153,1,B,B,boxed,333,1
acc3_b16_g00,mmlu,mmlu_07741,0,A,B,boxed,300,1
acc3_b16_g00,mmlu,mmlu_01897,1,A,A,boxed,368,1
acc3_b16_g00,mmlu,mmlu_12805,1,C,C,boxed,402,1
acc3_b16_g00,mmlu,mmlu_00325,0,C,D,boxed,784,1
acc3_b16_g00,mmlu,mmlu_08617,0,B,C,boxed,154,1
acc3_b16_g00,mmlu,mmlu_02474,1,A,A,boxed,482,1
acc3_b16_g00,mmlu,mmlu_13223,0,A,D,boxed,357,1
acc3_b16_g00,mmlu,mmlu_08129,1,C,C,boxed,135,1
acc3_b16_g00,mmlu,mmlu_04379,1,C,C,boxed,215,1
acc3_b16_g00,mmlu,mmlu_05878,1,A,A,boxed,230,1
acc3_b16_g00,mmlu,mmlu_02514,1,C,C,boxed,774,1
acc3_b16_g00,mmlu,mmlu_03770,1,A,A,boxed,240,1
acc3_b16_g00,mmlu,mmlu_09324,1,B,B,boxed,234,1
acc3_b16_g00,mmlu,mmlu_03617,1,D,D,boxed,199,1
acc3_b16_g00,mmlu,mmlu_13314,1,D,D,boxed,373,1
acc3_b16_g00,mmlu,mmlu_09320,0,B,A,boxed,189,1
acc3_b16_g00,mmlu,mmlu_10786,0,B,D,boxed,385,1
acc3_b16_g00,mmlu,mmlu_01824,1,D,D,boxed,856,1
acc3_b16_g00,mmlu,mmlu_01116,1,D,D,boxed,415,1
acc3_b16_g00,mmlu,mmlu_13824,1,D,D,boxed,226,1
acc3_b16_g00,mmlu,mmlu_08845,0,C,D,boxed,202,1
acc3_b16_g00,mmlu,mmlu_03476,1,A,A,boxed,185,1
acc3_b16_g00,mmlu,mmlu_07643,1,D,D,boxed,120,1
acc3_b16_g00,mmlu,mmlu_10590,1,A,A,boxed,989,1
acc3_b16_g00,mmlu,mmlu_09489,1,B,B,boxed,252,1
acc3_b16_g00,mmlu,mmlu_02014,0,A,C,boxed,151,1
acc3_b16_g00,mmlu,mmlu_07587,1,A,A,boxed,73,1
acc3_b16_g00,mmlu,mmlu_08554,1,B,B,boxed,183,1
acc3_b16_g00,mmlu,mmlu_07681,1,C,C,boxed,107,1
acc3_b16_g00,mmlu,mmlu_06190,0,A,C,boxed,179,1
acc3_b16_g00,mmlu,mmlu_08796,1,D,D,boxed,185,1
acc3_b16_g00,mmlu,mmlu_01249,1,C,C,boxed,244,1
acc3_b16_g00,mmlu,mmlu_07442,1,B,B,boxed,91,1
acc3_b16_g00,mmlu,mmlu_09084,1,D,D,boxed,327,1
acc3_b16_g00,mmlu,mmlu_10789,0,A,C,boxed,785,1
acc3_b16_g00,mmlu,mmlu_01770,1,B,B,boxed,192,1
acc3_b16_g00,mmlu,mmlu_05950,1,B,B,boxed,214,1
acc3_b16_g00,mmlu,mmlu_00894,1,B,B,boxed,335,1
acc3_b16_g00,mmlu,mmlu_11627,1,B,B,boxed,656,1
acc3_b16_g00,mmlu,mmlu_03615,1,D,D,boxed,191,1
acc3_b16_g00,mmlu,mmlu_11707,1,B,B,boxed,612,1
acc3_b16_g00,mmlu,mmlu_10646,1,C,C,boxed,381,1
acc3_b16_g00,mmlu,mmlu_05720,1,C,C,boxed,349,1
acc3_b16_g00,mmlu,mmlu_11288,0,A,B,boxed,471,1
acc3_b16_g00,mmlu,mmlu_13773,0,A,B,boxed,342,1
acc3_b16_g00,mmlu,mmlu_05246,1,B,B,boxed,231,1
acc3_b16_g00,mmlu,mmlu_02515,1,A,A,boxed,418,1
acc3_b16_g00,mmlu,mmlu_04119,1,A,A,boxed,529,1
acc3_b16_g00,mmlu,mmlu_01523,1,A,A,boxed,150,1
acc3_b16_g00,mmlu,mmlu_08147,1,B,B,boxed,618,1
acc3_b16_g00,mmlu,mmlu_03090,1,A,A,boxed,570,1
acc3_b16_g00,mmlu,mmlu_04936,1,D,D,boxed,341,1
acc3_b16_g00,mmlu,mmlu_14037,1,A,A,boxed,263,1
acc3_b16_g00,mmlu,mmlu_07206,1,B,B,boxed,169,1
acc3_b16_g00,mmlu,mmlu_00880,1,C,C,boxed,331,1
acc3_b16_g00,mmlu,mmlu_06894,0,A,B,boxed,356,1
acc3_b16_g00,mmlu,mmlu_07819,1,A,A,boxed,181,1
acc3_b16_g00,mmlu,mmlu_13456,0,A,B,boxed,304,1
acc3_b16_g00,mmlu,mmlu_09016,1,B,B,boxed,215,1
acc3_b16_g00,mmlu,mmlu_09938,1,D,D,boxed,408,1
acc3_b16_g00,mmlu,mmlu_08264,1,C,C,boxed,381,1
acc3_b16_g00,mmlu,mmlu_07799,1,B,B,boxed,132,1
acc3_b16_g00,mmlu,mmlu_09214,1,D,D,boxed,184,1
acc3_b16_g00,mmlu,mmlu_06674,1,C,C,boxed,218,1
acc3_b16_g00,mmlu,mmlu_10614,1,A,A,boxed,271,1
acc3_b16_g00,mmlu,mmlu_07858,1,B,B,boxed,214,1
acc3_b16_g00,mmlu,mmlu_13690,0,A,C,boxed,213,1
acc3_b16_g00,mmlu,mmlu_03862,1,B,B,boxed,294,1
acc3_b16_g00,mmlu,mmlu_03045,1,B,B,boxed,278,1
acc3_b16_g00,mmlu,mmlu_02593,1,D,D,boxed,323,1
acc3_b16_g00,mmlu,mmlu_01738,0,A,D,boxed,224,1
acc3_b16_g00,mmlu,mmlu_03700,1,D,D,boxed,225,1
acc3_b16_g00,mmlu,mmlu_10167,0,A,B,boxed,317,1
acc3_b16_g00,mmlu,mmlu_11526,0,A,B,boxed,627,1
acc3_b16_g00,mmlu,mmlu_06779,1,A,A,boxed,317,1
acc3_b16_g00,mmlu,mmlu_09002,0,B,D,boxed,246,1
acc3_b16_g00,mmlu,mmlu_01064,1,B,B,boxed,327,1
acc3_b16_g00,mmlu,mmlu_02228,1,D,D,boxed,954,1
acc3_b16_g00,mmlu,mmlu_04737,0,D,A,boxed,263,1
acc3_b16_g00,mmlu,mmlu_07304,1,D,D,boxed,55,1
acc3_b16_g00,mmlu,mmlu_00574,1,B,B,boxed,259,1
acc3_b16_g00,mmlu,mmlu_09671,1,D,D,boxed,219,1
acc3_b16_g00,mmlu,mmlu_12722,1,A,A,boxed,238,1
acc3_b16_g00,mmlu,mmlu_04661,1,D,D,boxed,268,1
acc3_b16_g00,mmlu,mmlu_01355,0,D,C,boxed,220,1
acc3_b16_g00,mmlu,mmlu_11756,0,A,B,boxed,482,1
acc3_b16_g00,mmlu,mmlu_02089,1,B,B,boxed,139,1
acc3_b16_g00,mmlu,mmlu_05580,1,D,D,boxed,512,1
acc3_b16_g00,mmlu,mmlu_03514,1,B,B,boxed,292,1
acc3_b16_g00,mmlu,mmlu_06200,1,A,A,boxed,257,1
acc3_b16_g00,mmlu,mmlu_01120,0,A,B,boxed,395,1
acc3_b16_g00,mmlu,mmlu_01778,1,B,B,boxed,459,1
acc3_b16_g00,mmlu,mmlu_02978,1,B,B,boxed,345,1
acc3_b16_g00,mmlu,mmlu_04625,1,D,D,boxed,319,1
acc3_b16_g00,mmlu,mmlu_12056,0,C,B,boxed,328,1
acc3_b16_g00,mmlu,mmlu_03737,1,C,C,boxed,316,1
acc3_b16_g00,mmlu,mmlu_07136,0,A,C,boxed,200,1
acc3_b16_g00,mmlu,mmlu_01453,1,A,A,boxed,747,1
acc3_b16_g00,mmlu,mmlu_10884,0,B,C,boxed,769,1
acc3_b16_g00,mmlu,mmlu_12905,1,A,A,boxed,169,1
acc3_b16_g00,mmlu,mmlu_04079,1,B,B,boxed,285,1
acc3_b16_g00,mmlu,mmlu_11027,1,A,A,boxed,410,1
acc3_b16_g00,mmlu,mmlu_02189,1,B,B,boxed,163,1
acc3_b16_g00,mmlu,mmlu_06846,0,D,C,boxed,150,1
acc3_b16_g00,mmlu,mmlu_00782,1,A,A,boxed,217,1
acc3_b16_g00,mmlu,mmlu_13246,1,D,D,boxed,261,1
acc3_b16_g00,mmlu,mmlu_00837,1,D,D,boxed,232,1
acc3_b16_g00,mmlu,mmlu_03852,1,A,A,boxed,316,1
acc3_b16_g00,mmlu,mmlu_07145,1,C,C,boxed,152,1
acc3_b16_g00,mmlu,mmlu_11825,0,A,B,boxed,586,1
acc3_b16_g00,mmlu,mmlu_10299,1,B,B,boxed,421,1
acc3_b16_g00,mmlu,mmlu_06767,1,B,B,boxed,357,1
acc3_b16_g00,mmlu,mmlu_09686,1,D,D,boxed,355,1
acc3_b16_g00,mmlu,mmlu_12401,1,C,C,boxed,466,1
acc3_b16_g00,mmlu,mmlu_11387,0,C,D,boxed,836,1
acc3_b16_g00,mmlu,mmlu_13316,0,C,D,boxed,482,1
acc3_b16_g00,mmlu,mmlu_02331,0,D,B,boxed,176,1
acc3_b16_g00,mmlu,mmlu_01638,0,A,D,boxed,287,1
acc3_b16_g00,mmlu,mmlu_02124,1,B,B,boxed,297,1
acc3_b16_g00,mmlu,mmlu_10761,1,A,A,boxed,630,1
acc3_b16_g00,mmlu,mmlu_13871,1,D,D,boxed,199,1
acc3_b16_g00,mmlu,mmlu_13412,1,A,A,boxed,371,1
acc3_b16_g00,mmlu,mmlu_11789,1,A,A,boxed,659,1
acc3_b16_g00,mmlu,mmlu_10355,0,A,D,boxed,422,1
acc3_b16_g00,mmlu,mmlu_03765,1,D,D,boxed,222,1
acc3_b16_g00,mmlu,mmlu_05795,1,C,C,boxed,355,1
acc3_b16_g00,mmlu,mmlu_04096,1,A,A,boxed,467,1
acc3_b16_g00,mmlu,mmlu_10258,0,B,D,boxed,275,1
acc3_b16_g00,mmlu,mmlu_02638,0,C,B,boxed,56,1
acc3_b16_g00,mmlu,mmlu_07022,1,C,C,boxed,190,1
acc3_b16_g00,mmlu,mmlu_09822,0,A,C,boxed,277,1
acc3_b16_g00,mmlu,mmlu_02662,1,B,B,boxed,207,1
acc3_b16_g00,mmlu,mmlu_09474,1,C,C,boxed,258,1
acc3_b16_g00,mmlu,mmlu_09163,0,B,A,boxed,181,1
acc3_b16_g00,mmlu,mmlu_07293,1,C,C,boxed,183,1
acc3_b16_g00,mmlu,mmlu_00207,0,A,D,boxed,300,1
acc3_b16_g00,mmlu,mmlu_08317,1,D,D,boxed,428,1
acc3_b16_g00,mmlu,mmlu_10082,0,B,D,boxed,577,1
acc3_b16_g00,mmlu,mmlu_08263,1,B,B,boxed,352,1
acc3_b16_g00,mmlu,mmlu_11854,0,B,D,boxed,521,1
acc3_b16_g00,mmlu,mmlu_04499,0,B,C,boxed,503,1
acc3_b16_g00,mmlu,mmlu_11697,1,A,A,boxed,327,1
acc3_b16_g00,mmlu,mmlu_11251,0,A,C,boxed,609,1
acc3_b16_g00,mmlu,mmlu_00997,1,C,C,trailing-letter,1024,0
acc3_b16_g00,mmlu,mmlu_02591,1,D,D,boxed,175,1
acc3_b16_g00,mmlu,mmlu_06047,0,A,B,boxed,611,1
acc3_b16_g00,mmlu,mmlu_07449,1,A,A,boxed,202,1
acc3_b16_g00,mmlu,mmlu_06727,1,D,D,boxed,224,1
acc3_b16_g00,mmlu,mmlu_02710,1,D,D,boxed,249,1
acc3_b16_g00,mmlu,mmlu_04770,0,D,C,boxed,282,1
acc3_b16_g00,mmlu,mmlu_13393,0,A,C,boxed,181,1
acc3_b16_g00,mmlu,mmlu_00613,1,A,A,boxed,185,1
acc3_b16_g00,mmlu,mmlu_11586,0,A,B,boxed,365,1
acc3_b16_g00,mmlu,mmlu_09406,1,A,A,boxed,205,1
acc3_b16_g00,mmlu,mmlu_05781,0,B,A,boxed,430,1
acc3_b16_g00,mmlu,mmlu_04462,1,D,D,boxed,235,1
acc3_b16_g00,mmlu,mmlu_12878,0,A,B,boxed,225,1
acc3_b16_g00,mmlu,mmlu_07246,1,C,C,boxed,185,1
acc3_b16_g00,mmlu,mmlu_07323,1,B,B,boxed,304,1
acc3_b16_g00,mmlu,mmlu_05701,1,D,D,boxed,362,1
acc3_b16_g00,mmlu,mmlu_07644,1,C,C,boxed,150,1
acc3_b16_g00,mmlu,mmlu_10523,0,C,B,boxed,390,1
acc3_b16_g00,mmlu,mmlu_02384,1,A,A,boxed,404,1
acc3_b16_g00,mmlu,mmlu_05177,1,B,B,boxed,245,1
acc3_b16_g00,mmlu,mmlu_12050,1,D,D,boxed,557,1
acc3_b16_g00,mmlu,mmlu_02732,0,B,C,boxed,188,1
acc3_b16_g00,mmlu,mmlu_04621,1,D,D,boxed,224,1
acc3_b16_g00,mmlu,mmlu_07035,1,C,C,boxed,191,1
acc3_b16_g00,mmlu,mmlu_10302,0,B,A,boxed,222,1
acc3_b16_g00,mmlu,mmlu_03391,1,D,D,boxed,242,1
acc3_b16_g00,mmlu,mmlu_08043,1,C,C,boxed,161,1
acc3_b16_g00,mmlu,mmlu_07502,1,D,D,boxed,379,1
acc3_b16_g00,mmlu,mmlu_13987,1,C,C,boxed,333,1
acc3_b16_g00,mmlu,mmlu_13190,0,A,C,boxed,610,1
acc3_b16_g00,mmlu,mmlu_07535,0,A,B,boxed,139,1
acc3_b16_g00,mmlu,mmlu_10737,1,A,A,boxed,537,1
acc3_b16_g00,mmlu,mmlu_07300,1,A,A,boxed,307,1
acc3_b16_g00,mmlu,mmlu_09876,1,A,A,boxed,348,1
acc3_b16_g00,mmlu,mmlu_10095,1,A,A,boxed,300,1
acc3_b16_g00,mmlu,mmlu_00968,0,B,A,boxed,657,1
acc3_b16_g00,mmlu,mmlu_07905,1,A,A,boxed,148,1
acc3_b16_g00,mmlu,mmlu_10377,1,B,B,boxed,266,1
acc3_b16_g00,mmlu,mmlu_09006,0,B,D,boxed,228,1
acc3_b16_g00,mmlu,mmlu_04044,0,D,A,boxed,233,1
acc3_b16_g00,mmlu,mmlu_00499,0,D,B,boxed,322,1
acc3_b16_g00,mmlu,mmlu_07951,1,D,D,boxed,66,1
acc3_b16_g00,mmlu,mmlu_12983,0,B,D,boxed,421,1
acc3_b16_g00,mmlu,mmlu_01601,1,B,B,boxed,210,1
acc3_b16_g00,mmlu,mmlu_06226,1,D,D,boxed,264,1
acc3_b16_g00,mmlu,mmlu_07127,1,C,C,boxed,234,1
acc3_b16_g00,mmlu,mmlu_01697,1,C,C,boxed,433,1
acc3_b16_g00,mmlu,mmlu_04201,1,C,C,boxed,338,1
acc3_b16_g00,mmlu,mmlu_07116,1,A,A,boxed,265,1
acc3_b16_g00,mmlu,mmlu_13049,1,B,B,boxed,155,1
acc3_b16_g00,mmlu,mmlu_08988,1,B,B,boxed,168,1
acc3_b16_g00,mmlu,mmlu_06208,1,B,B,boxed,257,1
acc3_b16_g00,mmlu,mmlu_10980,0,B,A,boxed,503,1
acc3_b16_g00,mmlu,mmlu_09473,1,C,C,boxed,186,1
acc3_b16_g00,mmlu,mmlu_06471,1,A,A,boxed,337,1
acc3_b16_g00,mmlu,mmlu_11705,0,C,B,boxed,580,1
acc3_b16_g00,mmlu,mmlu_02098,1,C,C,boxed,297,1
acc3_b16_g00,mmlu,mmlu_00563,1,B,B,boxed,420,1
acc3_b16_g00,mmlu,mmlu_05524,0,B,D,boxed,358,1
acc3_b16_g00,mmlu,mmlu_03099,1,C,C,boxed,206,1
acc3_b16_g00,mmlu,mmlu_03054,1,B,B,boxed,322,1
acc3_b16_g00,mmlu,mmlu_00353,1,A,A,boxed,408,1
acc3_b16_g00,mmlu,mmlu_00289,0,C,D,boxed,304,1
acc3_b16_g00,mmlu,mmlu_08362,0,A,D,boxed,532,1
acc3_b16_g00,mmlu,mmlu_12628,1,A,A,boxed,386,1
acc3_b16_g00,mmlu,mmlu_08371,1,D,D,boxed,468,1
acc3_b16_g00,mmlu,mmlu_12024,1,C,C,boxed,531,1
acc3_b16_g00,mmlu,mmlu_10997,1,A,A,boxed,611,1
acc3_b16_g00,mmlu,mmlu_07220,1,C,C,boxed,226,1
acc3_b16_g00,mmlu,mmlu_09710,1,D,D,boxed,238,1
acc3_b16_g00,mmlu,mmlu_09636,1,D,D,boxed,146,1
acc3_b16_g00,mmlu,mmlu_07031,1,D,D,boxed,284,1
acc3_b16_g00,mmlu,mmlu_09835,1,C,C,boxed,327,1
acc3_b16_g00,mmlu,mmlu_06333,1,B,B,boxed,244,1
acc3_b16_g00,mmlu,mmlu_09518,1,C,C,boxed,238,1
acc3_b16_g00,mmlu,mmlu_05061,1,A,A,boxed,185,1
acc3_b16_g00,mmlu,mmlu_05983,1,A,A,boxed,464,1
acc3_b16_g00,mmlu,mmlu_09187,0,B,D,boxed,205,1
acc3_b16_g00,mmlu,mmlu_03459,1,A,A,boxed,194,1
acc3_b16_g00,mmlu,mmlu_05196,0,B,A,boxed,312,1
acc3_b16_g00,mmlu,mmlu_09769,1,C,C,boxed,358,1
acc3_b16_g00,mmlu,mmlu_12320,0,A,D,boxed,294,1
acc3_b16_g00,mmlu,mmlu_04187,0,C,A,boxed,296,1
acc3_b16_g00,mmlu,mmlu_02848,1,A,A,boxed,360,1
acc3_b16_g00,mmlu,mmlu_00805,0,D,A,boxed,511,1
acc3_b16_g00,mmlu,mmlu_04416,1,B,B,boxed,208,1
acc3_b16_g00,mmlu,mmlu_00726,0,D,C,boxed,222,1
acc3_b16_g00,mmlu,mmlu_13296,1,B,B,boxed,301,1
acc3_b16_g00,mmlu,mmlu_07339,0,A,B,boxed,346,1
acc3_b16_g00,mmlu,mmlu_09368,1,B,B,boxed,159,1
acc3_b16_g00,mmlu,mmlu_11058,0,D,C,boxed,344,1
acc3_b16_g00,mmlu,mmlu_11645,1,C,C,boxed,319,1
acc3_b16_g01,gsm8k,gsm8k_00565,1,5.0,5.0,boxed,168,1
acc3_b16_g01,gsm8k,gsm8k_00536,1,8.0,8.0,boxed,95,1
acc3_b16_g01,gsm8k,gsm8k_00347,1,36.0,36.0,boxed,142,1
acc3_b16_g01,gsm8k,gsm8k_00474,1,80.0,80.0,boxed,206,1
acc3_b16_g01,gsm8k,gsm8k_00236,0,30.0,31.0,boxed,913,1
acc3_b16_g01,gsm8k,gsm8k_01227,0,5.0,66.0,boxed,805,1
acc3_b16_g01,gsm8k,gsm8k_00975,1,20.0,20.0,boxed,259,1
acc3_b16_g01,gsm8k,gsm8k_00580,1,500.0,500.0,boxed,420,1
acc3_b16_g01,gsm8k,gsm8k_00107,1,3.0,3.0,boxed,390,1
acc3_b16_g01,gsm8k,gsm8k_01143,1,300.0,300.0,boxed,156,1
acc3_b16_g01,gsm8k,gsm8k_01029,1,34.0,34.0,boxed,330,1
acc3_b16_g01,gsm8k,gsm8k_01183,1,11.0,11.0,boxed,215,1
acc3_b16_g01,gsm8k,gsm8k_00214,1,8.0,8.0,boxed,554,1
acc3_b16_g01,gsm8k,gsm8k_00178,1,122.0,122.0,boxed,220,1
acc3_b16_g01,gsm8k,gsm8k_00808,1,12.0,12.0,boxed,257,1
acc3_b16_g01,gsm8k,gsm8k_00017,1,57500.0,57500.0,boxed,303,1
acc3_b16_g01,gsm8k,gsm8k_01025,1,30.0,30.0,boxed,141,1
acc3_b16_g01,gsm8k,gsm8k_01226,1,90.0,90.0,boxed,225,1
acc3_b16_g01,gsm8k,gsm8k_00729,1,1000.0,1000.0,boxed,482,1
acc3_b16_g01,gsm8k,gsm8k_00260,1,11.0,11.0,boxed,305,1
acc3_b16_g01,gsm8k,gsm8k_00859,1,1520.0,1520.0,boxed,203,1
acc3_b16_g01,gsm8k,gsm8k_01060,1,31.0,31.0,boxed,302,1
acc3_b16_g01,gsm8k,gsm8k_00590,0,318.0,319.0,boxed,197,1
acc3_b16_g01,gsm8k,gsm8k_01231,1,70.0,70.0,boxed,203,1
acc3_b16_g01,gsm8k,gsm8k_00504,1,2.0,2.0,boxed,291,1
acc3_b16_g01,gsm8k,gsm8k_00127,1,120.0,120.0,boxed,194,1
acc3_b16_g01,gsm8k,gsm8k_00547,1,81.0,81.0,boxed,382,1
acc3_b16_g01,gsm8k,gsm8k_00610,1,65960.0,65960.0,boxed,207,1
acc3_b16_g01,gsm8k,gsm8k_01271,1,43.0,43.0,boxed,270,1
acc3_b16_g01,gsm8k,gsm8k_00736,1,3.0,3.0,boxed,235,1
acc3_b16_g01,gsm8k,gsm8k_01103,1,90.0,90.0,boxed,366,1
acc3_b16_g01,gsm8k,gsm8k_00584,1,2.0,2.0,boxed,209,1
acc3_b16_g01,gsm8k,gsm8k_00669,1,132.0,132.0,boxed,318,1
acc3_b16_g01,gsm8k,gsm8k_00642,1,10800.0,10800.0,boxed,264,1
acc3_b16_g01,gsm8k,gsm8k_00091,1,28.0,28.0,boxed,239,1
acc3_b16_g01,gsm8k,gsm8k_01311,1,594.0,594.0,boxed,192,1
acc3_b16_g01,gsm8k,gsm8k_00962,0,600.0,1000.0,boxed,182,1
acc3_b16_g01,gsm8k,gsm8k_00163,0,54.0,50.0,boxed,306,1
acc3_b16_g01,gsm8k,gsm8k_00978,1,160.0,160.0,boxed,194,1
acc3_b16_g01,gsm8k,gsm8k_00472,1,6.0,6.0,boxed,254,1
acc3_b16_g01,gsm8k,gsm8k_00515,0,288.0,160.0,boxed,178,1
acc3_b16_g01,gsm8k,gsm8k_01021,1,36.0,36.0,boxed,269,1
acc3_b16_g01,gsm8k,gsm8k_01267,0,80.0,40.0,boxed,204,1
acc3_b16_g01,gsm8k,gsm8k_00228,1,1.0,1.0,boxed,272,1
acc3_b16_g01,gsm8k,gsm8k_00965,1,374.0,374.0,boxed,410,1
acc3_b16_g01,gsm8k,gsm8k_00028,1,25.0,25.0,boxed,174,1
acc3_b16_g01,gsm8k,gsm8k_00325,1,224000.0,224000.0,boxed,343,1
acc3_b16_g01,gsm8k,gsm8k_00101,1,6.0,6.0,boxed,226,1
acc3_b16_g01,gsm8k,gsm8k_00831,1,324.0,324.0,boxed,313,1
acc3_b16_g01,gsm8k,gsm8k_00595,1,13.0,13.0,boxed,142,1
acc3_b16_g01,gsm8k,gsm8k_00989,0,3.0,45.0,last-number,1024,0
acc3_b16_g01,gsm8k,gsm8k_00666,1,120.0,120.0,boxed,342,1
acc3_b16_g01,gsm8k,gsm8k_00077,1,100.0,100.0,boxed,283,1
acc3_b16_g01,gsm8k,gsm8k_00030,1,109.0,109.0,boxed,206,1
acc3_b16_g01,gsm8k,gsm8k_00664,1,32.0,32.0,boxed,150,1
acc3_b16_g01,gsm8k,gsm8k_00480,1,11.0,11.0,boxed,220,1
acc3_b16_g01,gsm8k,gsm8k_00201,1,114200.0,114200.0,boxed,232,1
acc3_b16_g01,gsm8k,gsm8k_00863,1,110.0,110.0,boxed,207,1
acc3_b16_g01,gsm8k,gsm8k_00828,1,60.0,60.0,boxed,179,1
acc3_b16_g01,gsm8k,gsm8k_01127,1,750.0,750.0,boxed,325,1
acc3_b16_g01,gsm8k,gsm8k_01041,1,101.0,101.0,boxed,142,1
acc3_b16_g01,gsm8k,gsm8k_01030,1,24.0,24.0,boxed,619,1
acc3_b16_g01,gsm8k,gsm8k_00895,1,74.0,74.0,boxed,198,1
acc3_b16_g01,gsm8k,gsm8k_00191,1,5.0,5.0,boxed,106,1
acc3_b16_g01,gsm8k,gsm8k_00151,1,5.0,5.0,boxed,161,1
acc3_b16_g01,gsm8k,gsm8k_00735,1,50.0,50.0,boxed,234,1
acc3_b16_g01,gsm8k,gsm8k_01184,1,306.0,306.0,boxed,135,1
acc3_b16_g01,gsm8k,gsm8k_00254,1,84.0,84.0,boxed,223,1
acc3_b16_g01,gsm8k,gsm8k_00104,1,500.0,500.0,boxed,367,1
acc3_b16_g01,gsm8k,gsm8k_01085,1,26.0,26.0,boxed,170,1
acc3_b16_g01,gsm8k,gsm8k_00173,1,18000.0,18000.0,boxed,187,1
acc3_b16_g01,gsm8k,gsm8k_00772,1,50.0,50.0,boxed,309,1
acc3_b16_g01,gsm8k,gsm8k_01241,1,8.0,8.0,boxed,206,1
acc3_b16_g01,gsm8k,gsm8k_01009,1,1875.0,1875.0,boxed,333,1
acc3_b16_g01,gsm8k,gsm8k_00234,1,21.0,21.0,boxed,259,1
acc3_b16_g01,gsm8k,gsm8k_00818,1,16.0,16.0,boxed,216,1
acc3_b16_g01,gsm8k,gsm8k_00196,1,120.0,120.0,boxed,156,1
acc3_b16_g01,gsm8k,gsm8k_00908,1,14.0,14.0,boxed,151,1
acc3_b16_g01,gsm8k,gsm8k_00008,1,45.0,45.0,boxed,636,1
acc3_b16_g01,gsm8k,gsm8k_01230,1,440.0,440.0,boxed,213,1
acc3_b16_g01,gsm8k,gsm8k_00626,1,72.0,72.0,boxed,354,1
acc3_b16_g01,gsm8k,gsm8k_01116,1,60.0,60.0,boxed,180,1
acc3_b16_g01,gsm8k,gsm8k_00142,1,140.0,140.0,boxed,143,1
acc3_b16_g01,gsm8k,gsm8k_00100,1,175.0,175.0,boxed,320,1
acc3_b16_g01,gsm8k,gsm8k_00451,1,11050.0,11050.0,boxed,273,1
acc3_b16_g01,gsm8k,gsm8k_00767,1,60.0,60.0,boxed,143,1
acc3_b16_g01,gsm8k,gsm8k_01128,1,9.0,9.0,boxed,281,1
acc3_b16_g01,gsm8k,gsm8k_00641,0,378000.0,262500.0,boxed,211,1
acc3_b16_g01,gsm8k,gsm8k_01028,1,200.0,200.0,boxed,203,1
acc3_b16_g01,gsm8k,gsm8k_00850,1,70.0,70.0,boxed,240,1
acc3_b16_g01,gsm8k,gsm8k_00833,1,40.0,40.0,boxed,433,1
acc3_b16_g01,gsm8k,gsm8k_01190,1,19.0,19.0,boxed,477,1
acc3_b16_g01,gsm8k,gsm8k_01039,1,160.0,160.0,boxed,193,1
acc3_b16_g01,gsm8k,gsm8k_00597,1,90.0,90.0,boxed,271,1
acc3_b16_g01,gsm8k,gsm8k_00963,1,147.0,147.0,boxed,537,1
acc3_b16_g01,gsm8k,gsm8k_00538,1,18.0,18.0,boxed,211,1
acc3_b16_g01,gsm8k,gsm8k_01033,1,2.0,2.0,boxed,187,1
acc3_b16_g01,gsm8k,gsm8k_00294,1,3.0,3.0,boxed,143,1
acc3_b16_g01,gsm8k,gsm8k_00620,1,1509.0,1509.0,boxed,197,1
acc3_b16_g01,gsm8k,gsm8k_00358,1,20.0,20.0,boxed,165,1
acc3_b16_g01,gsm8k,gsm8k_01003,1,480.0,480.0,boxed,957,1
acc3_b16_g01,gsm8k,gsm8k_00528,1,172.0,172.0,boxed,361,1
acc3_b16_g01,gsm8k,gsm8k_00226,1,33.0,33.0,boxed,365,1
acc3_b16_g01,gsm8k,gsm8k_00949,1,42.0,42.0,boxed,267,1
acc3_b16_g01,gsm8k,gsm8k_00058,1,57.0,57.0,boxed,152,1
acc3_b16_g01,gsm8k,gsm8k_01047,1,10.0,10.0,boxed,362,1
acc3_b16_g01,gsm8k,gsm8k_00433,1,6.0,6.0,boxed,152,1
acc3_b16_g01,gsm8k,gsm8k_00328,1,2.0,2.0,boxed,163,1
acc3_b16_g01,gsm8k,gsm8k_00225,1,9.0,9.0,boxed,225,1
acc3_b16_g01,gsm8k,gsm8k_01101,1,16.0,16.0,boxed,205,1
acc3_b16_g01,gsm8k,gsm8k_00788,1,100.0,100.0,boxed,137,1
acc3_b16_g01,gsm8k,gsm8k_00852,1,123.0,123.0,boxed,315,1
acc3_b16_g01,gsm8k,gsm8k_01026,1,43200.0,43200.0,boxed,344,1
acc3_b16_g01,gsm8k,gsm8k_01040,1,736.0,736.0,boxed,272,1
acc3_b16_g01,gsm8k,gsm8k_00237,1,90.0,90.0,boxed,83,1
acc3_b16_g01,gsm8k,gsm8k_00636,1,1050.0,1050.0,boxed,220,1
acc3_b16_g01,gsm8k,gsm8k_00333,1,100.0,100.0,boxed,192,1
acc3_b16_g01,gsm8k,gsm8k_00792,1,75.0,75.0,boxed,116,1
acc3_b16_g01,gsm8k,gsm8k_01181,1,20.0,20.0,boxed,512,1
acc3_b16_g01,gsm8k,gsm8k_01130,1,25.0,25.0,boxed,274,1
acc3_b16_g01,gsm8k,gsm8k_00057,1,83.0,83.0,boxed,382,1
acc3_b16_g01,gsm8k,gsm8k_00901,0,0.0,1.0,boxed,215,1
acc3_b16_g01,gsm8k,gsm8k_00355,1,34.0,34.0,boxed,188,1
acc3_b16_g01,gsm8k,gsm8k_00603,0,1260.0,1800.0,boxed,572,1
acc3_b16_g01,gsm8k,gsm8k_01197,1,2400.0,2400.0,boxed,252,1
acc3_b16_g01,gsm8k,gsm8k_00952,0,1800.0,360.0,boxed,268,1
acc3_b16_g01,gsm8k,gsm8k_00539,1,35.0,35.0,boxed,111,1
acc3_b16_g01,gsm8k,gsm8k_01089,1,32.0,32.0,boxed,142,1
acc3_b16_g01,gsm8k,gsm8k_01178,1,17.0,17.0,boxed,137,1
acc3_b16_g01,gsm8k,gsm8k_00657,1,330000.0,330000.0,boxed,263,1
acc3_b16_g01,gsm8k,gsm8k_01317,1,5.0,5.0,boxed,340,1
acc3_b16_g01,gsm8k,gsm8k_00681,1,298.0,298.0,boxed,460,1
acc3_b16_g01,gsm8k,gsm8k_00740,1,25.0,25.0,boxed,295,1
acc3_b16_g01,gsm8k,gsm8k_00609,1,7.0,7.0,boxed,139,1
acc3_b16_g01,gsm8k,gsm8k_01055,1,2304.0,2304.0,boxed,204,1
acc3_b16_g01,gsm8k,gsm8k_01054,1,2400.0,2400.0,boxed,124,1
acc3_b16_g01,gsm8k,gsm8k_00672,1,2.0,2.0,boxed,936,1
acc3_b16_g01,gsm8k,gsm8k_00956,1,1.0,1.0,boxed,353,1
acc3_b16_g01,gsm8k,gsm8k_00434,0,4.9,5.0,last-number,1024,0
acc3_b16_g01,gsm8k,gsm8k_00045,1,104.0,104.0,boxed,281,1
acc3_b16_g01,gsm8k,gsm8k_01044,1,1.0,1.0,boxed,140,1
acc3_b16_g01,gsm8k,gsm8k_00911,1,64.0,64.0,boxed,148,1
acc3_b16_g01,gsm8k,gsm8k_00421,1,12.0,12.0,boxed,174,1
acc3_b16_g01,gsm8k,gsm8k_00758,1,133.0,133.0,boxed,104,1
acc3_b16_g01,gsm8k,gsm8k_00428,0,18.0,26.0,last-number,1024,0
acc3_b16_g01,gsm8k,gsm8k_01202,1,19.0,19.0,boxed,191,1
acc3_b16_g01,gsm8k,gsm8k_01043,1,130000.0,130000.0,boxed,168,1
acc3_b16_g01,gsm8k,gsm8k_00782,0,27.0,54.0,boxed,226,1
acc3_b16_g01,gsm8k,gsm8k_00909,1,38.0,38.0,boxed,284,1
acc3_b16_g01,gsm8k,gsm8k_00670,1,4.0,4.0,boxed,119,1
acc3_b16_g01,gsm8k,gsm8k_00622,1,7.0,7.0,boxed,277,1
acc3_b16_g01,gsm8k,gsm8k_01177,1,17.0,17.0,boxed,240,1
acc3_b16_g01,gsm8k,gsm8k_00435,1,5.0,5.0,boxed,99,1
acc3_b16_g01,gsm8k,gsm8k_00934,1,410.0,410.0,boxed,177,1
acc3_b16_g01,gsm8k,gsm8k_01221,1,10.0,10.0,boxed,257,1
acc3_b16_g01,gsm8k,gsm8k_01201,1,42.0,42.0,boxed,188,1
acc3_b16_g01,gsm8k,gsm8k_00007,1,160.0,160.0,boxed,219,1
acc3_b16_g01,gsm8k,gsm8k_01000,1,1.0,1.0,boxed,321,1
acc3_b16_g01,gsm8k,gsm8k_00545,1,30.0,30.0,boxed,100,1
acc3_b16_g01,gsm8k,gsm8k_00407,1,2000.0,2000.0,boxed,495,1
acc3_b16_g01,gsm8k,gsm8k_01207,1,64.0,64.0,boxed,191,1
acc3_b16_g01,gsm8k,gsm8k_00167,1,16.0,16.0,boxed,359,1
acc3_b16_g01,gsm8k,gsm8k_01215,1,36.0,36.0,boxed,323,1
acc3_b16_g01,gsm8k,gsm8k_00406,0,160.0,200.0,boxed,266,1
acc3_b16_g01,gsm8k,gsm8k_01014,1,3.0,3.0,boxed,253,1
acc3_b16_g01,gsm8k,gsm8k_00779,1,255.0,255.0,boxed,335,1
acc3_b16_g01,gsm8k,gsm8k_00791,1,100.0,100.0,boxed,192,1
acc3_b16_g01,gsm8k,gsm8k_00393,1,20.0,20.0,boxed,323,1
acc3_b16_g01,gsm8k,gsm8k_01007,1,34.0,34.0,boxed,222,1
acc3_b16_g01,gsm8k,gsm8k_01140,1,27.0,27.0,boxed,226,1
acc3_b16_g01,gsm8k,gsm8k_00796,0,3120000.0,2880000.0,boxed,216,1
acc3_b16_g01,gsm8k,gsm8k_00566,1,10.0,10.0,boxed,300,1
acc3_b16_g01,gsm8k,gsm8k_00409,0,42000.0,168000.0,boxed,240,1
acc3_b16_g01,gsm8k,gsm8k_00694,1,9.0,9.0,boxed,243,1
acc3_b16_g01,gsm8k,gsm8k_00067,1,595.0,595.0,boxed,242,1
acc3_b16_g01,gsm8k,gsm8k_01279,1,180.0,180.0,boxed,164,1
acc3_b16_g01,gsm8k,gsm8k_00483,1,40.0,40.0,boxed,263,1
acc3_b16_g01,gsm8k,gsm8k_00252,1,73.0,73.0,boxed,301,1
acc3_b16_g01,gsm8k,gsm8k_01117,1,9.0,9.0,boxed,340,1
acc3_b16_g01,gsm8k,gsm8k_01285,1,1218.0,1218.0,boxed,152,1
acc3_b16_g01,gsm8k,gsm8k_00799,1,4.0,4.0,boxed,135,1
acc3_b16_g01,gsm8k,gsm8k_00326,1,14.0,14.0,boxed,206,1
acc3_b16_g01,gsm8k,gsm8k_00399,1,12.0,12.0,boxed,255,1
acc3_b16_g01,gsm8k,gsm8k_00233,1,12.0,12.0,boxed,190,1
acc3_b16_g01,gsm8k,gsm8k_01146,1,16.0,16.0,boxed,363,1
acc3_b16_g01,gsm8k,gsm8k_01019,1,98.0,98.0,boxed,190,1
acc3_b16_g01,gsm8k,gsm8k_00345,1,310.0,310.0,boxed,190,1
acc3_b16_g01,gsm8k,gsm8k_01206,1,40000.0,40000.0,boxed,170,1
acc3_b16_g01,gsm8k,gsm8k_00491,1,16.0,16.0,boxed,102,1
acc3_b16_g01,gsm8k,gsm8k_01255,1,12.0,12.0,boxed,293,1
acc3_b16_g01,gsm8k,gsm8k_01137,1,68.0,68.0,boxed,396,1
acc3_b16_g01,gsm8k,gsm8k_00147,1,75.0,75.0,boxed,350,1
acc3_b16_g01,gsm8k,gsm8k_01159,1,50.0,50.0,boxed,256,1
acc3_b16_g01,gsm8k,gsm8k_00715,1,385000.0,385000.0,boxed,274,1
acc3_b16_g01,gsm8k,gsm8k_00009,1,460.0,460.0,boxed,235,1
acc3_b16_g01,gsm8k,gsm8k_00324,1,14.0,14.0,boxed,528,1
acc3_b16_g01,gsm8k,gsm8k_00614,1,312.0,312.0,boxed,165,1
acc3_b16_g01,gsm8k,gsm8k_00400,1,48.0,48.0,boxed,95,1
acc3_b16_g01,gsm8k,gsm8k_00578,1,48.0,48.0,boxed,217,1
acc3_b16_g01,gsm8k,gsm8k_00044,1,20.0,20.0,boxed,255,1
acc3_b16_g01,gsm8k,gsm8k_00941,1,842.0,842.0,boxed,218,1
acc3_b16_g01,gsm8k,gsm8k_00469,1,4.0,4.0,boxed,147,1
acc3_b16_g01,gsm8k,gsm8k_00041,1,200.0,200.0,boxed,175,1
acc3_b16_g01,gsm8k,gsm8k_00048,1,8.0,8.0,boxed,130,1
acc3_b16_g01,gsm8k,gsm8k_01153,1,20.0,20.0,boxed,237,1
acc3_b16_g01,gsm8k,gsm8k_00375,1,48.0,48.0,boxed,148,1
acc3_b16_g01,gsm8k,gsm8k_00157,0,280.0,80.0,boxed,246,1
acc3_b16_g01,gsm8k,gsm8k_00069,1,60.0,60.0,boxed,195,1
acc3_b16_g01,gsm8k,gsm8k_00493,1,25.0,25.0,boxed,242,1
acc3_b16_g01,gsm8k,gsm8k_00693,1,68.0,68.0,boxed,278,1
acc3_b16_g01,gsm8k,gsm8k_01048,0,9858.38,7400.0,boxed,479,1
acc3_b16_g01,gsm8k,gsm8k_00720,1,4.0,4.0,boxed,156,1
acc3_b16_g01,gsm8k,gsm8k_01232,1,15.0,15.0,boxed,158,1
acc3_b16_g01,gsm8k,gsm8k_00080,1,10.0,10.0,boxed,200,1
acc3_b16_g01,gsm8k,gsm8k_00381,1,67.0,67.0,boxed,241,1
acc3_b16_g01,gsm8k,gsm8k_01258,1,60.0,60.0,boxed,198,1
acc3_b16_g01,gsm8k,gsm8k_00829,1,14000.0,14000.0,boxed,331,1
acc3_b16_g01,gsm8k,gsm8k_01305,1,2325.0,2325.0,boxed,248,1
acc3_b16_g01,gsm8k,gsm8k_00716,1,770.0,770.0,boxed,198,1
acc3_b16_g01,gsm8k,gsm8k_00531,1,66.0,66.0,boxed,727,1
acc3_b16_g01,gsm8k,gsm8k_00378,1,15.0,15.0,boxed,142,1
acc3_b16_g01,gsm8k,gsm8k_00572,1,100.0,100.0,boxed,228,1
acc3_b16_g01,gsm8k,gsm8k_00554,1,54.0,54.0,boxed,311,1
acc3_b16_g01,gsm8k,gsm8k_00549,1,398.0,398.0,boxed,163,1
acc3_b16_g01,gsm8k,gsm8k_00307,1,16.0,16.0,boxed,595,1
acc3_b16_g01,gsm8k,gsm8k_00701,1,200.0,200.0,boxed,260,1
acc3_b16_g01,gsm8k,gsm8k_01272,1,296.0,296.0,boxed,206,1
acc3_b16_g01,gsm8k,gsm8k_01310,1,64.0,64.0,boxed,402,1
acc3_b16_g01,gsm8k,gsm8k_00990,1,14.0,14.0,boxed,373,1
acc3_b16_g01,gsm8k,gsm8k_00778,1,38.0,38.0,boxed,247,1
acc3_b16_g01,gsm8k,gsm8k_00210,1,10.0,10.0,boxed,383,1
acc3_b16_g01,gsm8k,gsm8k_00996,1,3.0,3.0,boxed,245,1
acc3_b16_g01,gsm8k,gsm8k_00759,1,60000.0,60000.0,boxed,204,1
acc3_b16_g01,gsm8k,gsm8k_00563,1,12.0,12.0,boxed,175,1
acc3_b16_g01,gsm8k,gsm8k_00005,1,64.0,64.0,boxed,348,1
acc3_b16_g01,gsm8k,gsm8k_00809,0,100.0,50.0,last-number,1024,0
acc3_b16_g01,gsm8k,gsm8k_01108,1,38.0,38.0,boxed,56,1
acc3_b16_g01,gsm8k,gsm8k_00461,1,9.0,9.0,boxed,224,1
acc3_b16_g01,gsm8k,gsm8k_00957,1,45.0,45.0,boxed,224,1
acc3_b16_g01,gsm8k,gsm8k_00683,1,50.0,50.0,boxed,450,1
acc3_b16_g01,gsm8k,gsm8k_01031,1,5.0,5.0,boxed,186,1
acc3_b16_g01,gsm8k,gsm8k_00416,1,56.0,56.0,boxed,409,1
acc3_b16_g01,gsm8k,gsm8k_00458,1,35.0,35.0,boxed,242,1
acc3_b16_g01,gsm8k,gsm8k_00330,1,31.0,31.0,boxed,219,1
acc3_b16_g01,gsm8k,gsm8k_00187,0,106.12,106.0,boxed,199,1
acc3_b16_g01,gsm8k,gsm8k_00139,1,70.0,70.0,boxed,173,1
acc3_b16_g01,gsm8k,gsm8k_01237,1,78.0,78.0,boxed,91,1
acc3_b16_g01,gsm8k,gsm8k_00424,1,570.0,570.0,boxed,141,1
acc3_b16_g01,gsm8k,gsm8k_00195,1,12.0,12.0,boxed,223,1
acc3_b16_g01,gsm8k,gsm8k_01242,1,20.0,20.0,boxed,227,1
acc3_b16_g01,mmlu,mmlu_13773,0,A,B,boxed,317,1
acc3_b16_g01,mmlu,mmlu_11854,0,B,D,boxed,520,1
acc3_b16_g01,mmlu,mmlu_07127,1,C,C,boxed,237,1
acc3_b16_g01,mmlu,mmlu_12050,1,D,D,boxed,557,1
acc3_b16_g01,mmlu,mmlu_02591,0,C,D,boxed,262,1
acc3_b16_g01,mmlu,mmlu_09671,1,D,D,boxed,208,1
acc3_b16_g01,mmlu,mmlu_07293,1,C,C,boxed,177,1
acc3_b16_g01,mmlu,mmlu_00805,0,D,A,boxed,602,1
acc3_b16_g01,mmlu,mmlu_09187,0,B,D,boxed,212,1
acc3_b16_g01,mmlu,mmlu_12401,1,C,C,boxed,510,1
acc3_b16_g01,mmlu,mmlu_13884,1,B,B,boxed,282,1
acc3_b16_g01,mmlu,mmlu_08264,1,C,C,boxed,373,1
acc3_b16_g01,mmlu,mmlu_04462,1,D,D,boxed,235,1
acc3_b16_g01,mmlu,mmlu_08371,1,D,D,boxed,471,1
acc3_b16_g01,mmlu,mmlu_09636,1,D,D,boxed,139,1
acc3_b16_g01,mmlu,mmlu_10761,1,A,A,boxed,559,1
acc3_b16_g01,mmlu,mmlu_07031,1,D,D,boxed,299,1
acc3_b16_g01,mmlu,mmlu_07300,1,A,A,boxed,283,1
acc3_b16_g01,mmlu,mmlu_07035,1,C,C,boxed,187,1
acc3_b16_g01,mmlu,mmlu_05878,1,A,A,boxed,258,1
acc3_b16_g01,mmlu,mmlu_03770,1,A,A,boxed,240,1
acc3_b16_g01,mmlu,mmlu_11789,1,A,A,boxed,742,1
acc3_b16_g01,mmlu,mmlu_08554,1,B,B,boxed,189,1
acc3_b16_g01,mmlu,mmlu_11697,1,A,A,boxed,338,1
acc3_b16_g01,mmlu,mmlu_01697,1,C,C,boxed,420,1
acc3_b16_g01,mmlu,mmlu_02732,0,B,C,boxed,188,1
acc3_b16_g01,mmlu,mmlu_03045,1,B,B,boxed,278,1
acc3_b16_g01,mmlu,mmlu_01120,0,A,B,boxed,395,1
acc3_b16_g01,mmlu,mmlu_02089,1,B,B,boxed,132,1
acc3_b16_g01,mmlu,mmlu_02228,1,D,D,boxed,643,1
acc3_b16_g01,mmlu,mmlu_10614,1,A,A,boxed,273,1
acc3_b16_g01,mmlu,mmlu_05524,0,A,D,boxed,289,1
acc3_b16_g01,mmlu,mmlu_13987,1,C,C,boxed,305,1
acc3_b16_g01,mmlu,mmlu_07502,1,D,D,boxed,383,1
acc3_b16_g01,mmlu,mmlu_01064,1,B,B,boxed,331,1
acc3_b16_g01,mmlu,mmlu_05246,1,B,B,boxed,211,1
acc3_b16_g01,mmlu,mmlu_09163,0,B,A,boxed,181,1
acc3_b16_g01,mmlu,mmlu_07643,1,D,D,boxed,116,1
acc3_b16_g01,mmlu,mmlu_04044,0,D,A,boxed,200,1
acc3_b16_g01,mmlu,mmlu_11027,1,A,A,boxed,494,1
acc3_b16_g01,mmlu,mmlu_06047,1,B,B,boxed,562,1
acc3_b16_g01,mmlu,mmlu_07145,1,C,C,boxed,152,1
acc3_b16_g01,mmlu,mmlu_08796,1,D,D,boxed,185,1
acc3_b16_g01,mmlu,mmlu_03617,1,D,D,boxed,210,1
acc3_b16_g01,mmlu,mmlu_11756,0,A,B,boxed,473,1
acc3_b16_g01,mmlu,mmlu_03852,1,A,A,boxed,270,1
acc3_b16_g01,mmlu,mmlu_03312,1,A,A,boxed,296,1
acc3_b16_g01,mmlu,mmlu_12878,0,A,B,boxed,225,1
acc3_b16_g01,mmlu,mmlu_06767,1,B,B,boxed,388,1
acc3_b16_g01,mmlu,mmlu_08147,1,B,B,boxed,682,1
acc3_b16_g01,mmlu,mmlu_06846,1,C,C,boxed,148,1
acc3_b16_g01,mmlu,mmlu_04936,1,D,D,boxed,294,1
acc3_b16_g01,mmlu,mmlu_09686,0,C,D,boxed,333,1
acc3_b16_g01,mmlu,mmlu_13456,0,A,B,boxed,320,1
acc3_b16_g01,mmlu,mmlu_12905,1,A,A,boxed,166,1
acc3_b16_g01,mmlu,mmlu_01601,1,B,B,boxed,210,1
acc3_b16_g01,mmlu,mmlu_10082,0,A,D,boxed,452,1
acc3_b16_g01,mmlu,mmlu_03476,1,A,A,boxed,185,1
acc3_b16_g01,mmlu,mmlu_07587,1,A,A,boxed,73,1
acc3_b16_g01,mmlu,mmlu_04621,1,D,D,boxed,228,1
acc3_b16_g01,mmlu,mmlu_07442,1,B,B,boxed,91,1
acc3_b16_g01,mmlu,mmlu_01778,1,B,B,boxed,460,1
acc3_b16_g01,mmlu,mmlu_11058,0,D,C,boxed,375,1
acc3_b16_g01,mmlu,mmlu_04379,1,C,C,boxed,229,1
acc3_b16_g01,mmlu,mmlu_06190,0,A,C,boxed,187,1
acc3_b16_g01,mmlu,mmlu_07681,1,C,C,boxed,107,1
acc3_b16_g01,mmlu,mmlu_06333,0,A,B,boxed,221,1
acc3_b16_g01,mmlu,mmlu_10884,0,B,C,boxed,769,1
acc3_b16_g01,mmlu,mmlu_10299,1,B,B,boxed,421,1
acc3_b16_g01,mmlu,mmlu_03054,1,B,B,boxed,319,1
acc3_b16_g01,mmlu,mmlu_10355,0,A,D,boxed,480,1
acc3_b16_g01,mmlu,mmlu_11627,1,B,B,boxed,604,1
acc3_b16_g01,mmlu,mmlu_12983,0,B,D,boxed,405,1
acc3_b16_g01,mmlu,mmlu_00574,1,B,B,boxed,249,1
acc3_b16_g01,mmlu,mmlu_01738,0,A,D,boxed,264,1
acc3_b16_g01,mmlu,mmlu_12056,0,D,B,boxed,466,1
acc3_b16_g01,mmlu,mmlu_01897,1,A,A,boxed,357,1
acc3_b16_g01,mmlu,mmlu_02848,1,A,A,boxed,369,1
acc3_b16_g01,mmlu,mmlu_04770,0,D,C,boxed,275,1
acc3_b16_g01,mmlu,mmlu_10523,0,C,B,boxed,396,1
acc3_b16_g01,mmlu,mmlu_00880,1,C,C,boxed,311,1
acc3_b16_g01,mmlu,mmlu_02662,1,B,B,boxed,210,1
acc3_b16_g01,mmlu,mmlu_04079,1,B,B,boxed,285,1
acc3_b16_g01,mmlu,mmlu_09084,0,A,D,boxed,231,1
acc3_b16_g01,mmlu,mmlu_00968,0,B,A,boxed,160,1
acc3_b16_g01,mmlu,mmlu_08317,1,D,D,boxed,442,1
acc3_b16_g01,mmlu,mmlu_07819,1,A,A,boxed,172,1
acc3_b16_g01,mmlu,mmlu_07789,1,A,A,boxed,139,1
acc3_b16_g01,mmlu,mmlu_02593,1,D,D,boxed,311,1
acc3_b16_g01,mmlu,mmlu_05795,1,C,C,boxed,343,1
acc3_b16_g01,mmlu,mmlu_07449,1,A,A,boxed,199,1
acc3_b16_g01,mmlu,mmlu_02638,0,C,B,boxed,56,1
acc3_b16_g01,mmlu,mmlu_01355,0,D,C,boxed,222,1
acc3_b16_g01,mmlu,mmlu_00207,0,A,D,boxed,305,1
acc3_b16_g01,mmlu,mmlu_05206,1,D,D,boxed,365,1
acc3_b16_g01,mmlu,mmlu_10302,1,A,A,boxed,216,1
acc3_b16_g01,mmlu,mmlu_13316,0,C,D,boxed,511,1
acc3_b16_g01,mmlu,mmlu_02098,1,C,C,boxed,284,1
acc3_b16_g01,mmlu,mmlu_08263,0,A,B,boxed,391,1
acc3_b16_g01,mmlu,mmlu_09016,1,B,B,boxed,217,1
acc3_b16_g01,mmlu,mmlu_05177,1,B,B,boxed,248,1
acc3_b16_g01,mmlu,mmlu_12320,0,A,D,boxed,294,1
acc3_b16_g01,mmlu,mmlu_09214,1,D,D,boxed,199,1
acc3_b16_g01,mmlu,mmlu_00353,1,A,A,boxed,399,1
acc3_b16_g01,mmlu,mmlu_00894,1,B,B,boxed,335,1
acc3_b16_g01,mmlu,mmlu_13223,0,A,D,boxed,575,1
acc3_b16_g01,mmlu,mmlu_10167,0,A,B,boxed,335,1
acc3_b16_g01,mmlu,mmlu_11288,0,A,B,boxed,543,1
acc3_b16_g01,mmlu,mmlu_05983,1,A,A,boxed,464,1
acc3_b16_g01,mmlu,mmlu_13412,1,A,A,boxed,342,1
acc3_b16_g01,mmlu,mmlu_12805,1,C,C,boxed,340,1
acc3_b16_g01,mmlu,mmlu_09518,1,C,C,boxed,238,1
acc3_b16_g01,mmlu,mmlu_03459,1,A,A,boxed,201,1
acc3_b16_g01,mmlu,mmlu_08043,1,C,C,boxed,174,1
acc3_b16_g01,mmlu,mmlu_09876,1,A,A,boxed,337,1
acc3_b16_g01,mmlu,mmlu_09002,1,D,D,boxed,305,1
acc3_b16_g01,mmlu,mmlu_12024,1,C,C,boxed,453,1
acc3_b16_g01,mmlu,mmlu_02710,1,D,D,boxed,250,1
acc3_b16_g01,mmlu,mmlu_08362,0,C,D,boxed,504,1
acc3_b16_g01,mmlu,mmlu_02978,1,B,B,boxed,355,1
acc3_b16_g01,mmlu,mmlu_08845,0,C,D,boxed,237,1
acc3_b16_g01,mmlu,mmlu_13246,1,D,D,boxed,290,1
acc3_b16_g01,mmlu,mmlu_06727,1,D,D,boxed,225,1
acc3_b16_g01,mmlu,mmlu_05061,1,A,A,boxed,185,1
acc3_b16_g01,mmlu,mmlu_10377,1,B,B,boxed,280,1
acc3_b16_g01,mmlu,mmlu_00325,0,C,D,boxed,742,1
acc3_b16_g01,mmlu,mmlu_04871,0,B,C,boxed,261,1
acc3_b16_g01,mmlu,mmlu_14037,1,A,A,boxed,272,1
acc3_b16_g01,mmlu,mmlu_05580,1,D,D,boxed,533,1
acc3_b16_g01,mmlu,mmlu_08129,1,C,C,boxed,135,1
acc3_b16_g01,mmlu,mmlu_11825,0,A,B,boxed,512,1
acc3_b16_g01,mmlu,mmlu_02124,1,B,B,boxed,297,1
acc3_b16_g01,mmlu,mmlu_05701,1,D,D,boxed,338,1
acc3_b16_g01,mmlu,mmlu_00997,1,C,C,trailing-letter,1024,0
acc3_b16_g01,mmlu,mmlu_05153,1,B,B,boxed,346,1
acc3_b16_g01,mmlu,mmlu_11387,0,C,D,boxed,836,1
acc3_b16_g01,mmlu,mmlu_04416,1,B,B,boxed,208,1
acc3_b16_g01,mmlu,mmlu_01523,1,A,A,boxed,150,1
acc3_b16_g01,mmlu,mmlu_13393,0,A,C,boxed,193,1
acc3_b16_g01,mmlu,mmlu_00782,1,A,A,boxed,218,1
acc3_b16_g01,mmlu,mmlu_06208,1,B,B,boxed,257,1
acc3_b16_g01,mmlu,mmlu_02014,0,A,C,boxed,149,1
acc3_b16_g01,mmlu,mmlu_00908,1,A,A,boxed,930,1
acc3_b16_g01,mmlu,mmlu_02514,1,C,C,boxed,1014,1
acc3_b16_g01,mmlu,mmlu_01055,1,D,D,boxed,721,1
acc3_b16_g01,mmlu,mmlu_09473,1,C,C,boxed,186,1
acc3_b16_g01,mmlu,mmlu_09835,1,C,C,boxed,326,1
acc3_b16_g01,mmlu,mmlu_07206,1,B,B,boxed,169,1
acc3_b16_g01,mmlu,mmlu_10789,0,A,C,boxed,979,1
acc3_b16_g01,mmlu,mmlu_10980,0,B,A,boxed,587,1
acc3_b16_g01,mmlu,mmlu_04625,1,D,D,boxed,293,1
acc3_b16_g01,mmlu,mmlu_09822,0,A,C,boxed,266,1
acc3_b16_g01,mmlu,mmlu_07951,1,D,D,boxed,66,1
acc3_b16_g01,mmlu,mmlu_13296,1,B,B,boxed,303,1
acc3_b16_g01,mmlu,mmlu_07246,1,C,C,boxed,190,1
acc3_b16_g01,mmlu,mmlu_06894,0,A,B,boxed,356,1
acc3_b16_g01,mmlu,mmlu_02189,1,B,B,boxed,163,1
acc3_b16_g01,mmlu,mmlu_12722,1,A,A,boxed,242,1
acc3_b16_g01,mmlu,mmlu_03737,1,C,C,boxed,299,1
acc3_b16_g01,mmlu,mmlu_05781,1,A,A,boxed,438,1
acc3_b16_g01,mmlu,mmlu_01453,1,A,A,boxed,746,1
acc3_b16_g01,mmlu,mmlu_07022,1,C,C,boxed,184,1
acc3_b16_g01,mmlu,mmlu_02331,0,D,B,boxed,121,1
acc3_b16_g01,mmlu,mmlu_05196,0,B,A,boxed,304,1
acc3_b16_g01,mmlu,mmlu_01770,1,B,B,boxed,192,1
acc3_b16_g01,mmlu,mmlu_10737,1,A,A,boxed,537,1
acc3_b16_g01,mmlu,mmlu_00289,1,D,D,boxed,308,1
acc3_b16_g01,mmlu,mmlu_02401,1,B,B,boxed,134,1
acc3_b16_g01,mmlu,mmlu_13871,1,D,D,boxed,184,1
acc3_b16_g01,mmlu,mmlu_13190,0,A,C,boxed,594,1
acc3_b16_g01,mmlu,mmlu_03862,0,A,B,boxed,324,1
acc3_b16_g01,mmlu,mmlu_13049,1,B,B,boxed,152,1
acc3_b16_g01,mmlu,mmlu_03090,1,A,A,boxed,659,1
acc3_b16_g01,mmlu,mmlu_09406,1,A,A,boxed,210,1
acc3_b16_g01,mmlu,mmlu_09769,1,C,C,boxed,323,1
acc3_b16_g01,mmlu,mmlu_00613,1,A,A,boxed,174,1
acc3_b16_g01,mmlu,mmlu_06226,1,D,D,boxed,292,1
acc3_b16_g01,mmlu,mmlu_07116,1,A,A,boxed,276,1
acc3_b16_g01,mmlu,mmlu_01116,1,D,D,boxed,415,1
acc3_b16_g01,mmlu,mmlu_04187,0,C,A,boxed,424,1
acc3_b16_g01,mmlu,mmlu_10590,0,D,A,trailing-letter,1024,0
acc3_b16_g01,mmlu,mmlu_09368,1,B,B,boxed,181,1
acc3_b16_g01,mmlu,mmlu_06200,1,A,A,boxed,258,1
acc3_b16_g01,mmlu,mmlu_00837,1,D,D,boxed,233,1
acc3_b16_g01,mmlu,mmlu_12628,1,A,A,boxed,420,1
acc3_b16_g01,mmlu,mmlu_07644,1,C,C,boxed,150,1
acc3_b16_g01,mmlu,mmlu_00563,1,B,B,boxed,442,1
acc3_b16_g01,mmlu,mmlu_10786,0,B,D,boxed,386,1
acc3_b16_g01,mmlu,mmlu_07905,1,A,A,boxed,159,1
acc3_b16_g01,mmlu,mmlu_02515,1,A,A,boxed,428,1
acc3_b16_g01,mmlu,mmlu_02384,1,A,A,boxed,383,1
acc3_b16_g01,mmlu,mmlu_10258,0,B,D,boxed,233,1
acc3_b16_g01,mmlu,mmlu_04499,0,A,C,boxed,473,1
acc3_b16_g01,mmlu,mmlu_07304,1,D,D,boxed,71,1
acc3_b16_g01,mmlu,mmlu_07323,1,B,B,boxed,326,1
acc3_b16_g01,mmlu,mmlu_03765,1,D,D,boxed,210,1
acc3_b16_g01,mmlu,mmlu_01638,0,A,D,boxed,267,1
acc3_b16_g01,mmlu,mmlu_11251,0,A,C,boxed,614,1
acc3_b16_g01,mmlu,mmlu_00499,0,D,B,boxed,280,1
acc3_b16_g01,mmlu,mmlu_09489,1,B,B,boxed,259,1
acc3_b16_g01,mmlu,mmlu_07220,1,C,C,boxed,227,1
acc3_b16_g01,mmlu,mmlu_09324,1,B,B,boxed,250,1
acc3_b16_g01,mmlu,mmlu_07535,0,A,B,boxed,116,1
acc3_b16_g01,mmlu,mmlu_11586,0,A,B,boxed,389,1
acc3_b16_g01,mmlu,mmlu_06478,1,D,D,boxed,401,1
acc3_b16_g01,mmlu,mmlu_07741,0,A,B,boxed,305,1
acc3_b16_g01,mmlu,mmlu_09938,1,D,D,boxed,288,1
acc3_b16_g01,mmlu,mmlu_01249,1,C,C,boxed,252,1
acc3_b16_g01,mmlu,mmlu_02474,1,A,A,boxed,632,1
acc3_b16_g01,mmlu,mmlu_11707,1,B,B,boxed,652,1
acc3_b16_g01,mmlu,mmlu_04737,1,A,A,boxed,253,1
acc3_b16_g01,mmlu,mmlu_09474,1,C,C,boxed,258,1
acc3_b16_g01,mmlu,mmlu_09710,1,D,D,boxed,238,1
acc3_b16_g01,mmlu,mmlu_07858,1,B,B,boxed,204,1
acc3_b16_g01,mmlu,mmlu_03099,1,C,C,boxed,205,1
acc3_b16_g01,mmlu,mmlu_10997,1,A,A,boxed,513,1
acc3_b16_g01,mmlu,mmlu_06779,1,A,A,boxed,303,1
acc3_b16_g01,mmlu,mmlu_00726,0,D,C,boxed,238,1
acc3_b16_g01,mmlu,mmlu_06674,1,C,C,boxed,218,1
acc3_b16_g01,mmlu,mmlu_03700,1,D,D,boxed,221,1
acc3_b16_g01,mmlu,mmlu_01238,1,D,D,boxed,301,1
acc3_b16_g01,mmlu,mmlu_08988,1,B,B,boxed,155,1
acc3_b16_g01,mmlu,mmlu_09320,0,B,A,boxed,184,1
acc3_b16_g01,mmlu,mmlu_06471,1,A,A,boxed,296,1
acc3_b16_g01,mmlu,mmlu_11526,0,A,B,boxed,567,1
acc3_b16_g01,mmlu,mmlu_13314,1,D,D,boxed,316,1
acc3_b16_g01,mmlu,mmlu_09006,0,B,D,boxed,227,1
acc3_b16_g01,mmlu,mmlu_03391,1,D,D,boxed,235,1
acc3_b16_g01,mmlu,mmlu_00847,1,B,B,boxed,656,1
acc3_b16_g01,mmlu,mmlu_05720,1,C,C,boxed,349,1
acc3_b16_g01,mmlu,mmlu_13690,0,A,C,boxed,225,1
acc3_b16_g01,mmlu,mmlu_04119,1,A,A,boxed,529,1
acc3_b16_g01,mmlu,mmlu_03514,1,B,B,boxed,289,1
acc3_b16_g01,mmlu,mmlu_11705,0,A,B,boxed,705,1
acc3_b16_g01,mmlu,mmlu_10095,1,A,A,boxed,286,1
acc3_b16_g01,mmlu,mmlu_05950,1,B,B,boxed,214,1
acc3_b16_g01,mmlu,mmlu_11645,1,C,C,boxed,372,1
acc3_b16_g01,mmlu,mmlu_07339,0,A,B,boxed,345,1
acc3_b16_g01,mmlu,mmlu_05266,1,D,D,boxed,225,1
acc3_b16_g01,mmlu,mmlu_08617,0,A,C,boxed,165,1
acc3_b16_g01,mmlu,mmlu_04201,1,C,C,boxed,345,1
acc3_b16_g01,mmlu,mmlu_07136,0,A,C,boxed,200,1
acc3_b16_g01,mmlu,mmlu_07799,1,B,B,boxed,127,1
acc3_b16_g01,mmlu,mmlu_13824,1,D,D,boxed,210,1
acc3_b16_g01,mmlu,mmlu_01824,1,D,D,boxed,764,1
acc3_b16_g01,mmlu,mmlu_10646,1,C,C,boxed,415,1
acc3_b16_g01,mmlu,mmlu_03615,1,D,D,boxed,191,1
acc3_b16_g01,mmlu,mmlu_04096,1,A,A,boxed,440,1
acc3_b16_g01,mmlu,mmlu_10766,0,A,C,boxed,506,1
acc3_b16_g01,mmlu,mmlu_04661,1,D,D,boxed,268,1
acc3_b16_g02,gsm8k,gsm8k_01055,1,2304.0,2304.0,boxed,167,1
acc3_b16_g02,gsm8k,gsm8k_01117,1,9.0,9.0,boxed,340,1
acc3_b16_g02,gsm8k,gsm8k_01060,1,31.0,31.0,boxed,302,1
acc3_b16_g02,gsm8k,gsm8k_01242,1,20.0,20.0,boxed,227,1
acc3_b16_g02,gsm8k,gsm8k_01000,1,1.0,1.0,boxed,313,1
acc3_b16_g02,gsm8k,gsm8k_00566,1,10.0,10.0,boxed,300,1
acc3_b16_g02,gsm8k,gsm8k_00554,1,54.0,54.0,boxed,311,1
acc3_b16_g02,gsm8k,gsm8k_00595,1,13.0,13.0,boxed,142,1
acc3_b16_g02,gsm8k,gsm8k_01047,1,10.0,10.0,boxed,362,1
acc3_b16_g02,gsm8k,gsm8k_00934,1,410.0,410.0,boxed,174,1
acc3_b16_g02,gsm8k,gsm8k_00326,1,14.0,14.0,boxed,216,1
acc3_b16_g02,gsm8k,gsm8k_00759,1,60000.0,60000.0,boxed,204,1
acc3_b16_g02,gsm8k,gsm8k_00758,1,133.0,133.0,boxed,104,1
acc3_b16_g02,gsm8k,gsm8k_01009,1,1875.0,1875.0,boxed,333,1
acc3_b16_g02,gsm8k,gsm8k_00909,1,38.0,38.0,boxed,275,1
acc3_b16_g02,gsm8k,gsm8k_00451,1,11050.0,11050.0,boxed,282,1
acc3_b16_g02,gsm8k,gsm8k_00005,1,64.0,64.0,boxed,348,1
acc3_b16_g02,gsm8k,gsm8k_00778,1,38.0,38.0,boxed,247,1
acc3_b16_g02,gsm8k,gsm8k_00908,1,14.0,14.0,boxed,151,1
acc3_b16_g02,gsm8k,gsm8k_00603,0,1260.0,1800.0,boxed,562,1
acc3_b16_g02,gsm8k,gsm8k_00791,1,100.0,100.0,boxed,192,1
acc3_b16_g02,gsm8k,gsm8k_00614,1,312.0,312.0,boxed,165,1
acc3_b16_g02,gsm8k,gsm8k_00990,1,14.0,14.0,boxed,373,1
acc3_b16_g02,gsm8k,gsm8k_00528,1,172.0,172.0,boxed,364,1
acc3_b16_g02,gsm8k,gsm8k_00191,1,5.0,5.0,boxed,112,1
acc3_b16_g02,gsm8k,gsm8k_00400,1,48.0,48.0,boxed,95,1
acc3_b16_g02,gsm8k,gsm8k_00163,0,54.0,50.0,boxed,283,1
acc3_b16_g02,gsm8k,gsm8k_00779,1,255.0,255.0,boxed,335,1
acc3_b16_g02,gsm8k,gsm8k_00393,1,20.0,20.0,boxed,323,1
acc3_b16_g02,gsm8k,gsm8k_00578,1,48.0,48.0,boxed,217,1
acc3_b16_g02,gsm8k,gsm8k_00740,1,25.0,25.0,boxed,295,1
acc3_b16_g02,gsm8k,gsm8k_00057,1,83.0,83.0,boxed,382,1
acc3_b16_g02,gsm8k,gsm8k_01207,1,64.0,64.0,boxed,177,1
acc3_b16_g02,gsm8k,gsm8k_01031,1,5.0,5.0,boxed,186,1
acc3_b16_g02,gsm8k,gsm8k_00504,1,2.0,2.0,boxed,301,1
acc3_b16_g02,gsm8k,gsm8k_00435,1,5.0,5.0,boxed,99,1
acc3_b16_g02,gsm8k,gsm8k_00058,1,57.0,57.0,boxed,152,1
acc3_b16_g02,gsm8k,gsm8k_00996,1,3.0,3.0,boxed,245,1
acc3_b16_g02,gsm8k,gsm8k_00378,1,15.0,15.0,boxed,142,1
acc3_b16_g02,gsm8k,gsm8k_00187,0,106.12,106.0,boxed,199,1
acc3_b16_g02,gsm8k,gsm8k_01041,1,101.0,101.0,boxed,142,1
acc3_b16_g02,gsm8k,gsm8k_00531,1,66.0,66.0,boxed,632,1
acc3_b16_g02,gsm8k,gsm8k_00030,1,109.0,109.0,boxed,206,1
acc3_b16_g02,gsm8k,gsm8k_01271,1,43.0,43.0,boxed,299,1
acc3_b16_g02,gsm8k,gsm8k_01030,1,24.0,24.0,boxed,619,1
acc3_b16_g02,gsm8k,gsm8k_00788,1,100.0,100.0,boxed,137,1
acc3_b16_g02,gsm8k,gsm8k_00636,1,1050.0,1050.0,boxed,226,1
acc3_b16_g02,gsm8k,gsm8k_00347,1,36.0,36.0,boxed,97,1
acc3_b16_g02,gsm8k,gsm8k_00107,1,3.0,3.0,boxed,390,1
acc3_b16_g02,gsm8k,gsm8k_00483,1,40.0,40.0,boxed,264,1
acc3_b16_g02,gsm8k,gsm8k_01310,1,64.0,64.0,boxed,443,1
acc3_b16_g02,gsm8k,gsm8k_00965,1,374.0,374.0,boxed,410,1
acc3_b16_g02,gsm8k,gsm8k_00178,1,122.0,122.0,boxed,220,1
acc3_b16_g02,gsm8k,gsm8k_00829,1,14000.0,14000.0,boxed,331,1
acc3_b16_g02,gsm8k,gsm8k_01108,1,38.0,38.0,boxed,56,1
acc3_b16_g02,gsm8k,gsm8k_00416,1,56.0,56.0,boxed,409,1
acc3_b16_g02,gsm8k,gsm8k_00307,1,16.0,16.0,boxed,581,1
acc3_b16_g02,gsm8k,gsm8k_00949,1,42.0,42.0,boxed,267,1
acc3_b16_g02,gsm8k,gsm8k_00045,1,104.0,104.0,boxed,258,1
acc3_b16_g02,gsm8k,gsm8k_00458,1,35.0,35.0,boxed,242,1
acc3_b16_g02,gsm8k,gsm8k_00515,0,288.0,160.0,boxed,178,1
acc3_b16_g02,gsm8k,gsm8k_00610,1,65960.0,65960.0,boxed,207,1
acc3_b16_g02,gsm8k,gsm8k_00572,1,100.0,100.0,boxed,228,1
acc3_b16_g02,gsm8k,gsm8k_01226,1,90.0,90.0,boxed,223,1
acc3_b16_g02,gsm8k,gsm8k_00407,1,2000.0,2000.0,boxed,478,1
acc3_b16_g02,gsm8k,gsm8k_00375,1,48.0,48.0,boxed,143,1
acc3_b16_g02,gsm8k,gsm8k_00067,1,595.0,595.0,boxed,218,1
acc3_b16_g02,gsm8k,gsm8k_00989,0,30.0,45.0,last-number,1024,0
acc3_b16_g02,gsm8k,gsm8k_00962,0,600.0,1000.0,boxed,186,1
acc3_b16_g02,gsm8k,gsm8k_00399,1,12.0,12.0,boxed,255,1
acc3_b16_g02,gsm8k,gsm8k_01177,1,17.0,17.0,boxed,250,1
acc3_b16_g02,gsm8k,gsm8k_01021,1,36.0,36.0,boxed,275,1
acc3_b16_g02,gsm8k,gsm8k_00735,1,50.0,50.0,boxed,234,1
acc3_b16_g02,gsm8k,gsm8k_00911,1,64.0,64.0,boxed,148,1
acc3_b16_g02,gsm8k,gsm8k_01227,1,66.0,66.0,boxed,588,1
acc3_b16_g02,gsm8k,gsm8k_00657,1,330000.0,330000.0,boxed,263,1
acc3_b16_g02,gsm8k,gsm8k_01043,1,130000.0,130000.0,boxed,168,1
acc3_b16_g02,gsm8k,gsm8k_00139,1,70.0,70.0,boxed,173,1
acc3_b16_g02,gsm8k,gsm8k_01178,1,17.0,17.0,boxed,137,1
acc3_b16_g02,gsm8k,gsm8k_01285,1,1218.0,1218.0,boxed,138,1
acc3_b16_g02,gsm8k,gsm8k_00044,1,20.0,20.0,boxed,255,1
acc3_b16_g02,gsm8k,gsm8k_00957,1,45.0,45.0,boxed,224,1
acc3_b16_g02,gsm8k,gsm8k_00325,1,224000.0,224000.0,boxed,300,1
acc3_b16_g02,gsm8k,gsm8k_00041,1,200.0,200.0,boxed,175,1
acc3_b16_g02,gsm8k,gsm8k_00345,1,310.0,310.0,boxed,190,1
acc3_b16_g02,gsm8k,gsm8k_00381,1,67.0,67.0,boxed,238,1
acc3_b16_g02,gsm8k,gsm8k_00859,1,1520.0,1520.0,boxed,202,1
acc3_b16_g02,gsm8k,gsm8k_00195,1,12.0,12.0,boxed,265,1
acc3_b16_g02,gsm8k,gsm8k_00355,1,34.0,34.0,boxed,188,1
acc3_b16_g02,gsm8k,gsm8k_00767,1,60.0,60.0,boxed,134,1
acc3_b16_g02,gsm8k,gsm8k_00782,0,27.0,54.0,boxed,219,1
acc3_b16_g02,gsm8k,gsm8k_00563,1,12.0,12.0,boxed,175,1
acc3_b16_g02,gsm8k,gsm8k_00809,0,150.0,50.0,last-number,1024,0
acc3_b16_g02,gsm8k,gsm8k_01101,1,16.0,16.0,boxed,257,1
acc3_b16_g02,gsm8k,gsm8k_00799,1,4.0,4.0,boxed,153,1
acc3_b16_g02,gsm8k,gsm8k_00772,1,50.0,50.0,boxed,309,1
acc3_b16_g02,gsm8k,gsm8k_01197,1,2400.0,2400.0,boxed,252,1
acc3_b16_g02,gsm8k,gsm8k_01025,1,30.0,30.0,boxed,141,1
acc3_b16_g02,gsm8k,gsm8k_00237,1,90.0,90.0,boxed,83,1
acc3_b16_g02,gsm8k,gsm8k_00580,1,500.0,500.0,boxed,351,1
acc3_b16_g02,gsm8k,gsm8k_00358,1,20.0,20.0,boxed,163,1
acc3_b16_g02,gsm8k,gsm8k_00101,1,6.0,6.0,boxed,232,1
acc3_b16_g02,gsm8k,gsm8k_00901,0,2.0,1.0,boxed,193,1
acc3_b16_g02,gsm8k,gsm8k_01241,1,8.0,8.0,boxed,252,1
acc3_b16_g02,gsm8k,gsm8k_00641,0,378000.0,262500.0,boxed,212,1
acc3_b16_g02,gsm8k,gsm8k_00666,1,120.0,120.0,boxed,342,1
acc3_b16_g02,gsm8k,gsm8k_00328,1,2.0,2.0,boxed,163,1
acc3_b16_g02,gsm8k,gsm8k_00100,1,175.0,175.0,boxed,331,1
acc3_b16_g02,gsm8k,gsm8k_00428,1,26.0,26.0,boxed,898,1
acc3_b16_g02,gsm8k,gsm8k_00234,1,21.0,21.0,boxed,259,1
acc3_b16_g02,gsm8k,gsm8k_00547,1,81.0,81.0,boxed,382,1
acc3_b16_g02,gsm8k,gsm8k_01003,0,10.0,480.0,last-number,1024,0
acc3_b16_g02,gsm8k,gsm8k_00069,1,60.0,60.0,boxed,195,1
acc3_b16_g02,gsm8k,gsm8k_01221,1,10.0,10.0,boxed,257,1
acc3_b16_g02,gsm8k,gsm8k_00424,1,570.0,570.0,boxed,141,1
acc3_b16_g02,gsm8k,gsm8k_01317,1,5.0,5.0,boxed,340,1
acc3_b16_g02,gsm8k,gsm8k_00260,1,11.0,11.0,boxed,303,1
acc3_b16_g02,gsm8k,gsm8k_01231,1,70.0,70.0,boxed,203,1
acc3_b16_g02,gsm8k,gsm8k_00226,1,33.0,33.0,boxed,365,1
acc3_b16_g02,gsm8k,gsm8k_00127,1,120.0,120.0,boxed,194,1
acc3_b16_g02,gsm8k,gsm8k_00545,1,30.0,30.0,boxed,100,1
acc3_b16_g02,gsm8k,gsm8k_00469,1,4.0,4.0,boxed,147,1
acc3_b16_g02,gsm8k,gsm8k_01272,1,296.0,296.0,boxed,206,1
acc3_b16_g02,gsm8k,gsm8k_01026,1,43200.0,43200.0,boxed,280,1
acc3_b16_g02,gsm8k,gsm8k_00736,1,3.0,3.0,boxed,231,1
acc3_b16_g02,gsm8k,gsm8k_00167,1,16.0,16.0,boxed,359,1
acc3_b16_g02,gsm8k,gsm8k_00852,1,123.0,123.0,boxed,315,1
acc3_b16_g02,gsm8k,gsm8k_00333,1,100.0,100.0,boxed,192,1
acc3_b16_g02,gsm8k,gsm8k_00196,1,120.0,120.0,boxed,152,1
acc3_b16_g02,gsm8k,gsm8k_00201,1,114200.0,114200.0,boxed,228,1
acc3_b16_g02,gsm8k,gsm8k_00669,1,132.0,132.0,boxed,318,1
acc3_b16_g02,gsm8k,gsm8k_00693,1,68.0,68.0,boxed,278,1
acc3_b16_g02,gsm8k,gsm8k_00850,1,70.0,70.0,boxed,240,1
acc3_b16_g02,gsm8k,gsm8k_00009,1,460.0,460.0,boxed,235,1
acc3_b16_g02,gsm8k,gsm8k_00080,1,10.0,10.0,boxed,145,1
acc3_b16_g02,gsm8k,gsm8k_00620,1,1509.0,1509.0,boxed,197,1
acc3_b16_g02,gsm8k,gsm8k_01184,1,306.0,306.0,boxed,127,1
acc3_b16_g02,gsm8k,gsm8k_01116,1,60.0,60.0,boxed,180,1
acc3_b16_g02,gsm8k,gsm8k_00236,0,30.0,31.0,boxed,649,1
acc3_b16_g02,gsm8k,gsm8k_01190,1,19.0,19.0,boxed,477,1
acc3_b16_g02,gsm8k,gsm8k_00664,1,32.0,32.0,boxed,155,1
acc3_b16_g02,gsm8k,gsm8k_00978,1,160.0,160.0,boxed,194,1
acc3_b16_g02,gsm8k,gsm8k_00590,0,318.0,319.0,boxed,197,1
acc3_b16_g02,gsm8k,gsm8k_00956,1,1.0,1.0,boxed,199,1
acc3_b16_g02,gsm8k,gsm8k_00701,1,200.0,200.0,boxed,260,1
acc3_b16_g02,gsm8k,gsm8k_01140,1,27.0,27.0,boxed,226,1
acc3_b16_g02,gsm8k,gsm8k_00077,1,100.0,100.0,boxed,283,1
acc3_b16_g02,gsm8k,gsm8k_00008,1,45.0,45.0,boxed,636,1
acc3_b16_g02,gsm8k,gsm8k_00584,1,2.0,2.0,boxed,203,1
acc3_b16_g02,gsm8k,gsm8k_00622,1,7.0,7.0,boxed,292,1
acc3_b16_g02,gsm8k,gsm8k_00952,0,1800.0,360.0,boxed,267,1
acc3_b16_g02,gsm8k,gsm8k_00472,1,6.0,6.0,boxed,254,1
acc3_b16_g02,gsm8k,gsm8k_00683,1,50.0,50.0,boxed,450,1
acc3_b16_g02,gsm8k,gsm8k_00670,1,4.0,4.0,boxed,119,1
acc3_b16_g02,gsm8k,gsm8k_01206,1,40000.0,40000.0,boxed,170,1
acc3_b16_g02,gsm8k,gsm8k_00294,1,3.0,3.0,boxed,143,1
acc3_b16_g02,gsm8k,gsm8k_00833,1,40.0,40.0,boxed,433,1
acc3_b16_g02,gsm8k,gsm8k_01159,1,50.0,50.0,boxed,256,1
acc3_b16_g02,gsm8k,gsm8k_00214,1,8.0,8.0,boxed,541,1
acc3_b16_g02,gsm8k,gsm8k_00017,1,57500.0,57500.0,boxed,313,1
acc3_b16_g02,gsm8k,gsm8k_01146,1,16.0,16.0,boxed,362,1
acc3_b16_g02,gsm8k,gsm8k_00565,1,5.0,5.0,boxed,142,1
acc3_b16_g02,gsm8k,gsm8k_00963,1,147.0,147.0,boxed,529,1
acc3_b16_g02,gsm8k,gsm8k_01232,1,15.0,15.0,boxed,224,1
acc3_b16_g02,gsm8k,gsm8k_01258,1,60.0,60.0,boxed,198,1
acc3_b16_g02,gsm8k,gsm8k_01019,1,98.0,98.0,boxed,190,1
acc3_b16_g02,gsm8k,gsm8k_00433,1,6.0,6.0,boxed,152,1
acc3_b16_g02,gsm8k,gsm8k_01128,1,9.0,9.0,boxed,281,1
acc3_b16_g02,gsm8k,gsm8k_01040,1,736.0,736.0,boxed,272,1
acc3_b16_g02,gsm8k,gsm8k_01007,1,34.0,34.0,boxed,222,1
acc3_b16_g02,gsm8k,gsm8k_00818,1,16.0,16.0,boxed,216,1
acc3_b16_g02,gsm8k,gsm8k_00597,1,90.0,90.0,boxed,269,1
acc3_b16_g02,gsm8k,gsm8k_01085,1,26.0,26.0,boxed,170,1
acc3_b16_g02,gsm8k,gsm8k_01215,1,36.0,36.0,boxed,323,1
acc3_b16_g02,gsm8k,gsm8k_01230,1,440.0,440.0,boxed,213,1
acc3_b16_g02,gsm8k,gsm8k_01130,1,25.0,25.0,boxed,278,1
acc3_b16_g02,gsm8k,gsm8k_00406,0,160.0,200.0,boxed,266,1
acc3_b16_g02,gsm8k,gsm8k_01127,1,750.0,750.0,boxed,320,1
acc3_b16_g02,gsm8k,gsm8k_00975,1,20.0,20.0,boxed,259,1
acc3_b16_g02,gsm8k,gsm8k_00147,1,75.0,75.0,boxed,350,1
acc3_b16_g02,gsm8k,gsm8k_00409,0,42000.0,168000.0,boxed,240,1
acc3_b16_g02,gsm8k,gsm8k_01039,1,160.0,160.0,boxed,193,1
acc3_b16_g02,gsm8k,gsm8k_00694,1,9.0,9.0,boxed,243,1
acc3_b16_g02,gsm8k,gsm8k_01028,1,200.0,200.0,boxed,203,1
acc3_b16_g02,gsm8k,gsm8k_00091,1,28.0,28.0,boxed,226,1
acc3_b16_g02,gsm8k,gsm8k_00461,1,9.0,9.0,boxed,224,1
acc3_b16_g02,gsm8k,gsm8k_00863,1,110.0,110.0,boxed,232,1
acc3_b16_g02,gsm8k,gsm8k_01181,1,20.0,20.0,boxed,512,1
acc3_b16_g02,gsm8k,gsm8k_00252,1,73.0,73.0,boxed,301,1
acc3_b16_g02,gsm8k,gsm8k_00609,1,7.0,7.0,boxed,115,1
acc3_b16_g02,gsm8k,gsm8k_00828,1,60.0,60.0,boxed,179,1
acc3_b16_g02,gsm8k,gsm8k_01143,1,300.0,300.0,boxed,169,1
acc3_b16_g02,gsm8k,gsm8k_01054,1,2400.0,2400.0,boxed,124,1
acc3_b16_g02,gsm8k,gsm8k_01311,1,594.0,594.0,boxed,191,1
acc3_b16_g02,gsm8k,gsm8k_01089,1,32.0,32.0,boxed,142,1
acc3_b16_g02,gsm8k,gsm8k_00536,1,8.0,8.0,boxed,95,1
acc3_b16_g02,gsm8k,gsm8k_01202,0,13.0,19.0,boxed,197,1
acc3_b16_g02,gsm8k,gsm8k_00324,1,14.0,14.0,boxed,528,1
acc3_b16_g02,gsm8k,gsm8k_01201,1,42.0,42.0,boxed,201,1
acc3_b16_g02,gsm8k,gsm8k_00142,1,140.0,140.0,boxed,143,1
acc3_b16_g02,gsm8k,gsm8k_01305,1,2325.0,2325.0,boxed,248,1
acc3_b16_g02,gsm8k,gsm8k_00007,1,160.0,160.0,boxed,258,1
acc3_b16_g02,gsm8k,gsm8k_00626,1,72.0,72.0,boxed,252,1
acc3_b16_g02,gsm8k,gsm8k_00681,1,298.0,298.0,boxed,460,1
acc3_b16_g02,gsm8k,gsm8k_00491,1,16.0,16.0,boxed,97,1
acc3_b16_g02,gsm8k,gsm8k_00233,1,12.0,12.0,boxed,186,1
acc3_b16_g02,gsm8k,gsm8k_00642,1,10800.0,10800.0,boxed,264,1
acc3_b16_g02,gsm8k,gsm8k_01183,1,11.0,11.0,boxed,257,1
acc3_b16_g02,gsm8k,gsm8k_00720,1,4.0,4.0,boxed,156,1
acc3_b16_g02,gsm8k,gsm8k_00538,1,18.0,18.0,boxed,207,1
acc3_b16_g02,gsm8k,gsm8k_00474,1,80.0,80.0,boxed,206,1
acc3_b16_g02,gsm8k,gsm8k_01137,1,68.0,68.0,boxed,360,1
acc3_b16_g02,gsm8k,gsm8k_01255,1,12.0,12.0,boxed,293,1
acc3_b16_g02,gsm8k,gsm8k_00808,1,12.0,12.0,boxed,260,1
acc3_b16_g02,gsm8k,gsm8k_00421,1,12.0,12.0,boxed,180,1
acc3_b16_g02,gsm8k,gsm8k_00330,1,31.0,31.0,boxed,219,1
acc3_b16_g02,gsm8k,gsm8k_00715,1,385000.0,385000.0,boxed,321,1
acc3_b16_g02,gsm8k,gsm8k_00539,0,30.0,35.0,boxed,101,1
acc3_b16_g02,gsm8k,gsm8k_00210,1,10.0,10.0,boxed,364,1
acc3_b16_g02,gsm8k,gsm8k_00549,1,398.0,398.0,boxed,163,1
acc3_b16_g02,gsm8k,gsm8k_01044,1,1.0,1.0,boxed,140,1
acc3_b16_g02,gsm8k,gsm8k_00792,1,75.0,75.0,boxed,116,1
acc3_b16_g02,gsm8k,gsm8k_01033,1,2.0,2.0,boxed,187,1
acc3_b16_g02,gsm8k,gsm8k_00157,0,280.0,80.0,boxed,246,1
acc3_b16_g02,gsm8k,gsm8k_01237,1,78.0,78.0,boxed,91,1
acc3_b16_g02,gsm8k,gsm8k_00104,1,500.0,500.0,boxed,368,1
acc3_b16_g02,gsm8k,gsm8k_01048,0,9858.38,7400.0,boxed,479,1
acc3_b16_g02,gsm8k,gsm8k_00493,1,25.0,25.0,boxed,239,1
acc3_b16_g02,gsm8k,gsm8k_00254,1,84.0,84.0,boxed,236,1
acc3_b16_g02,gsm8k,gsm8k_01153,1,20.0,20.0,boxed,237,1
acc3_b16_g02,gsm8k,gsm8k_00672,1,2.0,2.0,boxed,920,1
acc3_b16_g02,gsm8k,gsm8k_00028,1,25.0,25.0,boxed,175,1
acc3_b16_g02,gsm8k,gsm8k_00796,0,3120000.0,2880000.0,boxed,216,1
acc3_b16_g02,gsm8k,gsm8k_00151,1,5.0,5.0,boxed,161,1
acc3_b16_g02,gsm8k,gsm8k_00831,1,324.0,324.0,boxed,313,1
acc3_b16_g02,gsm8k,gsm8k_00434,1,5.0,5.0,boxed,909,1
acc3_b16_g02,gsm8k,gsm8k_00895,1,74.0,74.0,boxed,198,1
acc3_b16_g02,gsm8k,gsm8k_01267,0,80.0,40.0,boxed,204,1
acc3_b16_g02,gsm8k,gsm8k_01014,1,3.0,3.0,boxed,242,1
acc3_b16_g02,gsm8k,gsm8k_00173,1,18000.0,18000.0,boxed,203,1
acc3_b16_g02,gsm8k,gsm8k_00716,1,770.0,770.0,boxed,198,1
acc3_b16_g02,gsm8k,gsm8k_01029,1,34.0,34.0,boxed,341,1
acc3_b16_g02,gsm8k,gsm8k_00729,1,1000.0,1000.0,boxed,644,1
acc3_b16_g02,gsm8k,gsm8k_00228,1,1.0,1.0,boxed,272,1
acc3_b16_g02,gsm8k,gsm8k_00480,1,11.0,11.0,boxed,220,1
acc3_b16_g02,gsm8k,gsm8k_00048,1,8.0,8.0,boxed,130,1
acc3_b16_g02,gsm8k,gsm8k_00225,1,9.0,9.0,boxed,204,1
acc3_b16_g02,gsm8k,gsm8k_01279,1,180.0,180.0,boxed,164,1
acc3_b16_g02,gsm8k,gsm8k_01103,1,90.0,90.0,boxed,366,1
acc3_b16_g02,gsm8k,gsm8k_00941,1,842.0,842.0,boxed,217,1
acc3_b16_g02,mmlu,mmlu_05153,1,B,B,boxed,334,1
acc3_b16_g02,mmlu,mmlu_01116,1,D,D,boxed,383,1
acc3_b16_g02,mmlu,mmlu_11789,1,A,A,boxed,538,1
acc3_b16_g02,mmlu,mmlu_04661,1,D,D,boxed,268,1
acc3_b16_g02,mmlu,mmlu_12722,1,A,A,boxed,242,1
acc3_b16_g02,mmlu,mmlu_13049,1,B,B,boxed,152,1
acc3_b16_g02,mmlu,mmlu_09320,0,B,A,boxed,189,1
acc3_b16_g02,mmlu,mmlu_08147,1,B,B,boxed,674,1
acc3_b16_g02,mmlu,mmlu_13223,0,A,D,boxed,551,1
acc3_b16_g02,mmlu,mmlu_13296,1,B,B,boxed,303,1
acc3_b16_g02,mmlu,mmlu_09368,1,B,B,boxed,160,1
acc3_b16_g02,mmlu,mmlu_03514,1,B,B,boxed,280,1
acc3_b16_g02,mmlu,mmlu_02514,1,C,C,boxed,838,1
acc3_b16_g02,mmlu,mmlu_00574,1,B,B,boxed,247,1
acc3_b16_g02,mmlu,mmlu_10789,0,A,C,boxed,979,1
acc3_b16_g02,mmlu,mmlu_00968,0,B,A,boxed,88,1
acc3_b16_g02,mmlu,mmlu_10095,1,A,A,boxed,304,1
acc3_b16_g02,mmlu,mmlu_05720,1,C,C,boxed,349,1
acc3_b16_g02,mmlu,mmlu_02848,1,A,A,boxed,369,1
acc3_b16_g02,mmlu,mmlu_05061,1,A,A,boxed,185,1
acc3_b16_g02,mmlu,mmlu_00289,1,D,D,boxed,308,1
acc3_b16_g02,mmlu,mmlu_01638,0,A,D,boxed,320,1
acc3_b16_g02,mmlu,mmlu_00847,1,B,B,boxed,585,1
acc3_b16_g02,mmlu,mmlu_12320,0,A,D,boxed,281,1
acc3_b16_g02,mmlu,mmlu_04379,1,C,C,boxed,229,1
acc3_b16_g02,mmlu,mmlu_11251,0,A,C,boxed,616,1
acc3_b16_g02,mmlu,mmlu_07643,1,D,D,boxed,116,1
acc3_b16_g02,mmlu,mmlu_10737,1,A,A,boxed,537,1
acc3_b16_g02,mmlu,mmlu_02401,1,B,B,boxed,134,1
acc3_b16_g02,mmlu,mmlu_00499,0,D,B,boxed,322,1
acc3_b16_g02,mmlu,mmlu_05701,1,D,D,boxed,372,1
acc3_b16_g02,mmlu,mmlu_08845,0,C,D,boxed,233,1
acc3_b16_g02,mmlu,mmlu_01453,1,A,A,boxed,748,1
acc3_b16_g02,mmlu,mmlu_04201,1,C,C,boxed,379,1
acc3_b16_g02,mmlu,mmlu_01697,1,C,C,boxed,425,1
acc3_b16_g02,mmlu,mmlu_07951,1,D,D,boxed,66,1
acc3_b16_g02,mmlu,mmlu_00894,1,B,B,boxed,382,1
acc3_b16_g02,mmlu,mmlu_04119,1,A,A,boxed,529,1
acc3_b16_g02,mmlu,mmlu_01238,1,D,D,boxed,300,1
acc3_b16_g02,mmlu,mmlu_01824,1,D,D,boxed,939,1
acc3_b16_g02,mmlu,mmlu_07442,1,B,B,boxed,91,1
acc3_b16_g02,mmlu,mmlu_03700,1,D,D,boxed,219,1
acc3_b16_g02,mmlu,mmlu_13456,0,A,B,boxed,321,1
acc3_b16_g02,mmlu,mmlu_02089,1,B,B,boxed,143,1
acc3_b16_g02,mmlu,mmlu_01778,1,B,B,boxed,465,1
acc3_b16_g02,mmlu,mmlu_12805,1,C,C,boxed,337,1
acc3_b16_g02,mmlu,mmlu_09002,0,A,D,boxed,248,1
acc3_b16_g02,mmlu,mmlu_07127,1,C,C,boxed,237,1
acc3_b16_g02,mmlu,mmlu_09187,0,B,D,boxed,210,1
acc3_b16_g02,mmlu,mmlu_06226,1,D,D,boxed,245,1
acc3_b16_g02,mmlu,mmlu_03391,1,D,D,boxed,276,1
acc3_b16_g02,mmlu,mmlu_11756,0,A,B,boxed,446,1
acc3_b16_g02,mmlu,mmlu_08371,1,D,D,boxed,445,1
acc3_b16_g02,mmlu,mmlu_06779,1,A,A,boxed,293,1
acc3_b16_g02,mmlu,mmlu_11645,1,C,C,boxed,371,1
acc3_b16_g02,mmlu,mmlu_07136,0,A,C,boxed,216,1
acc3_b16_g02,mmlu,mmlu_11526,0,D,B,boxed,666,1
acc3_b16_g02,mmlu,mmlu_00353,1,A,A,boxed,436,1
acc3_b16_g02,mmlu,mmlu_00782,1,A,A,boxed,218,1
acc3_b16_g02,mmlu,mmlu_07799,1,B,B,boxed,136,1
acc3_b16_g02,mmlu,mmlu_06047,0,A,B,boxed,611,1
acc3_b16_g02,mmlu,mmlu_01120,0,A,B,boxed,395,1
acc3_b16_g02,mmlu,mmlu_08988,1,B,B,boxed,153,1
acc3_b16_g02,mmlu,mmlu_07300,1,A,A,boxed,307,1
acc3_b16_g02,mmlu,mmlu_05781,0,B,A,boxed,430,1
acc3_b16_g02,mmlu,mmlu_07741,0,A,B,boxed,314,1
acc3_b16_g02,mmlu,mmlu_09769,1,C,C,boxed,321,1
acc3_b16_g02,mmlu,mmlu_06846,1,C,C,boxed,148,1
acc3_b16_g02,mmlu,mmlu_09163,0,B,A,boxed,183,1
acc3_b16_g02,mmlu,mmlu_06200,1,A,A,boxed,254,1
acc3_b16_g02,mmlu,mmlu_09822,0,A,C,boxed,287,1
acc3_b16_g02,mmlu,mmlu_07145,1,C,C,boxed,153,1
acc3_b16_g02,mmlu,mmlu_07681,1,C,C,boxed,108,1
acc3_b16_g02,mmlu,mmlu_02014,0,A,C,boxed,151,1
acc3_b16_g02,mmlu,mmlu_09671,1,D,D,boxed,208,1
acc3_b16_g02,mmlu,mmlu_08129,1,C,C,boxed,147,1
acc3_b16_g02,mmlu,mmlu_09835,1,C,C,boxed,326,1
acc3_b16_g02,mmlu,mmlu_10646,1,C,C,boxed,452,1
acc3_b16_g02,mmlu,mmlu_05580,1,D,D,boxed,419,1
acc3_b16_g02,mmlu,mmlu_04187,0,C,A,boxed,385,1
acc3_b16_g02,mmlu,mmlu_09489,1,B,B,boxed,275,1
acc3_b16_g02,mmlu,mmlu_05266,1,D,D,boxed,235,1
acc3_b16_g02,mmlu,mmlu_03312,1,A,A,boxed,296,1
acc3_b16_g02,mmlu,mmlu_07535,0,A,B,boxed,132,1
acc3_b16_g02,mmlu,mmlu_00563,1,B,B,boxed,432,1
acc3_b16_g02,mmlu,mmlu_03099,1,C,C,boxed,187,1
acc3_b16_g02,mmlu,mmlu_03770,1,A,A,boxed,240,1
acc3_b16_g02,mmlu,mmlu_10766,0,A,C,boxed,508,1
acc3_b16_g02,mmlu,mmlu_06727,1,D,D,boxed,224,1
acc3_b16_g02,mmlu,mmlu_08317,1,D,D,boxed,431,1
acc3_b16_g02,mmlu,mmlu_07206,1,B,B,boxed,169,1
acc3_b16_g02,mmlu,mmlu_11705,0,C,B,boxed,575,1
acc3_b16_g02,mmlu,mmlu_05950,1,B,B,boxed,214,1
acc3_b16_g02,mmlu,mmlu_13412,1,A,A,boxed,367,1
acc3_b16_g02,mmlu,mmlu_10590,0,C,A,boxed,286,1
acc3_b16_g02,mmlu,mmlu_11627,1,B,B,boxed,601,1
acc3_b16_g02,mmlu,mmlu_10377,1,B,B,boxed,301,1
acc3_b16_g02,mmlu,mmlu_07031,1,D,D,boxed,284,1
acc3_b16_g02,mmlu,mmlu_09876,1,A,A,boxed,356,1
acc3_b16_g02,mmlu,mmlu_00805,0,D,A,boxed,491,1
acc3_b16_g02,mmlu,mmlu_09016,1,B,B,boxed,199,1
acc3_b16_g02,mmlu,mmlu_12878,0,A,B,boxed,225,1
acc3_b16_g02,mmlu,mmlu_13246,1,D,D,boxed,267,1
acc3_b16_g02,mmlu,mmlu_12983,0,B,D,boxed,437,1
acc3_b16_g02,mmlu,mmlu_07789,1,A,A,boxed,142,1
acc3_b16_g02,mmlu,mmlu_04936,1,D,D,boxed,329,1
acc3_b16_g02,mmlu,mmlu_11288,0,A,B,boxed,503,1
acc3_b16_g02,mmlu,mmlu_09084,0,C,D,boxed,246,1
acc3_b16_g02,mmlu,mmlu_01055,1,D,D,boxed,603,1
acc3_b16_g02,mmlu,mmlu_01738,0,A,D,boxed,258,1
acc3_b16_g02,mmlu,mmlu_03045,1,B,B,boxed,278,1
acc3_b16_g02,mmlu,mmlu_05177,1,B,B,boxed,245,1
acc3_b16_g02,mmlu,mmlu_01249,1,C,C,boxed,261,1
acc3_b16_g02,mmlu,mmlu_07246,1,C,C,boxed,182,1
acc3_b16_g02,mmlu,mmlu_04096,1,A,A,boxed,451,1
acc3_b16_g02,mmlu,mmlu_11825,0,A,B,boxed,628,1
acc3_b16_g02,mmlu,mmlu_05878,1,A,A,boxed,266,1
acc3_b16_g02,mmlu,mmlu_11697,1,A,A,boxed,327,1
acc3_b16_g02,mmlu,mmlu_09214,1,D,D,boxed,196,1
acc3_b16_g02,mmlu,mmlu_02732,0,B,C,boxed,177,1
acc3_b16_g02,mmlu,mmlu_03737,1,C,C,boxed,289,1
acc3_b16_g02,mmlu,mmlu_09324,1,B,B,boxed,271,1
acc3_b16_g02,mmlu,mmlu_09006,0,B,D,boxed,227,1
acc3_b16_g02,mmlu,mmlu_03459,1,A,A,boxed,201,1
acc3_b16_g02,mmlu,mmlu_02228,1,D,D,boxed,912,1
acc3_b16_g02,mmlu,mmlu_07022,1,C,C,boxed,194,1
acc3_b16_g02,mmlu,mmlu_09518,1,C,C,boxed,238,1
acc3_b16_g02,mmlu,mmlu_12024,1,C,C,boxed,453,1
acc3_b16_g02,mmlu,mmlu_01897,1,A,A,boxed,357,1
acc3_b16_g02,mmlu,mmlu_10082,0,A,D,boxed,523,1
acc3_b16_g02,mmlu,mmlu_13987,0,A,C,boxed,302,1
acc3_b16_g02,mmlu,mmlu_11707,1,B,B,boxed,624,1
acc3_b16_g02,mmlu,mmlu_05795,1,C,C,boxed,343,1
acc3_b16_g02,mmlu,mmlu_07323,1,B,B,boxed,326,1
acc3_b16_g02,mmlu,mmlu_07858,1,B,B,boxed,198,1
acc3_b16_g02,mmlu,mmlu_08263,1,B,B,boxed,350,1
acc3_b16_g02,mmlu,mmlu_06333,0,A,B,boxed,221,1
acc3_b16_g02,mmlu,mmlu_02662,1,B,B,boxed,210,1
acc3_b16_g02,mmlu,mmlu_02591,1,D,D,boxed,173,1
acc3_b16_g02,mmlu,mmlu_02638,0,C,B,boxed,56,1
acc3_b16_g02,mmlu,mmlu_12905,1,A,A,boxed,200,1
acc3_b16_g02,mmlu,mmlu_04044,0,D,A,boxed,192,1
acc3_b16_g02,mmlu,mmlu_08554,1,B,B,boxed,183,1
acc3_b16_g02,mmlu,mmlu_01523,1,A,A,boxed,149,1
acc3_b16_g02,mmlu,mmlu_13314,1,D,D,boxed,360,1
acc3_b16_g02,mmlu,mmlu_13190,0,D,C,boxed,589,1
acc3_b16_g02,mmlu,mmlu_09686,0,C,D,boxed,325,1
acc3_b16_g02,mmlu,mmlu_04770,0,D,C,boxed,255,1
acc3_b16_g02,mmlu,mmlu_05524,0,B,D,boxed,358,1
acc3_b16_g02,mmlu,mmlu_04625,1,D,D,boxed,293,1
acc3_b16_g02,mmlu,mmlu_00325,0,A,D,trailing-letter,1024,0
acc3_b16_g02,mmlu,mmlu_11027,1,A,A,boxed,602,1
acc3_b16_g02,mmlu,mmlu_08617,0,B,C,boxed,169,1
acc3_b16_g02,mmlu,mmlu_10980,0,B,A,boxed,503,1
acc3_b16_g02,mmlu,mmlu_10786,0,B,D,boxed,409,1
acc3_b16_g02,mmlu,mmlu_02098,1,C,C,boxed,297,1
acc3_b16_g02,mmlu,mmlu_07449,1,A,A,boxed,217,1
acc3_b16_g02,mmlu,mmlu_04499,0,B,C,boxed,515,1
acc3_b16_g02,mmlu,mmlu_04462,1,D,D,boxed,235,1
acc3_b16_g02,mmlu,mmlu_10761,1,A,A,boxed,624,1
acc3_b16_g02,mmlu,mmlu_12628,1,A,A,boxed,382,1
acc3_b16_g02,mmlu,mmlu_13773,0,A,B,boxed,343,1
acc3_b16_g02,mmlu,mmlu_05206,1,D,D,boxed,387,1
acc3_b16_g02,mmlu,mmlu_09710,1,D,D,boxed,238,1
acc3_b16_g02,mmlu,mmlu_10997,1,A,A,boxed,486,1
acc3_b16_g02,mmlu,mmlu_07644,1,C,C,boxed,146,1
acc3_b16_g02,mmlu,mmlu_10167,0,A,B,boxed,355,1
acc3_b16_g02,mmlu,mmlu_07819,1,A,A,boxed,165,1
acc3_b16_g02,mmlu,mmlu_08043,1,C,C,boxed,168,1
acc3_b16_g02,mmlu,mmlu_13871,1,D,D,boxed,150,1
acc3_b16_g02,mmlu,mmlu_12056,0,C,B,boxed,328,1
acc3_b16_g02,mmlu,mmlu_00207,0,A,D,boxed,300,1
acc3_b16_g02,mmlu,mmlu_03054,1,B,B,boxed,319,1
acc3_b16_g02,mmlu,mmlu_02331,0,D,B,boxed,176,1
acc3_b16_g02,mmlu,mmlu_10523,0,C,B,boxed,404,1
acc3_b16_g02,mmlu,mmlu_02978,1,B,B,boxed,345,1
acc3_b16_g02,mmlu,mmlu_05196,0,B,A,boxed,312,1
acc3_b16_g02,mmlu,mmlu_04621,1,D,D,boxed,228,1
acc3_b16_g02,mmlu,mmlu_07293,1,C,C,boxed,177,1
acc3_b16_g02,mmlu,mmlu_10258,0,B,D,boxed,276,1
acc3_b16_g02,mmlu,mmlu_03090,1,A,A,boxed,528,1
acc3_b16_g02,mmlu,mmlu_01355,0,D,C,boxed,220,1
acc3_b16_g02,mmlu,mmlu_09406,1,A,A,boxed,197,1
acc3_b16_g02,mmlu,mmlu_02593,1,D,D,boxed,314,1
acc3_b16_g02,mmlu,mmlu_01064,1,B,B,boxed,331,1
acc3_b16_g02,mmlu,mmlu_07339,0,A,B,boxed,359,1
acc3_b16_g02,mmlu,mmlu_03476,1,A,A,boxed,186,1
acc3_b16_g02,mmlu,mmlu_08362,0,A,D,boxed,449,1
acc3_b16_g02,mmlu,mmlu_07116,1,A,A,boxed,265,1
acc3_b16_g02,mmlu,mmlu_00997,0,D,C,trailing-letter,1024,0
acc3_b16_g02,mmlu,mmlu_07587,1,A,A,boxed,73,1
acc3_b16_g02,mmlu,mmlu_12401,1,C,C,boxed,478,1
acc3_b16_g02,mmlu,mmlu_11387,0,C,D,boxed,836,1
acc3_b16_g02,mmlu,mmlu_05246,1,B,B,boxed,208,1
acc3_b16_g02,mmlu,mmlu_14037,1,A,A,boxed,276,1
acc3_b16_g02,mmlu,mmlu_11854,0,B,D,boxed,545,1
acc3_b16_g02,mmlu,mmlu_09473,1,C,C,boxed,186,1
acc3_b16_g02,mmlu,mmlu_03765,1,D,D,boxed,222,1
acc3_b16_g02,mmlu,mmlu_06894,0,A,B,boxed,338,1
acc3_b16_g02,mmlu,mmlu_04079,1,B,B,boxed,285,1
acc3_b16_g02,mmlu,mmlu_00726,0,D,C,boxed,220,1
acc3_b16_g02,mmlu,mmlu_02189,1,B,B,boxed,163,1
acc3_b16_g02,mmlu,mmlu_00880,1,C,C,boxed,348,1
acc3_b16_g02,mmlu,mmlu_02124,1,B,B,boxed,297,1
acc3_b16_g02,mmlu,mmlu_07905,1,A,A,boxed,148,1
acc3_b16_g02,mmlu,mmlu_00837,1,D,D,boxed,226,1
acc3_b16_g02,mmlu,mmlu_07502,1,D,D,boxed,380,1
acc3_b16_g02,mmlu,mmlu_08264,1,C,C,boxed,332,1
acc3_b16_g02,mmlu,mmlu_09474,1,C,C,boxed,258,1
acc3_b16_g02,mmlu,mmlu_10302,0,B,A,boxed,222,1
acc3_b16_g02,mmlu,mmlu_12050,1,D,D,boxed,557,1
acc3_b16_g02,mmlu,mmlu_02384,1,A,A,boxed,404,1
acc3_b16_g02,mmlu,mmlu_02515,1,A,A,boxed,434,1
acc3_b16_g02,mmlu,mmlu_09636,1,D,D,boxed,139,1
acc3_b16_g02,mmlu,mmlu_00908,0,C,A,trailing-letter,1024,0
acc3_b16_g02,mmlu,mmlu_13824,1,D,D,boxed,193,1
acc3_b16_g02,mmlu,mmlu_07304,1,D,D,boxed,71,1
acc3_b16_g02,mmlu,mmlu_04871,0,A,C,boxed,260,1
acc3_b16_g02,mmlu,mmlu_13690,0,A,C,boxed,225,1
acc3_b16_g02,mmlu,mmlu_06471,1,A,A,boxed,333,1
acc3_b16_g02,mmlu,mmlu_06208,1,B,B,boxed,257,1
acc3_b16_g02,mmlu,mmlu_02710,1,D,D,boxed,247,1
acc3_b16_g02,mmlu,mmlu_13316,0,C,D,boxed,516,1
acc3_b16_g02,mmlu,mmlu_09938,1,D,D,boxed,287,1
acc3_b16_g02,mmlu,mmlu_03615,1,D,D,boxed,191,1
acc3_b16_g02,mmlu,mmlu_10299,1,B,B,boxed,421,1
acc3_b16_g02,mmlu,mmlu_04737,1,A,A,boxed,262,1
acc3_b16_g02,mmlu,mmlu_02474,0,D,A,boxed,723,1
acc3_b16_g02,mmlu,mmlu_10884,0,B,C,boxed,769,1
acc3_b16_g02,mmlu,mmlu_06478,1,D,D,boxed,375,1
acc3_b16_g02,mmlu,mmlu_04416,1,B,B,boxed,208,1
acc3_b16_g02,mmlu,mmlu_03852,1,A,A,boxed,316,1
acc3_b16_g02,mmlu,mmlu_03862,1,B,B,boxed,267,1
acc3_b16_g02,mmlu,mmlu_06190,0,A,C,boxed,187,1
acc3_b16_g02,mmlu,mmlu_06767,1,B,B,boxed,357,1
acc3_b16_g02,mmlu,mmlu_13393,0,A,C,boxed,169,1
acc3_b16_g02,mmlu,mmlu_11058,0,D,C,boxed,337,1
acc3_b16_g02,mmlu,mmlu_08796,1,D,D,boxed,186,1
acc3_b16_g02,mmlu,mmlu_01770,1,B,B,boxed,191,1
acc3_b16_g02,mmlu,mmlu_10355,0,A,D,boxed,480,1
acc3_b16_g02,mmlu,mmlu_06674,1,C,C,boxed,218,1
acc3_b16_g02,mmlu,mmlu_13884,1,B,B,boxed,302,1
acc3_b16_g02,mmlu,mmlu_07035,1,C,C,boxed,187,1
acc3_b16_g02,mmlu,mmlu_03617,1,D,D,boxed,210,1
acc3_b16_g02,mmlu,mmlu_01601,1,B,B,boxed,210,1
acc3_b16_g02,mmlu,mmlu_11586,0,A,B,boxed,425,1
acc3_b16_g02,mmlu,mmlu_05983,1,A,A,boxed,395,1
acc3_b16_g02,mmlu,mmlu_00613,1,A,A,boxed,185,1
acc3_b16_g02,mmlu,mmlu_10614,1,A,A,boxed,274,1
acc3_b16_g02,mmlu,mmlu_07220,1,C,C,boxed,225,1
acc3_b16_g03,gsm8k,gsm8k_00908,1,14.0,14.0,boxed,151,1
acc3_b16_g03,gsm8k,gsm8k_01021,1,36.0,36.0,boxed,269,1
acc3_b16_g03,gsm8k,gsm8k_00965,1,374.0,374.0,boxed,410,1
acc3_b16_g03,gsm8k,gsm8k_00539,1,35.0,35.0,boxed,122,1
acc3_b16_g03,gsm8k,gsm8k_01043,1,130000.0,130000.0,boxed,159,1
acc3_b16_g03,gsm8k,gsm8k_00009,1,460.0,460.0,boxed,235,1
acc3_b16_g03,gsm8k,gsm8k_00549,1,398.0,398.0,boxed,163,1
acc3_b16_g03,gsm8k,gsm8k_01317,1,5.0,5.0,boxed,340,1
acc3_b16_g03,gsm8k,gsm8k_00330,1,31.0,31.0,boxed,219,1
acc3_b16_g03,gsm8k,gsm8k_00772,1,50.0,50.0,boxed,309,1
acc3_b16_g03,gsm8k,gsm8k_01232,1,15.0,15.0,boxed,158,1
acc3_b16_g03,gsm8k,gsm8k_01202,0,13.0,19.0,boxed,197,1
acc3_b16_g03,gsm8k,gsm8k_01184,1,306.0,306.0,boxed,127,1
acc3_b16_g03,gsm8k,gsm8k_00735,1,50.0,50.0,boxed,234,1
acc3_b16_g03,gsm8k,gsm8k_00963,1,147.0,147.0,boxed,529,1
acc3_b16_g03,gsm8k,gsm8k_01026,1,43200.0,43200.0,boxed,280,1
acc3_b16_g03,gsm8k,gsm8k_00694,1,9.0,9.0,boxed,243,1
acc3_b16_g03,gsm8k,gsm8k_01089,1,32.0,32.0,boxed,142,1
acc3_b16_g03,gsm8k,gsm8k_00233,1,12.0,12.0,boxed,186,1
acc3_b16_g03,gsm8k,gsm8k_00237,1,90.0,90.0,boxed,83,1
acc3_b16_g03,gsm8k,gsm8k_00424,1,570.0,570.0,boxed,141,1
acc3_b16_g03,gsm8k,gsm8k_00381,1,67.0,67.0,boxed,238,1
acc3_b16_g03,gsm8k,gsm8k_00151,1,5.0,5.0,boxed,161,1
acc3_b16_g03,gsm8k,gsm8k_00597,1,90.0,90.0,boxed,269,1
acc3_b16_g03,gsm8k,gsm8k_00030,1,109.0,109.0,boxed,206,1
acc3_b16_g03,gsm8k,gsm8k_00214,1,8.0,8.0,boxed,489,1
acc3_b16_g03,gsm8k,gsm8k_00808,1,12.0,12.0,boxed,257,1
acc3_b16_g03,gsm8k,gsm8k_00451,1,11050.0,11050.0,boxed,273,1
acc3_b16_g03,gsm8k,gsm8k_00715,1,385000.0,385000.0,boxed,320,1
acc3_b16_g03,gsm8k,gsm8k_00493,1,25.0,25.0,boxed,239,1
acc3_b16_g03,gsm8k,gsm8k_00536,1,8.0,8.0,boxed,95,1
acc3_b16_g03,gsm8k,gsm8k_00196,1,120.0,120.0,boxed,152,1
acc3_b16_g03,gsm8k,gsm8k_00428,0,54.0,26.0,last-number,1024,0
acc3_b16_g03,gsm8k,gsm8k_00683,1,50.0,50.0,boxed,434,1
acc3_b16_g03,gsm8k,gsm8k_00358,1,20.0,20.0,boxed,165,1
acc3_b16_g03,gsm8k,gsm8k_00554,1,54.0,54.0,boxed,311,1
acc3_b16_g03,gsm8k,gsm8k_00831,1,324.0,324.0,boxed,313,1
acc3_b16_g03,gsm8k,gsm8k_00067,1,595.0,595.0,boxed,218,1
acc3_b16_g03,gsm8k,gsm8k_01272,1,296.0,296.0,boxed,206,1
acc3_b16_g03,gsm8k,gsm8k_00234,1,21.0,21.0,boxed,259,1
acc3_b16_g03,gsm8k,gsm8k_01029,1,34.0,34.0,boxed,330,1
acc3_b16_g03,gsm8k,gsm8k_01310,1,64.0,64.0,boxed,409,1
acc3_b16_g03,gsm8k,gsm8k_00767,1,60.0,60.0,boxed,174,1
acc3_b16_g03,gsm8k,gsm8k_00962,0,600.0,1000.0,boxed,182,1
acc3_b16_g03,gsm8k,gsm8k_01140,1,27.0,27.0,boxed,226,1
acc3_b16_g03,gsm8k,gsm8k_01000,1,1.0,1.0,boxed,314,1
acc3_b16_g03,gsm8k,gsm8k_00058,1,57.0,57.0,boxed,152,1
acc3_b16_g03,gsm8k,gsm8k_00547,1,81.0,81.0,boxed,382,1
acc3_b16_g03,gsm8k,gsm8k_00474,1,80.0,80.0,boxed,206,1
acc3_b16_g03,gsm8k,gsm8k_00100,1,175.0,175.0,boxed,324,1
acc3_b16_g03,gsm8k,gsm8k_00681,1,298.0,298.0,boxed,460,1
acc3_b16_g03,gsm8k,gsm8k_00693,1,68.0,68.0,boxed,278,1
acc3_b16_g03,gsm8k,gsm8k_00778,1,38.0,38.0,boxed,247,1
acc3_b16_g03,gsm8k,gsm8k_00044,1,20.0,20.0,boxed,255,1
acc3_b16_g03,gsm8k,gsm8k_01255,1,12.0,12.0,boxed,293,1
acc3_b16_g03,gsm8k,gsm8k_00157,0,280.0,80.0,boxed,246,1
acc3_b16_g03,gsm8k,gsm8k_01044,1,1.0,1.0,boxed,140,1
acc3_b16_g03,gsm8k,gsm8k_01130,1,25.0,25.0,boxed,278,1
acc3_b16_g03,gsm8k,gsm8k_00142,1,140.0,140.0,boxed,143,1
acc3_b16_g03,gsm8k,gsm8k_01040,1,736.0,736.0,boxed,272,1
acc3_b16_g03,gsm8k,gsm8k_01267,0,80.0,40.0,boxed,204,1
acc3_b16_g03,gsm8k,gsm8k_01019,1,98.0,98.0,boxed,190,1
acc3_b16_g03,gsm8k,gsm8k_00191,1,5.0,5.0,boxed,144,1
acc3_b16_g03,gsm8k,gsm8k_01207,1,64.0,64.0,boxed,182,1
acc3_b16_g03,gsm8k,gsm8k_00491,1,16.0,16.0,boxed,108,1
acc3_b16_g03,gsm8k,gsm8k_00017,1,57500.0,57500.0,boxed,313,1
acc3_b16_g03,gsm8k,gsm8k_00642,1,10800.0,10800.0,boxed,265,1
acc3_b16_g03,gsm8k,gsm8k_00127,1,120.0,120.0,boxed,190,1
acc3_b16_g03,gsm8k,gsm8k_00187,0,106.12,106.0,boxed,199,1
acc3_b16_g03,gsm8k,gsm8k_01206,1,40000.0,40000.0,boxed,170,1
acc3_b16_g03,gsm8k,gsm8k_01285,1,1218.0,1218.0,boxed,139,1
acc3_b16_g03,gsm8k,gsm8k_00978,1,160.0,160.0,boxed,194,1
acc3_b16_g03,gsm8k,gsm8k_01028,1,200.0,200.0,boxed,203,1
acc3_b16_g03,gsm8k,gsm8k_01178,1,17.0,17.0,boxed,137,1
acc3_b16_g03,gsm8k,gsm8k_00701,1,200.0,200.0,boxed,260,1
acc3_b16_g03,gsm8k,gsm8k_00788,1,100.0,100.0,boxed,137,1
acc3_b16_g03,gsm8k,gsm8k_00792,1,75.0,75.0,boxed,116,1
acc3_b16_g03,gsm8k,gsm8k_00563,1,12.0,12.0,boxed,176,1
acc3_b16_g03,gsm8k,gsm8k_00531,1,66.0,66.0,boxed,657,1
acc3_b16_g03,gsm8k,gsm8k_00226,1,33.0,33.0,boxed,362,1
acc3_b16_g03,gsm8k,gsm8k_01055,1,2304.0,2304.0,boxed,204,1
acc3_b16_g03,gsm8k,gsm8k_01009,1,1875.0,1875.0,boxed,333,1
acc3_b16_g03,gsm8k,gsm8k_00610,1,65960.0,65960.0,boxed,207,1
acc3_b16_g03,gsm8k,gsm8k_01137,1,68.0,68.0,boxed,396,1
acc3_b16_g03,gsm8k,gsm8k_01117,1,9.0,9.0,boxed,340,1
acc3_b16_g03,gsm8k,gsm8k_00666,1,120.0,120.0,boxed,342,1
acc3_b16_g03,gsm8k,gsm8k_00614,1,312.0,312.0,boxed,165,1
acc3_b16_g03,gsm8k,gsm8k_00949,1,42.0,42.0,boxed,270,1
acc3_b16_g03,gsm8k,gsm8k_00101,1,6.0,6.0,boxed,226,1
acc3_b16_g03,gsm8k,gsm8k_00048,1,8.0,8.0,boxed,130,1
acc3_b16_g03,gsm8k,gsm8k_00407,1,2000.0,2000.0,boxed,478,1
acc3_b16_g03,gsm8k,gsm8k_00957,1,45.0,45.0,boxed,224,1
acc3_b16_g03,gsm8k,gsm8k_01143,1,300.0,300.0,boxed,169,1
acc3_b16_g03,gsm8k,gsm8k_00433,1,6.0,6.0,boxed,152,1
acc3_b16_g03,gsm8k,gsm8k_00590,0,318.0,319.0,boxed,197,1
acc3_b16_g03,gsm8k,gsm8k_01108,1,38.0,38.0,boxed,62,1
acc3_b16_g03,gsm8k,gsm8k_01271,1,43.0,43.0,boxed,299,1
acc3_b16_g03,gsm8k,gsm8k_00796,0,3120000.0,2880000.0,boxed,216,1
acc3_b16_g03,gsm8k,gsm8k_00328,1,2.0,2.0,boxed,163,1
acc3_b16_g03,gsm8k,gsm8k_00005,1,64.0,64.0,boxed,348,1
acc3_b16_g03,gsm8k,gsm8k_00578,1,48.0,48.0,boxed,217,1
acc3_b16_g03,gsm8k,gsm8k_00975,1,20.0,20.0,boxed,259,1
acc3_b16_g03,gsm8k,gsm8k_00324,1,14.0,14.0,boxed,528,1
acc3_b16_g03,gsm8k,gsm8k_01033,1,2.0,2.0,boxed,187,1
acc3_b16_g03,gsm8k,gsm8k_00911,1,64.0,64.0,boxed,147,1
acc3_b16_g03,gsm8k,gsm8k_01305,1,2325.0,2325.0,boxed,248,1
acc3_b16_g03,gsm8k,gsm8k_01054,1,2400.0,2400.0,boxed,124,1
acc3_b16_g03,gsm8k,gsm8k_00254,1,84.0,84.0,boxed,223,1
acc3_b16_g03,gsm8k,gsm8k_00421,1,12.0,12.0,boxed,174,1
acc3_b16_g03,gsm8k,gsm8k_00670,1,4.0,4.0,boxed,119,1
acc3_b16_g03,gsm8k,gsm8k_01279,1,180.0,180.0,boxed,164,1
acc3_b16_g03,gsm8k,gsm8k_00399,1,12.0,12.0,boxed,252,1
acc3_b16_g03,gsm8k,gsm8k_01242,1,20.0,20.0,boxed,227,1
acc3_b16_g03,gsm8k,gsm8k_01007,1,34.0,34.0,boxed,222,1
acc3_b16_g03,gsm8k,gsm8k_00622,1,7.0,7.0,boxed,277,1
acc3_b16_g03,gsm8k,gsm8k_01226,1,90.0,90.0,boxed,221,1
acc3_b16_g03,gsm8k,gsm8k_00901,0,2.0,1.0,boxed,187,1
acc3_b16_g03,gsm8k,gsm8k_00252,1,73.0,73.0,boxed,301,1
acc3_b16_g03,gsm8k,gsm8k_00472,1,6.0,6.0,boxed,254,1
acc3_b16_g03,gsm8k,gsm8k_00045,1,104.0,104.0,boxed,258,1
acc3_b16_g03,gsm8k,gsm8k_00580,1,500.0,500.0,boxed,420,1
acc3_b16_g03,gsm8k,gsm8k_00565,1,5.0,5.0,boxed,168,1
acc3_b16_g03,gsm8k,gsm8k_00294,1,3.0,3.0,boxed,143,1
acc3_b16_g03,gsm8k,gsm8k_00809,1,50.0,50.0,last-number,1024,0
acc3_b16_g03,gsm8k,gsm8k_01241,1,8.0,8.0,boxed,226,1
acc3_b16_g03,gsm8k,gsm8k_00989,0,30.0,45.0,boxed,930,1
acc3_b16_g03,gsm8k,gsm8k_01181,1,20.0,20.0,boxed,513,1
acc3_b16_g03,gsm8k,gsm8k_00740,1,25.0,25.0,boxed,295,1
acc3_b16_g03,gsm8k,gsm8k_00483,1,40.0,40.0,boxed,264,1
acc3_b16_g03,gsm8k,gsm8k_00375,1,48.0,48.0,boxed,127,1
acc3_b16_g03,gsm8k,gsm8k_00173,1,18000.0,18000.0,boxed,211,1
acc3_b16_g03,gsm8k,gsm8k_00716,1,770.0,770.0,boxed,195,1
acc3_b16_g03,gsm8k,gsm8k_00664,1,32.0,32.0,boxed,150,1
acc3_b16_g03,gsm8k,gsm8k_00515,0,288.0,160.0,boxed,178,1
acc3_b16_g03,gsm8k,gsm8k_01103,1,90.0,90.0,boxed,366,1
acc3_b16_g03,gsm8k,gsm8k_01060,1,31.0,31.0,boxed,302,1
acc3_b16_g03,gsm8k,gsm8k_00409,0,42000.0,168000.0,boxed,240,1
acc3_b16_g03,gsm8k,gsm8k_00480,1,11.0,11.0,boxed,220,1
acc3_b16_g03,gsm8k,gsm8k_00325,1,224000.0,224000.0,boxed,300,1
acc3_b16_g03,gsm8k,gsm8k_00007,1,160.0,160.0,boxed,248,1
acc3_b16_g03,gsm8k,gsm8k_01030,1,24.0,24.0,boxed,619,1
acc3_b16_g03,gsm8k,gsm8k_00201,1,114200.0,114200.0,boxed,232,1
acc3_b16_g03,gsm8k,gsm8k_00833,1,40.0,40.0,boxed,382,1
acc3_b16_g03,gsm8k,gsm8k_01047,1,10.0,10.0,boxed,362,1
acc3_b16_g03,gsm8k,gsm8k_00572,1,100.0,100.0,boxed,228,1
acc3_b16_g03,gsm8k,gsm8k_00028,1,25.0,25.0,boxed,197,1
acc3_b16_g03,gsm8k,gsm8k_00458,1,35.0,35.0,boxed,280,1
acc3_b16_g03,gsm8k,gsm8k_01231,1,70.0,70.0,boxed,203,1
acc3_b16_g03,gsm8k,gsm8k_00400,1,48.0,48.0,boxed,95,1
acc3_b16_g03,gsm8k,gsm8k_00228,1,1.0,1.0,boxed,226,1
acc3_b16_g03,gsm8k,gsm8k_00538,1,18.0,18.0,boxed,207,1
acc3_b16_g03,gsm8k,gsm8k_00566,1,10.0,10.0,boxed,300,1
acc3_b16_g03,gsm8k,gsm8k_00393,1,20.0,20.0,boxed,322,1
acc3_b16_g03,gsm8k,gsm8k_00080,1,10.0,10.0,boxed,145,1
acc3_b16_g03,gsm8k,gsm8k_00178,1,122.0,122.0,boxed,220,1
acc3_b16_g03,gsm8k,gsm8k_00669,1,132.0,132.0,boxed,336,1
acc3_b16_g03,gsm8k,gsm8k_00469,1,4.0,4.0,boxed,140,1
acc3_b16_g03,gsm8k,gsm8k_00347,1,36.0,36.0,boxed,97,1
acc3_b16_g03,gsm8k,gsm8k_00378,1,15.0,15.0,boxed,147,1
acc3_b16_g03,gsm8k,gsm8k_00139,1,70.0,70.0,boxed,173,1
acc3_b16_g03,gsm8k,gsm8k_00603,0,1260.0,1800.0,boxed,562,1
acc3_b16_g03,gsm8k,gsm8k_00990,1,14.0,14.0,boxed,371,1
acc3_b16_g03,gsm8k,gsm8k_00416,1,56.0,56.0,boxed,403,1
acc3_b16_g03,gsm8k,gsm8k_01153,1,20.0,20.0,boxed,237,1
acc3_b16_g03,gsm8k,gsm8k_00104,1,500.0,500.0,boxed,367,1
acc3_b16_g03,gsm8k,gsm8k_01041,1,101.0,101.0,boxed,147,1
acc3_b16_g03,gsm8k,gsm8k_01237,1,78.0,78.0,boxed,91,1
acc3_b16_g03,gsm8k,gsm8k_01048,0,9858.38,7400.0,boxed,479,1
acc3_b16_g03,gsm8k,gsm8k_01128,1,9.0,9.0,boxed,281,1
acc3_b16_g03,gsm8k,gsm8k_00729,1,1000.0,1000.0,boxed,482,1
acc3_b16_g03,gsm8k,gsm8k_00057,1,83.0,83.0,boxed,383,1
acc3_b16_g03,gsm8k,gsm8k_01039,1,160.0,160.0,boxed,193,1
acc3_b16_g03,gsm8k,gsm8k_00636,1,1050.0,1050.0,boxed,220,1
acc3_b16_g03,gsm8k,gsm8k_01183,1,11.0,11.0,boxed,257,1
acc3_b16_g03,gsm8k,gsm8k_00069,1,60.0,60.0,boxed,195,1
acc3_b16_g03,gsm8k,gsm8k_00818,1,16.0,16.0,boxed,215,1
acc3_b16_g03,gsm8k,gsm8k_00850,1,70.0,70.0,boxed,240,1
acc3_b16_g03,gsm8k,gsm8k_00210,1,10.0,10.0,boxed,383,1
acc3_b16_g03,gsm8k,gsm8k_01085,1,26.0,26.0,boxed,166,1
acc3_b16_g03,gsm8k,gsm8k_00758,1,133.0,133.0,boxed,104,1
acc3_b16_g03,gsm8k,gsm8k_01003,0,6.0,480.0,last-number,1024,0
acc3_b16_g03,gsm8k,gsm8k_01177,1,17.0,17.0,boxed,240,1
acc3_b16_g03,gsm8k,gsm8k_00852,1,123.0,123.0,boxed,314,1
acc3_b16_g03,gsm8k,gsm8k_00956,1,1.0,1.0,boxed,361,1
acc3_b16_g03,gsm8k,gsm8k_00909,1,38.0,38.0,boxed,275,1
acc3_b16_g03,gsm8k,gsm8k_00609,1,7.0,7.0,boxed,139,1
acc3_b16_g03,gsm8k,gsm8k_00895,1,74.0,74.0,boxed,198,1
acc3_b16_g03,gsm8k,gsm8k_01159,1,50.0,50.0,boxed,256,1
acc3_b16_g03,gsm8k,gsm8k_00626,1,72.0,72.0,boxed,354,1
acc3_b16_g03,gsm8k,gsm8k_00307,1,16.0,16.0,boxed,595,1
acc3_b16_g03,gsm8k,gsm8k_00779,1,255.0,255.0,boxed,335,1
acc3_b16_g03,gsm8k,gsm8k_01221,1,10.0,10.0,boxed,257,1
acc3_b16_g03,gsm8k,gsm8k_00236,0,30.0,31.0,boxed,675,1
acc3_b16_g03,gsm8k,gsm8k_00863,1,110.0,110.0,boxed,232,1
acc3_b16_g03,gsm8k,gsm8k_00091,1,28.0,28.0,boxed,226,1
acc3_b16_g03,gsm8k,gsm8k_00859,1,1520.0,1520.0,boxed,202,1
acc3_b16_g03,gsm8k,gsm8k_00941,1,842.0,842.0,boxed,217,1
acc3_b16_g03,gsm8k,gsm8k_01201,1,42.0,42.0,boxed,201,1
acc3_b16_g03,gsm8k,gsm8k_01311,1,594.0,594.0,boxed,194,1
acc3_b16_g03,gsm8k,gsm8k_00326,1,14.0,14.0,boxed,218,1
acc3_b16_g03,gsm8k,gsm8k_00333,1,100.0,100.0,boxed,189,1
acc3_b16_g03,gsm8k,gsm8k_01230,1,440.0,440.0,boxed,213,1
acc3_b16_g03,gsm8k,gsm8k_00163,0,54.0,50.0,boxed,283,1
acc3_b16_g03,gsm8k,gsm8k_01227,0,5.0,66.0,boxed,734,1
acc3_b16_g03,gsm8k,gsm8k_00952,0,1800.0,360.0,boxed,264,1
acc3_b16_g03,gsm8k,gsm8k_00504,1,2.0,2.0,boxed,291,1
acc3_b16_g03,gsm8k,gsm8k_00077,1,100.0,100.0,boxed,283,1
acc3_b16_g03,gsm8k,gsm8k_00934,1,410.0,410.0,boxed,177,1
acc3_b16_g03,gsm8k,gsm8k_00595,1,13.0,13.0,boxed,142,1
acc3_b16_g03,gsm8k,gsm8k_01258,1,60.0,60.0,boxed,198,1
acc3_b16_g03,gsm8k,gsm8k_00107,1,3.0,3.0,boxed,390,1
acc3_b16_g03,gsm8k,gsm8k_00195,1,12.0,12.0,boxed,223,1
acc3_b16_g03,gsm8k,gsm8k_01190,1,19.0,19.0,boxed,459,1
acc3_b16_g03,gsm8k,gsm8k_00406,0,160.0,200.0,boxed,576,1
acc3_b16_g03,gsm8k,gsm8k_00584,1,2.0,2.0,boxed,203,1
acc3_b16_g03,gsm8k,gsm8k_01101,1,16.0,16.0,boxed,206,1
acc3_b16_g03,gsm8k,gsm8k_00996,1,3.0,3.0,boxed,245,1
acc3_b16_g03,gsm8k,gsm8k_00736,1,3.0,3.0,boxed,217,1
acc3_b16_g03,gsm8k,gsm8k_00528,1,172.0,172.0,boxed,361,1
acc3_b16_g03,gsm8k,gsm8k_00782,0,27.0,54.0,boxed,447,1
acc3_b16_g03,gsm8k,gsm8k_00829,1,14000.0,14000.0,boxed,331,1
acc3_b16_g03,gsm8k,gsm8k_00008,1,45.0,45.0,boxed,561,1
acc3_b16_g03,gsm8k,gsm8k_00657,1,330000.0,330000.0,boxed,264,1
acc3_b16_g03,gsm8k,gsm8k_00461,1,9.0,9.0,boxed,224,1
acc3_b16_g03,gsm8k,gsm8k_01197,1,2400.0,2400.0,boxed,252,1
acc3_b16_g03,gsm8k,gsm8k_00434,0,4.95,5.0,last-number,1024,0
acc3_b16_g03,gsm8k,gsm8k_00641,0,378000.0,262500.0,boxed,214,1
acc3_b16_g03,gsm8k,gsm8k_01116,1,60.0,60.0,boxed,180,1
acc3_b16_g03,gsm8k,gsm8k_00435,1,5.0,5.0,boxed,99,1
acc3_b16_g03,gsm8k,gsm8k_00260,1,11.0,11.0,boxed,303,1
acc3_b16_g03,gsm8k,gsm8k_00147,1,75.0,75.0,boxed,350,1
acc3_b16_g03,gsm8k,gsm8k_00672,1,2.0,2.0,boxed,938,1
acc3_b16_g03,gsm8k,gsm8k_00225,1,9.0,9.0,boxed,204,1
acc3_b16_g03,gsm8k,gsm8k_01127,1,750.0,750.0,boxed,320,1
acc3_b16_g03,gsm8k,gsm8k_00791,1,100.0,100.0,boxed,192,1
acc3_b16_g03,gsm8k,gsm8k_01025,1,30.0,30.0,boxed,141,1
acc3_b16_g03,gsm8k,gsm8k_00799,1,4.0,4.0,boxed,135,1
acc3_b16_g03,gsm8k,gsm8k_00759,1,60000.0,60000.0,boxed,204,1
acc3_b16_g03,gsm8k,gsm8k_00828,1,60.0,60.0,boxed,179,1
acc3_b16_g03,gsm8k,gsm8k_01146,1,16.0,16.0,boxed,363,1
acc3_b16_g03,gsm8k,gsm8k_00355,1,34.0,34.0,boxed,186,1
acc3_b16_g03,gsm8k,gsm8k_00167,1,16.0,16.0,boxed,358,1
acc3_b16_g03,gsm8k,gsm8k_00041,1,200.0,200.0,boxed,166,1
acc3_b16_g03,gsm8k,gsm8k_00620,1,1509.0,1509.0,boxed,197,1
acc3_b16_g03,gsm8k,gsm8k_01031,1,5.0,5.0,boxed,186,1
acc3_b16_g03,gsm8k,gsm8k_00720,1,4.0,4.0,boxed,156,1
acc3_b16_g03,gsm8k,gsm8k_01215,1,36.0,36.0,boxed,325,1
acc3_b16_g03,gsm8k,gsm8k_00345,1,310.0,310.0,boxed,190,1
acc3_b16_g03,gsm8k,gsm8k_01014,1,3.0,3.0,boxed,242,1
acc3_b16_g03,gsm8k,gsm8k_00545,1,30.0,30.0,boxed,99,1
acc3_b16_g03,mmlu,mmlu_02848,1,A,A,boxed,356,1
acc3_b16_g03,mmlu,mmlu_07145,1,C,C,boxed,154,1
acc3_b16_g03,mmlu,mmlu_11756,0,A,B,boxed,474,1
acc3_b16_g03,mmlu,mmlu_04871,1,C,C,boxed,194,1
acc3_b16_g03,mmlu,mmlu_09835,1,C,C,boxed,327,1
acc3_b16_g03,mmlu,mmlu_07323,1,B,B,boxed,273,1
acc3_b16_g03,mmlu,mmlu_06471,1,A,A,boxed,341,1
acc3_b16_g03,mmlu,mmlu_11825,0,A,B,boxed,590,1
acc3_b16_g03,mmlu,mmlu_13824,1,D,D,boxed,228,1
acc3_b16_g03,mmlu,mmlu_11627,1,B,B,boxed,594,1
acc3_b16_g03,mmlu,mmlu_09710,1,D,D,boxed,255,1
acc3_b16_g03,mmlu,mmlu_09473,1,C,C,boxed,186,1
acc3_b16_g03,mmlu,mmlu_06333,0,A,B,boxed,223,1
acc3_b16_g03,mmlu,mmlu_07681,1,C,C,boxed,110,1
acc3_b16_g03,mmlu,mmlu_05206,1,D,D,boxed,377,1
acc3_b16_g03,mmlu,mmlu_03459,1,A,A,boxed,201,1
acc3_b16_g03,mmlu,mmlu_09406,1,A,A,boxed,211,1
acc3_b16_g03,mmlu,mmlu_14037,1,A,A,boxed,264,1
acc3_b16_g03,mmlu,mmlu_00837,1,D,D,boxed,225,1
acc3_b16_g03,mmlu,mmlu_09876,1,A,A,boxed,353,1
acc3_b16_g03,mmlu,mmlu_04096,1,A,A,boxed,455,1
acc3_b16_g03,mmlu,mmlu_03099,1,C,C,boxed,202,1
acc3_b16_g03,mmlu,mmlu_06190,0,A,C,boxed,186,1
acc3_b16_g03,mmlu,mmlu_00207,0,A,D,boxed,300,1
acc3_b16_g03,mmlu,mmlu_13456,0,A,B,boxed,298,1
acc3_b16_g03,mmlu,mmlu_04462,1,D,D,boxed,235,1
acc3_b16_g03,mmlu,mmlu_09636,1,D,D,boxed,130,1
acc3_b16_g03,mmlu,mmlu_00968,0,B,A,boxed,88,1
acc3_b16_g03,mmlu,mmlu_07304,1,D,D,boxed,71,1
acc3_b16_g03,mmlu,mmlu_02474,1,A,A,boxed,532,1
acc3_b16_g03,mmlu,mmlu_11854,1,D,D,boxed,563,1
acc3_b16_g03,mmlu,mmlu_01897,1,A,A,boxed,375,1
acc3_b16_g03,mmlu,mmlu_01055,1,D,D,boxed,530,1
acc3_b16_g03,mmlu,mmlu_08617,0,A,C,boxed,188,1
acc3_b16_g03,mmlu,mmlu_09016,1,B,B,boxed,241,1
acc3_b16_g03,mmlu,mmlu_09320,0,B,A,boxed,189,1
acc3_b16_g03,mmlu,mmlu_06767,1,B,B,boxed,387,1
acc3_b16_g03,mmlu,mmlu_09769,1,C,C,boxed,323,1
acc3_b16_g03,mmlu,mmlu_09006,0,B,D,boxed,197,1
acc3_b16_g03,mmlu,mmlu_01738,0,A,D,boxed,224,1
acc3_b16_g03,mmlu,mmlu_13884,1,B,B,boxed,284,1
acc3_b16_g03,mmlu,mmlu_03391,1,D,D,boxed,235,1
acc3_b16_g03,mmlu,mmlu_08317,1,D,D,boxed,477,1
acc3_b16_g03,mmlu,mmlu_09163,0,B,A,boxed,181,1
acc3_b16_g03,mmlu,mmlu_13190,0,A,C,boxed,594,1
acc3_b16_g03,mmlu,mmlu_12722,1,A,A,boxed,241,1
acc3_b16_g03,mmlu,mmlu_00894,1,B,B,boxed,382,1
acc3_b16_g03,mmlu,mmlu_03045,1,B,B,boxed,278,1
acc3_b16_g03,mmlu,mmlu_12050,1,D,D,boxed,557,1
acc3_b16_g03,mmlu,mmlu_09084,0,B,D,boxed,258,1
acc3_b16_g03,mmlu,mmlu_02124,1,B,B,boxed,297,1
acc3_b16_g03,mmlu,mmlu_11707,1,B,B,boxed,601,1
acc3_b16_g03,mmlu,mmlu_05720,1,C,C,boxed,349,1
acc3_b16_g03,mmlu,mmlu_09489,1,B,B,boxed,214,1
acc3_b16_g03,mmlu,mmlu_02515,1,A,A,boxed,434,1
acc3_b16_g03,mmlu,mmlu_09938,1,D,D,boxed,287,1
acc3_b16_g03,mmlu,mmlu_06208,1,B,B,boxed,257,1
acc3_b16_g03,mmlu,mmlu_02978,1,B,B,boxed,275,1
acc3_b16_g03,mmlu,mmlu_04079,1,B,B,boxed,285,1
acc3_b16_g03,mmlu,mmlu_08043,1,C,C,boxed,161,1
acc3_b16_g03,mmlu,mmlu_08796,0,B,D,boxed,189,1
acc3_b16_g03,mmlu,mmlu_07644,1,C,C,boxed,150,1
acc3_b16_g03,mmlu,mmlu_04379,1,C,C,boxed,229,1
acc3_b16_g03,mmlu,mmlu_01453,1,A,A,boxed,746,1
acc3_b16_g03,mmlu,mmlu_07905,1,A,A,boxed,148,1
acc3_b16_g03,mmlu,mmlu_10761,1,A,A,boxed,542,1
acc3_b16_g03,mmlu,mmlu_07502,1,D,D,boxed,377,1
acc3_b16_g03,mmlu,mmlu_02732,0,B,C,boxed,188,1
acc3_b16_g03,mmlu,mmlu_01824,0,C,D,trailing-letter,1024,0
acc3_b16_g03,mmlu,mmlu_10786,0,A,D,boxed,521,1
acc3_b16_g03,mmlu,mmlu_04187,0,C,A,boxed,302,1
acc3_b16_g03,mmlu,mmlu_04044,0,D,A,boxed,198,1
acc3_b16_g03,mmlu,mmlu_02593,1,D,D,boxed,314,1
acc3_b16_g03,mmlu,mmlu_05580,1,D,D,boxed,411,1
acc3_b16_g03,mmlu,mmlu_13314,1,D,D,boxed,350,1
acc3_b16_g03,mmlu,mmlu_12805,1,C,C,boxed,337,1
acc3_b16_g03,mmlu,mmlu_02710,1,D,D,boxed,246,1
acc3_b16_g03,mmlu,mmlu_11705,0,C,B,boxed,619,1
acc3_b16_g03,mmlu,mmlu_03700,1,D,D,boxed,219,1
acc3_b16_g03,mmlu,mmlu_09214,1,D,D,boxed,175,1
acc3_b16_g03,mmlu,mmlu_05153,1,B,B,boxed,334,1
acc3_b16_g03,mmlu,mmlu_00574,1,B,B,boxed,255,1
acc3_b16_g03,mmlu,mmlu_01120,0,A,B,boxed,395,1
acc3_b16_g03,mmlu,mmlu_02384,1,A,A,boxed,384,1
acc3_b16_g03,mmlu,mmlu_01116,1,D,D,boxed,415,1
acc3_b16_g03,mmlu,mmlu_04936,1,D,D,boxed,287,1
acc3_b16_g03,mmlu,mmlu_01638,0,A,D,boxed,293,1
acc3_b16_g03,mmlu,mmlu_00353,1,A,A,boxed,401,1
acc3_b16_g03,mmlu,mmlu_12878,0,A,B,boxed,225,1
acc3_b16_g03,mmlu,mmlu_11586,0,A,B,boxed,390,1
acc3_b16_g03,mmlu,mmlu_05781,1,A,A,boxed,389,1
acc3_b16_g03,mmlu,mmlu_05266,1,D,D,boxed,247,1
acc3_b16_g03,mmlu,mmlu_12401,1,C,C,boxed,478,1
acc3_b16_g03,mmlu,mmlu_10167,0,A,B,boxed,325,1
acc3_b16_g03,mmlu,mmlu_08554,1,B,B,boxed,183,1
acc3_b16_g03,mmlu,mmlu_11645,1,C,C,boxed,381,1
acc3_b16_g03,mmlu,mmlu_02089,1,B,B,boxed,143,1
acc3_b16_g03,mmlu,mmlu_03862,1,B,B,boxed,290,1
acc3_b16_g03,mmlu,mmlu_11288,0,A,B,boxed,532,1
acc3_b16_g03,mmlu,mmlu_10095,1,A,A,boxed,295,1
acc3_b16_g03,mmlu,mmlu_00499,0,D,B,boxed,322,1
acc3_b16_g03,mmlu,mmlu_07293,1,C,C,boxed,183,1
acc3_b16_g03,mmlu,mmlu_03765,1,D,D,boxed,222,1
acc3_b16_g03,mmlu,mmlu_13316,0,C,D,boxed,482,1
acc3_b16_g03,mmlu,mmlu_02014,0,A,C,boxed,149,1
acc3_b16_g03,mmlu,mmlu_00726,0,D,C,boxed,220,1
acc3_b16_g03,mmlu,mmlu_11387,0,C,D,boxed,836,1
acc3_b16_g03,mmlu,mmlu_10884,0,B,C,boxed,722,1
acc3_b16_g03,mmlu,mmlu_00908,1,A,A,boxed,930,1
acc3_b16_g03,mmlu,mmlu_10980,0,B,A,boxed,574,1
acc3_b16_g03,mmlu,mmlu_00613,1,A,A,boxed,184,1
acc3_b16_g03,mmlu,mmlu_06200,1,A,A,boxed,244,1
acc3_b16_g03,mmlu,mmlu_04661,1,D,D,boxed,250,1
acc3_b16_g03,mmlu,mmlu_13871,1,D,D,boxed,159,1
acc3_b16_g03,mmlu,mmlu_04625,1,D,D,boxed,323,1
acc3_b16_g03,mmlu,mmlu_07300,1,A,A,boxed,307,1
acc3_b16_g03,mmlu,mmlu_13246,1,D,D,boxed,250,1
acc3_b16_g03,mmlu,mmlu_07116,1,A,A,boxed,265,1
acc3_b16_g03,mmlu,mmlu_11027,1,A,A,boxed,534,1
acc3_b16_g03,mmlu,mmlu_00782,1,A,A,boxed,218,1
acc3_b16_g03,mmlu,mmlu_00805,0,D,A,boxed,587,1
acc3_b16_g03,mmlu,mmlu_13773,0,A,B,boxed,342,1
acc3_b16_g03,mmlu,mmlu_02098,1,C,C,boxed,293,1
acc3_b16_g03,mmlu,mmlu_05950,1,B,B,boxed,214,1
acc3_b16_g03,mmlu,mmlu_12983,0,B,D,boxed,432,1
acc3_b16_g03,mmlu,mmlu_06846,1,C,C,boxed,148,1
acc3_b16_g03,mmlu,mmlu_08362,0,C,D,boxed,508,1
acc3_b16_g03,mmlu,mmlu_05701,1,D,D,boxed,357,1
acc3_b16_g03,mmlu,mmlu_06226,1,D,D,boxed,264,1
acc3_b16_g03,mmlu,mmlu_07741,0,A,B,boxed,300,1
acc3_b16_g03,mmlu,mmlu_10355,0,A,D,boxed,411,1
acc3_b16_g03,mmlu,mmlu_06674,1,C,C,boxed,233,1
acc3_b16_g03,mmlu,mmlu_12905,1,A,A,boxed,372,1
acc3_b16_g03,mmlu,mmlu_06047,1,B,B,boxed,562,1
acc3_b16_g03,mmlu,mmlu_10614,1,A,A,boxed,274,1
acc3_b16_g03,mmlu,mmlu_11789,1,A,A,boxed,520,1
acc3_b16_g03,mmlu,mmlu_03090,1,A,A,boxed,597,1
acc3_b16_g03,mmlu,mmlu_01601,1,B,B,boxed,211,1
acc3_b16_g03,mmlu,mmlu_03312,1,A,A,boxed,296,1
acc3_b16_g03,mmlu,mmlu_02189,1,B,B,boxed,163,1
acc3_b16_g03,mmlu,mmlu_01778,1,B,B,boxed,475,1
acc3_b16_g03,mmlu,mmlu_10082,0,A,D,boxed,485,1
acc3_b16_g03,mmlu,mmlu_07449,1,A,A,boxed,155,1
acc3_b16_g03,mmlu,mmlu_13223,0,A,D,boxed,527,1
acc3_b16_g03,mmlu,mmlu_08988,1,B,B,boxed,155,1
acc3_b16_g03,mmlu,mmlu_03852,1,A,A,boxed,323,1
acc3_b16_g03,mmlu,mmlu_07799,1,B,B,boxed,137,1
acc3_b16_g03,mmlu,mmlu_11697,0,B,A,boxed,613,1
acc3_b16_g03,mmlu,mmlu_11251,0,A,C,boxed,614,1
acc3_b16_g03,mmlu,mmlu_03617,1,D,D,boxed,209,1
acc3_b16_g03,mmlu,mmlu_10302,1,A,A,boxed,210,1
acc3_b16_g03,mmlu,mmlu_13049,1,B,B,boxed,155,1
acc3_b16_g03,mmlu,mmlu_02401,1,B,B,boxed,131,1
acc3_b16_g03,mmlu,mmlu_07858,1,B,B,boxed,240,1
acc3_b16_g03,mmlu,mmlu_08371,1,D,D,boxed,464,1
acc3_b16_g03,mmlu,mmlu_13987,1,C,C,boxed,335,1
acc3_b16_g03,mmlu,mmlu_09324,1,B,B,boxed,250,1
acc3_b16_g03,mmlu,mmlu_07127,1,C,C,boxed,243,1
acc3_b16_g03,mmlu,mmlu_01238,1,D,D,boxed,293,1
acc3_b16_g03,mmlu,mmlu_10646,1,C,C,boxed,415,1
acc3_b16_g03,mmlu,mmlu_05061,1,A,A,boxed,185,1
acc3_b16_g03,mmlu,mmlu_00847,0,A,B,boxed,462,1
acc3_b16_g03,mmlu,mmlu_07136,0,A,C,boxed,200,1
acc3_b16_g03,mmlu,mmlu_06478,1,D,D,boxed,365,1
acc3_b16_g03,mmlu,mmlu_10299,1,B,B,boxed,417,1
acc3_b16_g03,mmlu,mmlu_07442,1,B,B,boxed,91,1
acc3_b16_g03,mmlu,mmlu_03615,1,D,D,boxed,191,1
acc3_b16_g03,mmlu,mmlu_04737,1,A,A,boxed,262,1
acc3_b16_g03,mmlu,mmlu_07819,1,A,A,boxed,165,1
acc3_b16_g03,mmlu,mmlu_07035,1,C,C,boxed,187,1
acc3_b16_g03,mmlu,mmlu_08845,0,C,D,boxed,228,1
acc3_b16_g03,mmlu,mmlu_01355,0,D,C,boxed,220,1
acc3_b16_g03,mmlu,mmlu_09002,1,D,D,boxed,268,1
acc3_b16_g03,mmlu,mmlu_08264,1,C,C,boxed,337,1
acc3_b16_g03,mmlu,mmlu_01249,1,C,C,boxed,259,1
acc3_b16_g03,mmlu,mmlu_12056,0,C,B,boxed,328,1
acc3_b16_g03,mmlu,mmlu_05795,1,C,C,boxed,355,1
acc3_b16_g03,mmlu,mmlu_13690,0,A,C,boxed,221,1
acc3_b16_g03,mmlu,mmlu_03054,1,B,B,boxed,319,1
acc3_b16_g03,mmlu,mmlu_02514,1,C,C,boxed,838,1
acc3_b16_g03,mmlu,mmlu_05177,1,B,B,boxed,249,1
acc3_b16_g03,mmlu,mmlu_09822,0,A,C,boxed,266,1
acc3_b16_g03,mmlu,mmlu_09518,1,C,C,boxed,138,1
acc3_b16_g03,mmlu,mmlu_01523,1,A,A,boxed,153,1
acc3_b16_g03,mmlu,mmlu_10789,0,A,C,boxed,979,1
acc3_b16_g03,mmlu,mmlu_00997,1,C,C,trailing-letter,1024,0
acc3_b16_g03,mmlu,mmlu_11058,0,D,C,boxed,268,1
acc3_b16_g03,mmlu,mmlu_04499,0,B,C,boxed,700,1
acc3_b16_g03,mmlu,mmlu_00880,1,C,C,boxed,327,1
acc3_b16_g03,mmlu,mmlu_11526,0,A,B,boxed,694,1
acc3_b16_g03,mmlu,mmlu_10737,1,A,A,boxed,559,1
acc3_b16_g03,mmlu,mmlu_07246,1,C,C,boxed,190,1
acc3_b16_g03,mmlu,mmlu_02591,0,C,D,boxed,295,1
acc3_b16_g03,mmlu,mmlu_03476,1,A,A,boxed,186,1
acc3_b16_g03,mmlu,mmlu_01064,1,B,B,boxed,331,1
acc3_b16_g03,mmlu,mmlu_03770,1,A,A,boxed,240,1
acc3_b16_g03,mmlu,mmlu_07220,1,C,C,boxed,229,1
acc3_b16_g03,mmlu,mmlu_06894,0,A,B,boxed,346,1
acc3_b16_g03,mmlu,mmlu_05246,1,B,B,boxed,215,1
acc3_b16_g03,mmlu,mmlu_09368,1,B,B,boxed,166,1
acc3_b16_g03,mmlu,mmlu_12024,1,C,C,boxed,453,1
acc3_b16_g03,mmlu,mmlu_10523,0,C,B,boxed,367,1
acc3_b16_g03,mmlu,mmlu_07643,1,D,D,boxed,116,1
acc3_b16_g03,mmlu,mmlu_09671,1,D,D,boxed,216,1
acc3_b16_g03,mmlu,mmlu_00325,0,C,D,boxed,742,1
acc3_b16_g03,mmlu,mmlu_01697,1,C,C,boxed,474,1
acc3_b16_g03,mmlu,mmlu_09686,0,C,D,boxed,334,1
acc3_b16_g03,mmlu,mmlu_13296,1,B,B,boxed,301,1
acc3_b16_g03,mmlu,mmlu_08147,1,B,B,boxed,596,1
acc3_b16_g03,mmlu,mmlu_10997,1,A,A,boxed,513,1
acc3_b16_g03,mmlu,mmlu_09187,0,B,D,boxed,212,1
acc3_b16_g03,mmlu,mmlu_10766,0,A,C,boxed,553,1
acc3_b16_g03,mmlu,mmlu_02638,0,C,B,boxed,56,1
acc3_b16_g03,mmlu,mmlu_05196,0,B,A,boxed,301,1
acc3_b16_g03,mmlu,mmlu_05524,0,B,D,boxed,359,1
acc3_b16_g03,mmlu,mmlu_13412,1,A,A,boxed,368,1
acc3_b16_g03,mmlu,mmlu_04119,1,A,A,boxed,529,1
acc3_b16_g03,mmlu,mmlu_02228,1,D,D,boxed,533,1
acc3_b16_g03,mmlu,mmlu_12320,0,A,D,boxed,286,1
acc3_b16_g03,mmlu,mmlu_07206,1,B,B,boxed,171,1
acc3_b16_g03,mmlu,mmlu_06779,1,A,A,boxed,303,1
acc3_b16_g03,mmlu,mmlu_04770,0,D,C,boxed,275,1
acc3_b16_g03,mmlu,mmlu_08129,1,C,C,boxed,147,1
acc3_b16_g03,mmlu,mmlu_07339,0,A,B,boxed,512,1
acc3_b16_g03,mmlu,mmlu_10377,1,B,B,boxed,266,1
acc3_b16_g03,mmlu,mmlu_13393,0,A,C,boxed,188,1
acc3_b16_g03,mmlu,mmlu_07789,1,A,A,boxed,144,1
acc3_b16_g03,mmlu,mmlu_02662,1,B,B,boxed,207,1
acc3_b16_g03,mmlu,mmlu_07951,1,D,D,boxed,66,1
acc3_b16_g03,mmlu,mmlu_05878,1,A,A,boxed,258,1
acc3_b16_g03,mmlu,mmlu_10258,0,B,D,boxed,227,1
acc3_b16_g03,mmlu,mmlu_04416,1,B,B,boxed,208,1
acc3_b16_g03,mmlu,mmlu_05983,1,A,A,boxed,464,1
acc3_b16_g03,mmlu,mmlu_04621,1,D,D,boxed,236,1
acc3_b16_g03,mmlu,mmlu_00289,1,D,D,boxed,359,1
acc3_b16_g03,mmlu,mmlu_07031,1,D,D,boxed,284,1
acc3_b16_g03,mmlu,mmlu_10590,0,C,A,trailing-letter,1024,0
acc3_b16_g03,mmlu,mmlu_03514,1,B,B,boxed,291,1
acc3_b16_g03,mmlu,mmlu_07587,1,A,A,boxed,73,1
acc3_b16_g03,mmlu,mmlu_12628,1,A,A,boxed,411,1
acc3_b16_g03,mmlu,mmlu_06727,1,D,D,boxed,225,1
acc3_b16_g03,mmlu,mmlu_07022,1,C,C,boxed,193,1
acc3_b16_g03,mmlu,mmlu_07535,0,A,B,boxed,119,1
acc3_b16_g03,mmlu,mmlu_08263,1,B,B,boxed,390,1
acc3_b16_g03,mmlu,mmlu_04201,1,C,C,boxed,317,1
acc3_b16_g03,mmlu,mmlu_09474,1,C,C,boxed,258,1
acc3_b16_g03,mmlu,mmlu_02331,0,D,B,boxed,158,1
acc3_b16_g03,mmlu,mmlu_00563,1,B,B,boxed,433,1
acc3_b16_g03,mmlu,mmlu_01770,1,B,B,boxed,192,1
acc3_b16_g03,mmlu,mmlu_03737,1,C,C,boxed,295,1
acc3_b16_g04,gsm8k,gsm8k_00715,1,385000.0,385000.0,boxed,321,1
acc3_b16_g04,gsm8k,gsm8k_01227,0,5.0,66.0,boxed,717,1
acc3_b16_g04,gsm8k,gsm8k_00233,1,12.0,12.0,boxed,190,1
acc3_b16_g04,gsm8k,gsm8k_01130,1,25.0,25.0,boxed,258,1
acc3_b16_g04,gsm8k,gsm8k_00610,1,65960.0,65960.0,boxed,207,1
acc3_b16_g04,gsm8k,gsm8k_00759,1,60000.0,60000.0,boxed,204,1
acc3_b16_g04,gsm8k,gsm8k_00956,1,1.0,1.0,boxed,355,1
acc3_b16_g04,gsm8k,gsm8k_00228,1,1.0,1.0,boxed,272,1
acc3_b16_g04,gsm8k,gsm8k_00375,1,48.0,48.0,boxed,143,1
acc3_b16_g04,gsm8k,gsm8k_00400,1,48.0,48.0,boxed,95,1
acc3_b16_g04,gsm8k,gsm8k_01128,1,9.0,9.0,boxed,281,1
acc3_b16_g04,gsm8k,gsm8k_00809,0,100.0,50.0,last-number,1024,0
acc3_b16_g04,gsm8k,gsm8k_00531,0,3.0,66.0,last-number,1024,0
acc3_b16_g04,gsm8k,gsm8k_00669,1,132.0,132.0,boxed,318,1
acc3_b16_g04,gsm8k,gsm8k_00435,1,5.0,5.0,boxed,99,1
acc3_b16_g04,gsm8k,gsm8k_00469,1,4.0,4.0,boxed,140,1
acc3_b16_g04,gsm8k,gsm8k_00716,1,770.0,770.0,boxed,195,1
acc3_b16_g04,gsm8k,gsm8k_01237,1,78.0,78.0,boxed,91,1
acc3_b16_g04,gsm8k,gsm8k_00167,1,16.0,16.0,boxed,359,1
acc3_b16_g04,gsm8k,gsm8k_00642,1,10800.0,10800.0,boxed,265,1
acc3_b16_g04,gsm8k,gsm8k_00142,1,140.0,140.0,boxed,143,1
acc3_b16_g04,gsm8k,gsm8k_01089,1,32.0,32.0,boxed,142,1
acc3_b16_g04,gsm8k,gsm8k_01241,1,8.0,8.0,boxed,261,1
acc3_b16_g04,gsm8k,gsm8k_00828,1,60.0,60.0,boxed,179,1
acc3_b16_g04,gsm8k,gsm8k_00693,1,68.0,68.0,boxed,278,1
acc3_b16_g04,gsm8k,gsm8k_01267,1,40.0,40.0,boxed,550,1
acc3_b16_g04,gsm8k,gsm8k_00234,1,21.0,21.0,boxed,259,1
acc3_b16_g04,gsm8k,gsm8k_00173,1,18000.0,18000.0,boxed,203,1
acc3_b16_g04,gsm8k,gsm8k_00957,1,45.0,45.0,boxed,224,1
acc3_b16_g04,gsm8k,gsm8k_00788,1,100.0,100.0,boxed,137,1
acc3_b16_g04,gsm8k,gsm8k_00672,1,2.0,2.0,boxed,918,1
acc3_b16_g04,gsm8k,gsm8k_01310,1,64.0,64.0,boxed,409,1
acc3_b16_g04,gsm8k,gsm8k_00058,1,57.0,57.0,boxed,152,1
acc3_b16_g04,gsm8k,gsm8k_00901,0,0.0,1.0,boxed,215,1
acc3_b16_g04,gsm8k,gsm8k_00424,1,570.0,570.0,boxed,141,1
acc3_b16_g04,gsm8k,gsm8k_01043,1,130000.0,130000.0,boxed,168,1
acc3_b16_g04,gsm8k,gsm8k_01159,1,50.0,50.0,boxed,256,1
acc3_b16_g04,gsm8k,gsm8k_00474,1,80.0,80.0,boxed,210,1
acc3_b16_g04,gsm8k,gsm8k_00772,1,50.0,50.0,boxed,309,1
acc3_b16_g04,gsm8k,gsm8k_00595,1,13.0,13.0,boxed,142,1
acc3_b16_g04,gsm8k,gsm8k_01116,1,60.0,60.0,boxed,180,1
acc3_b16_g04,gsm8k,gsm8k_00237,1,90.0,90.0,boxed,83,1
acc3_b16_g04,gsm8k,gsm8k_00048,1,8.0,8.0,boxed,125,1
acc3_b16_g04,gsm8k,gsm8k_01206,1,40000.0,40000.0,boxed,170,1
acc3_b16_g04,gsm8k,gsm8k_01178,1,17.0,17.0,boxed,137,1
acc3_b16_g04,gsm8k,gsm8k_00195,1,12.0,12.0,boxed,223,1
acc3_b16_g04,gsm8k,gsm8k_00694,1,9.0,9.0,boxed,243,1
acc3_b16_g04,gsm8k,gsm8k_00461,1,9.0,9.0,boxed,224,1
acc3_b16_g04,gsm8k,gsm8k_00565,1,5.0,5.0,boxed,168,1
acc3_b16_g04,gsm8k,gsm8k_01255,1,12.0,12.0,boxed,293,1
acc3_b16_g04,gsm8k,gsm8k_00187,0,106.12,106.0,boxed,199,1
acc3_b16_g04,gsm8k,gsm8k_00491,1,16.0,16.0,boxed,102,1
acc3_b16_g04,gsm8k,gsm8k_01030,1,24.0,24.0,boxed,619,1
acc3_b16_g04,gsm8k,gsm8k_00799,1,4.0,4.0,boxed,125,1
acc3_b16_g04,gsm8k,gsm8k_00358,1,20.0,20.0,boxed,165,1
acc3_b16_g04,gsm8k,gsm8k_01177,1,17.0,17.0,boxed,240,1
acc3_b16_g04,gsm8k,gsm8k_00252,1,73.0,73.0,boxed,301,1
acc3_b16_g04,gsm8k,gsm8k_00908,1,14.0,14.0,boxed,151,1
acc3_b16_g04,gsm8k,gsm8k_01232,1,15.0,15.0,boxed,158,1
acc3_b16_g04,gsm8k,gsm8k_01181,1,20.0,20.0,boxed,514,1
acc3_b16_g04,gsm8k,gsm8k_00458,1,35.0,35.0,boxed,259,1
acc3_b16_g04,gsm8k,gsm8k_00057,1,83.0,83.0,boxed,382,1
acc3_b16_g04,gsm8k,gsm8k_00017,1,57500.0,57500.0,boxed,313,1
acc3_b16_g04,gsm8k,gsm8k_00196,1,120.0,120.0,boxed,152,1
acc3_b16_g04,gsm8k,gsm8k_00330,1,31.0,31.0,boxed,219,1
acc3_b16_g04,gsm8k,gsm8k_00163,0,54.0,50.0,boxed,308,1
acc3_b16_g04,gsm8k,gsm8k_00307,1,16.0,16.0,boxed,681,1
acc3_b16_g04,gsm8k,gsm8k_01003,0,4.0,480.0,last-number,1024,0
acc3_b16_g04,gsm8k,gsm8k_00381,1,67.0,67.0,boxed,238,1
acc3_b16_g04,gsm8k,gsm8k_00963,1,147.0,147.0,boxed,537,1
acc3_b16_g04,gsm8k,gsm8k_01047,1,10.0,10.0,boxed,362,1
acc3_b16_g04,gsm8k,gsm8k_00603,0,1260.0,1800.0,boxed,572,1
acc3_b16_g04,gsm8k,gsm8k_00333,1,100.0,100.0,boxed,192,1
acc3_b16_g04,gsm8k,gsm8k_00260,1,11.0,11.0,boxed,300,1
acc3_b16_g04,gsm8k,gsm8k_00580,1,500.0,500.0,boxed,420,1
acc3_b16_g04,gsm8k,gsm8k_00792,1,75.0,75.0,boxed,116,1
acc3_b16_g04,gsm8k,gsm8k_01231,1,70.0,70.0,boxed,203,1
acc3_b16_g04,gsm8k,gsm8k_01026,1,43200.0,43200.0,boxed,344,1
acc3_b16_g04,gsm8k,gsm8k_00952,0,1800.0,360.0,boxed,268,1
acc3_b16_g04,gsm8k,gsm8k_00254,1,84.0,84.0,boxed,223,1
acc3_b16_g04,gsm8k,gsm8k_01117,1,9.0,9.0,boxed,340,1
acc3_b16_g04,gsm8k,gsm8k_00554,1,54.0,54.0,boxed,311,1
acc3_b16_g04,gsm8k,gsm8k_01021,1,36.0,36.0,boxed,275,1
acc3_b16_g04,gsm8k,gsm8k_01201,1,42.0,42.0,boxed,192,1
acc3_b16_g04,gsm8k,gsm8k_01226,1,90.0,90.0,boxed,225,1
acc3_b16_g04,gsm8k,gsm8k_00641,0,378000.0,262500.0,boxed,211,1
acc3_b16_g04,gsm8k,gsm8k_01033,1,2.0,2.0,boxed,187,1
acc3_b16_g04,gsm8k,gsm8k_00578,1,48.0,48.0,boxed,217,1
acc3_b16_g04,gsm8k,gsm8k_01014,1,3.0,3.0,boxed,242,1
acc3_b16_g04,gsm8k,gsm8k_00895,1,74.0,74.0,boxed,198,1
acc3_b16_g04,gsm8k,gsm8k_00407,1,2000.0,2000.0,boxed,478,1
acc3_b16_g04,gsm8k,gsm8k_00791,1,100.0,100.0,boxed,192,1
acc3_b16_g04,gsm8k,gsm8k_00547,1,81.0,81.0,boxed,382,1
acc3_b16_g04,gsm8k,gsm8k_01197,1,2400.0,2400.0,boxed,252,1
acc3_b16_g04,gsm8k,gsm8k_00549,1,398.0,398.0,boxed,163,1
acc3_b16_g04,gsm8k,gsm8k_00778,1,38.0,38.0,boxed,247,1
acc3_b16_g04,gsm8k,gsm8k_00480,1,11.0,11.0,boxed,223,1
acc3_b16_g04,gsm8k,gsm8k_00528,1,172.0,172.0,boxed,361,1
acc3_b16_g04,gsm8k,gsm8k_01054,1,2400.0,2400.0,boxed,124,1
acc3_b16_g04,gsm8k,gsm8k_00101,1,6.0,6.0,boxed,226,1
acc3_b16_g04,gsm8k,gsm8k_00191,1,5.0,5.0,boxed,144,1
acc3_b16_g04,gsm8k,gsm8k_00107,1,3.0,3.0,boxed,390,1
acc3_b16_g04,gsm8k,gsm8k_00214,1,8.0,8.0,boxed,487,1
acc3_b16_g04,gsm8k,gsm8k_00536,1,8.0,8.0,boxed,99,1
acc3_b16_g04,gsm8k,gsm8k_00584,1,2.0,2.0,boxed,203,1
acc3_b16_g04,gsm8k,gsm8k_01153,1,20.0,20.0,boxed,237,1
acc3_b16_g04,gsm8k,gsm8k_00962,0,600.0,1000.0,boxed,182,1
acc3_b16_g04,gsm8k,gsm8k_00325,1,224000.0,224000.0,boxed,343,1
acc3_b16_g04,gsm8k,gsm8k_00399,1,12.0,12.0,boxed,252,1
acc3_b16_g04,gsm8k,gsm8k_01085,1,26.0,26.0,boxed,170,1
acc3_b16_g04,gsm8k,gsm8k_00808,1,12.0,12.0,boxed,257,1
acc3_b16_g04,gsm8k,gsm8k_00683,1,50.0,50.0,boxed,434,1
acc3_b16_g04,gsm8k,gsm8k_00294,1,3.0,3.0,boxed,143,1
acc3_b16_g04,gsm8k,gsm8k_00538,1,18.0,18.0,boxed,211,1
acc3_b16_g04,gsm8k,gsm8k_00833,1,40.0,40.0,boxed,433,1
acc3_b16_g04,gsm8k,gsm8k_00009,1,460.0,460.0,boxed,235,1
acc3_b16_g04,gsm8k,gsm8k_01242,1,20.0,20.0,boxed,227,1
acc3_b16_g04,gsm8k,gsm8k_01060,1,31.0,31.0,boxed,302,1
acc3_b16_g04,gsm8k,gsm8k_01190,1,19.0,19.0,boxed,477,1
acc3_b16_g04,gsm8k,gsm8k_00406,0,160.0,200.0,boxed,256,1
acc3_b16_g04,gsm8k,gsm8k_01272,1,296.0,296.0,boxed,206,1
acc3_b16_g04,gsm8k,gsm8k_00069,1,60.0,60.0,boxed,195,1
acc3_b16_g04,gsm8k,gsm8k_00767,1,60.0,60.0,boxed,143,1
acc3_b16_g04,gsm8k,gsm8k_00657,1,330000.0,330000.0,boxed,264,1
acc3_b16_g04,gsm8k,gsm8k_00949,1,42.0,42.0,boxed,267,1
acc3_b16_g04,gsm8k,gsm8k_00347,1,36.0,36.0,boxed,97,1
acc3_b16_g04,gsm8k,gsm8k_00701,1,200.0,200.0,boxed,198,1
acc3_b16_g04,gsm8k,gsm8k_01285,1,1218.0,1218.0,boxed,138,1
acc3_b16_g04,gsm8k,gsm8k_01137,1,68.0,68.0,boxed,359,1
acc3_b16_g04,gsm8k,gsm8k_00779,1,255.0,255.0,boxed,338,1
acc3_b16_g04,gsm8k,gsm8k_01143,1,300.0,300.0,boxed,200,1
acc3_b16_g04,gsm8k,gsm8k_00157,0,280.0,80.0,boxed,246,1
acc3_b16_g04,gsm8k,gsm8k_00736,1,3.0,3.0,boxed,231,1
acc3_b16_g04,gsm8k,gsm8k_00850,1,70.0,70.0,boxed,244,1
acc3_b16_g04,gsm8k,gsm8k_00378,1,15.0,15.0,boxed,147,1
acc3_b16_g04,gsm8k,gsm8k_00597,1,90.0,90.0,boxed,271,1
acc3_b16_g04,gsm8k,gsm8k_00451,1,11050.0,11050.0,boxed,300,1
acc3_b16_g04,gsm8k,gsm8k_00852,1,123.0,123.0,boxed,314,1
acc3_b16_g04,gsm8k,gsm8k_01184,1,306.0,306.0,boxed,127,1
acc3_b16_g04,gsm8k,gsm8k_00416,1,56.0,56.0,boxed,409,1
acc3_b16_g04,gsm8k,gsm8k_00044,1,20.0,20.0,boxed,255,1
acc3_b16_g04,gsm8k,gsm8k_00421,1,12.0,12.0,boxed,175,1
acc3_b16_g04,gsm8k,gsm8k_00104,1,500.0,500.0,boxed,368,1
acc3_b16_g04,gsm8k,gsm8k_00965,1,374.0,374.0,boxed,410,1
acc3_b16_g04,gsm8k,gsm8k_01140,1,27.0,27.0,boxed,226,1
acc3_b16_g04,gsm8k,gsm8k_00664,1,32.0,32.0,boxed,155,1
acc3_b16_g04,gsm8k,gsm8k_01221,1,10.0,10.0,boxed,257,1
acc3_b16_g04,gsm8k,gsm8k_00863,1,110.0,110.0,boxed,232,1
acc3_b16_g04,gsm8k,gsm8k_00324,1,14.0,14.0,boxed,527,1
acc3_b16_g04,gsm8k,gsm8k_00978,1,160.0,160.0,boxed,194,1
acc3_b16_g04,gsm8k,gsm8k_00740,1,25.0,25.0,boxed,295,1
acc3_b16_g04,gsm8k,gsm8k_01271,1,43.0,43.0,boxed,299,1
acc3_b16_g04,gsm8k,gsm8k_01202,0,13.0,19.0,boxed,197,1
acc3_b16_g04,gsm8k,gsm8k_00210,1,10.0,10.0,boxed,383,1
acc3_b16_g04,gsm8k,gsm8k_01044,1,1.0,1.0,boxed,140,1
acc3_b16_g04,gsm8k,gsm8k_00100,1,175.0,175.0,boxed,345,1
acc3_b16_g04,gsm8k,gsm8k_00909,1,38.0,38.0,boxed,275,1
acc3_b16_g04,gsm8k,gsm8k_01127,1,750.0,750.0,boxed,291,1
acc3_b16_g04,gsm8k,gsm8k_00091,1,28.0,28.0,boxed,226,1
acc3_b16_g04,gsm8k,gsm8k_01311,1,594.0,594.0,boxed,194,1
acc3_b16_g04,gsm8k,gsm8k_01305,1,2325.0,2325.0,boxed,248,1
acc3_b16_g04,gsm8k,gsm8k_01031,1,5.0,5.0,boxed,186,1
acc3_b16_g04,gsm8k,gsm8k_00005,1,64.0,64.0,boxed,348,1
acc3_b16_g04,gsm8k,gsm8k_00493,1,25.0,25.0,boxed,242,1
acc3_b16_g04,gsm8k,gsm8k_00975,1,20.0,20.0,boxed,259,1
acc3_b16_g04,gsm8k,gsm8k_01230,1,440.0,440.0,boxed,213,1
acc3_b16_g04,gsm8k,gsm8k_00236,0,30.0,31.0,boxed,675,1
acc3_b16_g04,gsm8k,gsm8k_01000,1,1.0,1.0,boxed,314,1
acc3_b16_g04,gsm8k,gsm8k_01041,1,101.0,101.0,boxed,138,1
acc3_b16_g04,gsm8k,gsm8k_00225,1,9.0,9.0,boxed,225,1
acc3_b16_g04,gsm8k,gsm8k_00226,1,33.0,33.0,boxed,365,1
acc3_b16_g04,gsm8k,gsm8k_00030,1,109.0,109.0,boxed,206,1
acc3_b16_g04,gsm8k,gsm8k_00590,0,318.0,319.0,boxed,194,1
acc3_b16_g04,gsm8k,gsm8k_01101,1,16.0,16.0,boxed,215,1
acc3_b16_g04,gsm8k,gsm8k_01039,1,160.0,160.0,boxed,211,1
acc3_b16_g04,gsm8k,gsm8k_00758,1,133.0,133.0,boxed,104,1
acc3_b16_g04,gsm8k,gsm8k_01258,1,60.0,60.0,boxed,198,1
acc3_b16_g04,gsm8k,gsm8k_00409,0,42000.0,168000.0,boxed,240,1
acc3_b16_g04,gsm8k,gsm8k_00151,1,5.0,5.0,boxed,161,1
acc3_b16_g04,gsm8k,gsm8k_00178,1,122.0,122.0,boxed,220,1
acc3_b16_g04,gsm8k,gsm8k_01207,1,64.0,64.0,boxed,111,1
acc3_b16_g04,gsm8k,gsm8k_00201,1,114200.0,114200.0,boxed,263,1
acc3_b16_g04,gsm8k,gsm8k_00911,1,64.0,64.0,boxed,151,1
acc3_b16_g04,gsm8k,gsm8k_00729,1,1000.0,1000.0,boxed,482,1
acc3_b16_g04,gsm8k,gsm8k_01025,1,30.0,30.0,boxed,141,1
acc3_b16_g04,gsm8k,gsm8k_00139,1,70.0,70.0,boxed,173,1
acc3_b16_g04,gsm8k,gsm8k_00077,1,100.0,100.0,boxed,283,1
acc3_b16_g04,gsm8k,gsm8k_00008,1,45.0,45.0,boxed,636,1
acc3_b16_g04,gsm8k,gsm8k_00428,1,26.0,26.0,boxed,1005,1
acc3_b16_g04,gsm8k,gsm8k_00504,1,2.0,2.0,boxed,301,1
acc3_b16_g04,gsm8k,gsm8k_00818,1,16.0,16.0,boxed,216,1
acc3_b16_g04,gsm8k,gsm8k_01007,1,34.0,34.0,boxed,222,1
acc3_b16_g04,gsm8k,gsm8k_01029,1,34.0,34.0,boxed,330,1
acc3_b16_g04,gsm8k,gsm8k_00831,1,324.0,324.0,boxed,313,1
acc3_b16_g04,gsm8k,gsm8k_00028,1,25.0,25.0,boxed,174,1
acc3_b16_g04,gsm8k,gsm8k_00859,1,1520.0,1520.0,boxed,200,1
acc3_b16_g04,gsm8k,gsm8k_01183,1,11.0,11.0,boxed,215,1
acc3_b16_g04,gsm8k,gsm8k_01040,1,736.0,736.0,boxed,272,1
acc3_b16_g04,gsm8k,gsm8k_00620,1,1509.0,1509.0,boxed,197,1
acc3_b16_g04,gsm8k,gsm8k_00545,1,30.0,30.0,boxed,101,1
acc3_b16_g04,gsm8k,gsm8k_00007,0,120.0,160.0,boxed,237,1
acc3_b16_g04,gsm8k,gsm8k_00539,0,30.0,35.0,boxed,101,1
acc3_b16_g04,gsm8k,gsm8k_00045,1,104.0,104.0,boxed,281,1
acc3_b16_g04,gsm8k,gsm8k_00572,1,100.0,100.0,boxed,228,1
acc3_b16_g04,gsm8k,gsm8k_00483,1,40.0,40.0,boxed,263,1
acc3_b16_g04,gsm8k,gsm8k_00636,1,1050.0,1050.0,boxed,220,1
acc3_b16_g04,gsm8k,gsm8k_00829,1,14000.0,14000.0,boxed,331,1
acc3_b16_g04,gsm8k,gsm8k_00989,0,90.0,45.0,last-number,1024,0
acc3_b16_g04,gsm8k,gsm8k_00345,1,310.0,310.0,boxed,190,1
acc3_b16_g04,gsm8k,gsm8k_00393,1,20.0,20.0,boxed,323,1
acc3_b16_g04,gsm8k,gsm8k_00666,1,120.0,120.0,boxed,342,1
acc3_b16_g04,gsm8k,gsm8k_01215,1,36.0,36.0,boxed,323,1
acc3_b16_g04,gsm8k,gsm8k_00326,1,14.0,14.0,boxed,216,1
acc3_b16_g04,gsm8k,gsm8k_00566,1,10.0,10.0,boxed,300,1
acc3_b16_g04,gsm8k,gsm8k_00515,1,160.0,160.0,boxed,144,1
acc3_b16_g04,gsm8k,gsm8k_00941,1,842.0,842.0,boxed,186,1
acc3_b16_g04,gsm8k,gsm8k_00609,1,7.0,7.0,boxed,139,1
acc3_b16_g04,gsm8k,gsm8k_00782,0,27.0,54.0,boxed,221,1
acc3_b16_g04,gsm8k,gsm8k_00355,1,34.0,34.0,boxed,186,1
acc3_b16_g04,gsm8k,gsm8k_01103,1,90.0,90.0,boxed,366,1
acc3_b16_g04,gsm8k,gsm8k_01279,1,180.0,180.0,boxed,164,1
acc3_b16_g04,gsm8k,gsm8k_00080,1,10.0,10.0,boxed,144,1
acc3_b16_g04,gsm8k,gsm8k_01108,1,38.0,38.0,boxed,56,1
acc3_b16_g04,gsm8k,gsm8k_00328,1,2.0,2.0,boxed,163,1
acc3_b16_g04,gsm8k,gsm8k_00934,1,410.0,410.0,boxed,177,1
acc3_b16_g04,gsm8k,gsm8k_00796,0,3120000.0,2880000.0,boxed,216,1
acc3_b16_g04,gsm8k,gsm8k_00670,1,4.0,4.0,boxed,119,1
acc3_b16_g04,gsm8k,gsm8k_00433,1,6.0,6.0,boxed,152,1
acc3_b16_g04,gsm8k,gsm8k_00041,1,200.0,200.0,boxed,175,1
acc3_b16_g04,gsm8k,gsm8k_00996,1,3.0,3.0,boxed,245,1
acc3_b16_g04,gsm8k,gsm8k_01048,0,9858.38,7400.0,boxed,479,1
acc3_b16_g04,gsm8k,gsm8k_00127,1,120.0,120.0,boxed,194,1
acc3_b16_g04,gsm8k,gsm8k_00434,0,0.0,5.0,last-number,1024,0
acc3_b16_g04,gsm8k,gsm8k_01146,1,16.0,16.0,boxed,389,1
acc3_b16_g04,gsm8k,gsm8k_00681,1,298.0,298.0,boxed,460,1
acc3_b16_g04,gsm8k,gsm8k_01055,1,2304.0,2304.0,boxed,167,1
acc3_b16_g04,gsm8k,gsm8k_00614,1,312.0,312.0,boxed,165,1
acc3_b16_g04,gsm8k,gsm8k_00990,1,14.0,14.0,boxed,371,1
acc3_b16_g04,gsm8k,gsm8k_00626,1,72.0,72.0,boxed,354,1
acc3_b16_g04,gsm8k,gsm8k_01028,1,200.0,200.0,boxed,207,1
acc3_b16_g04,gsm8k,gsm8k_00563,1,12.0,12.0,boxed,176,1
acc3_b16_g04,gsm8k,gsm8k_01009,1,1875.0,1875.0,boxed,333,1
acc3_b16_g04,gsm8k,gsm8k_00147,1,75.0,75.0,boxed,350,1
acc3_b16_g04,gsm8k,gsm8k_00472,1,6.0,6.0,boxed,267,1
acc3_b16_g04,gsm8k,gsm8k_01317,1,5.0,5.0,boxed,340,1
acc3_b16_g04,gsm8k,gsm8k_00720,1,4.0,4.0,boxed,156,1
acc3_b16_g04,gsm8k,gsm8k_00622,1,7.0,7.0,boxed,278,1
acc3_b16_g04,gsm8k,gsm8k_00067,1,595.0,595.0,boxed,242,1
acc3_b16_g04,gsm8k,gsm8k_00735,1,50.0,50.0,boxed,234,1
acc3_b16_g04,gsm8k,gsm8k_01019,1,98.0,98.0,boxed,190,1
acc3_b16_g04,mmlu,mmlu_07304,1,D,D,boxed,70,1
acc3_b16_g04,mmlu,mmlu_09671,1,D,D,boxed,216,1
acc3_b16_g04,mmlu,mmlu_00837,1,D,D,boxed,226,1
acc3_b16_g04,mmlu,mmlu_02978,1,B,B,boxed,345,1
acc3_b16_g04,mmlu,mmlu_01120,0,A,B,boxed,395,1
acc3_b16_g04,mmlu,mmlu_03514,1,B,B,boxed,289,1
acc3_b16_g04,mmlu,mmlu_01523,1,A,A,boxed,150,1
acc3_b16_g04,mmlu,mmlu_03617,1,D,D,boxed,208,1
acc3_b16_g04,mmlu,mmlu_07741,0,A,B,boxed,302,1
acc3_b16_g04,mmlu,mmlu_11251,0,A,C,boxed,563,1
acc3_b16_g04,mmlu,mmlu_07819,1,A,A,boxed,163,1
acc3_b16_g04,mmlu,mmlu_05950,1,B,B,boxed,214,1
acc3_b16_g04,mmlu,mmlu_03700,1,D,D,boxed,221,1
acc3_b16_g04,mmlu,mmlu_13987,0,A,C,boxed,331,1
acc3_b16_g04,mmlu,mmlu_07951,1,D,D,boxed,66,1
acc3_b16_g04,mmlu,mmlu_09324,1,B,B,boxed,286,1
acc3_b16_g04,mmlu,mmlu_06674,1,C,C,boxed,234,1
acc3_b16_g04,mmlu,mmlu_03615,1,D,D,boxed,191,1
acc3_b16_g04,mmlu,mmlu_07022,1,C,C,boxed,194,1
acc3_b16_g04,mmlu,mmlu_07502,1,D,D,boxed,379,1
acc3_b16_g04,mmlu,mmlu_04079,1,B,B,boxed,285,1
acc3_b16_g04,mmlu,mmlu_14037,1,A,A,boxed,257,1
acc3_b16_g04,mmlu,mmlu_12983,0,B,D,boxed,471,1
acc3_b16_g04,mmlu,mmlu_07587,1,A,A,boxed,73,1
acc3_b16_g04,mmlu,mmlu_11707,1,B,B,boxed,623,1
acc3_b16_g04,mmlu,mmlu_08796,1,D,D,boxed,181,1
acc3_b16_g04,mmlu,mmlu_01738,0,A,D,boxed,234,1
acc3_b16_g04,mmlu,mmlu_10355,0,A,D,boxed,412,1
acc3_b16_g04,mmlu,mmlu_05266,1,D,D,boxed,235,1
acc3_b16_g04,mmlu,mmlu_12805,1,C,C,boxed,338,1
acc3_b16_g04,mmlu,mmlu_04416,1,B,B,boxed,208,1
acc3_b16_g04,mmlu,mmlu_03391,1,D,D,boxed,235,1
acc3_b16_g04,mmlu,mmlu_00894,1,B,B,boxed,350,1
acc3_b16_g04,mmlu,mmlu_13246,1,D,D,boxed,403,1
acc3_b16_g04,mmlu,mmlu_04096,1,A,A,boxed,476,1
acc3_b16_g04,mmlu,mmlu_09835,1,C,C,boxed,331,1
acc3_b16_g04,mmlu,mmlu_04499,0,A,C,boxed,486,1
acc3_b16_g04,mmlu,mmlu_12050,1,D,D,boxed,557,1
acc3_b16_g04,mmlu,mmlu_11627,1,B,B,boxed,592,1
acc3_b16_g04,mmlu,mmlu_08147,1,B,B,boxed,596,1
acc3_b16_g04,mmlu,mmlu_02662,1,B,B,boxed,217,1
acc3_b16_g04,mmlu,mmlu_09876,1,A,A,boxed,348,1
acc3_b16_g04,mmlu,mmlu_11586,0,A,B,boxed,398,1
acc3_b16_g04,mmlu,mmlu_10786,0,A,D,boxed,413,1
acc3_b16_g04,mmlu,mmlu_05580,1,D,D,boxed,535,1
acc3_b16_g04,mmlu,mmlu_10766,0,A,C,boxed,535,1
acc3_b16_g04,mmlu,mmlu_09406,1,A,A,boxed,210,1
acc3_b16_g04,mmlu,mmlu_07339,0,A,B,boxed,348,1
acc3_b16_g04,mmlu,mmlu_13773,0,A,B,boxed,343,1
acc3_b16_g04,mmlu,mmlu_02515,1,A,A,boxed,623,1
acc3_b16_g04,mmlu,mmlu_01824,1,D,D,boxed,910,1
acc3_b16_g04,mmlu,mmlu_07905,1,A,A,boxed,148,1
acc3_b16_g04,mmlu,mmlu_01778,1,B,B,boxed,461,1
acc3_b16_g04,mmlu,mmlu_10590,1,A,A,boxed,989,1
acc3_b16_g04,mmlu,mmlu_09016,1,B,B,boxed,230,1
acc3_b16_g04,mmlu,mmlu_09822,0,A,C,boxed,288,1
acc3_b16_g04,mmlu,mmlu_07116,1,A,A,boxed,265,1
acc3_b16_g04,mmlu,mmlu_02848,1,A,A,boxed,369,1
acc3_b16_g04,mmlu,mmlu_09710,1,D,D,boxed,241,1
acc3_b16_g04,mmlu,mmlu_08362,0,C,D,boxed,506,1
acc3_b16_g04,mmlu,mmlu_07799,1,B,B,boxed,136,1
acc3_b16_g04,mmlu,mmlu_08845,0,C,D,boxed,202,1
acc3_b16_g04,mmlu,mmlu_10761,1,A,A,boxed,601,1
acc3_b16_g04,mmlu,mmlu_01897,1,A,A,boxed,360,1
acc3_b16_g04,mmlu,mmlu_13824,1,D,D,boxed,222,1
acc3_b16_g04,mmlu,mmlu_07643,1,D,D,boxed,116,1
acc3_b16_g04,mmlu,mmlu_11526,0,A,B,boxed,701,1
acc3_b16_g04,mmlu,mmlu_05177,1,B,B,boxed,211,1
acc3_b16_g04,mmlu,mmlu_03099,1,C,C,boxed,202,1
acc3_b16_g04,mmlu,mmlu_05206,1,D,D,boxed,357,1
acc3_b16_g04,mmlu,mmlu_13223,0,A,D,boxed,325,1
acc3_b16_g04,mmlu,mmlu_05061,1,A,A,boxed,185,1
acc3_b16_g04,mmlu,mmlu_12024,1,C,C,boxed,517,1
acc3_b16_g04,mmlu,mmlu_05878,1,A,A,boxed,233,1
acc3_b16_g04,mmlu,mmlu_00805,0,D,A,boxed,597,1
acc3_b16_g04,mmlu,mmlu_02710,1,D,D,boxed,250,1
acc3_b16_g04,mmlu,mmlu_11697,1,A,A,boxed,424,1
acc3_b16_g04,mmlu,mmlu_03459,1,A,A,boxed,197,1
acc3_b16_g04,mmlu,mmlu_00325,0,B,D,boxed,709,1
acc3_b16_g04,mmlu,mmlu_10884,0,B,C,boxed,769,1
acc3_b16_g04,mmlu,mmlu_01116,1,D,D,boxed,415,1
acc3_b16_g04,mmlu,mmlu_09320,0,B,A,boxed,188,1
acc3_b16_g04,mmlu,mmlu_07145,1,C,C,boxed,153,1
acc3_b16_g04,mmlu,mmlu_06894,0,A,B,boxed,354,1
acc3_b16_g04,mmlu,mmlu_07300,1,A,A,boxed,307,1
acc3_b16_g04,mmlu,mmlu_07789,1,A,A,boxed,142,1
acc3_b16_g04,mmlu,mmlu_13316,0,C,D,boxed,532,1
acc3_b16_g04,mmlu,mmlu_00499,0,D,B,boxed,293,1
acc3_b16_g04,mmlu,mmlu_01770,1,B,B,boxed,194,1
acc3_b16_g04,mmlu,mmlu_11058,0,D,C,boxed,352,1
acc3_b16_g04,mmlu,mmlu_05781,0,B,A,boxed,430,1
acc3_b16_g04,mmlu,mmlu_00289,0,C,D,boxed,308,1
acc3_b16_g04,mmlu,mmlu_03045,1,B,B,boxed,296,1
acc3_b16_g04,mmlu,mmlu_10377,1,B,B,boxed,282,1
acc3_b16_g04,mmlu,mmlu_06471,1,A,A,boxed,322,1
acc3_b16_g04,mmlu,mmlu_05720,1,C,C,boxed,332,1
acc3_b16_g04,mmlu,mmlu_01601,1,B,B,boxed,211,1
acc3_b16_g04,mmlu,mmlu_12320,0,A,D,boxed,280,1
acc3_b16_g04,mmlu,mmlu_11387,0,B,D,boxed,878,1
acc3_b16_g04,mmlu,mmlu_12878,0,A,B,boxed,225,1
acc3_b16_g04,mmlu,mmlu_04379,1,C,C,boxed,229,1
acc3_b16_g04,mmlu,mmlu_09187,0,B,D,boxed,208,1
acc3_b16_g04,mmlu,mmlu_04462,1,D,D,boxed,259,1
acc3_b16_g04,mmlu,mmlu_11854,0,B,D,boxed,646,1
acc3_b16_g04,mmlu,mmlu_05524,0,A,D,boxed,376,1
acc3_b16_g04,mmlu,mmlu_06478,1,D,D,boxed,382,1
acc3_b16_g04,mmlu,mmlu_09163,0,B,A,boxed,181,1
acc3_b16_g04,mmlu,mmlu_03312,1,A,A,boxed,296,1
acc3_b16_g04,mmlu,mmlu_06200,1,A,A,boxed,244,1
acc3_b16_g04,mmlu,mmlu_03054,1,B,B,boxed,371,1
acc3_b16_g04,mmlu,mmlu_09636,1,D,D,boxed,130,1
acc3_b16_g04,mmlu,mmlu_08617,0,B,C,boxed,189,1
acc3_b16_g04,mmlu,mmlu_02098,1,C,C,boxed,284,1
acc3_b16_g04,mmlu,mmlu_10302,1,A,A,boxed,210,1
acc3_b16_g04,mmlu,mmlu_07449,1,A,A,boxed,202,1
acc3_b16_g04,mmlu,mmlu_07323,1,B,B,boxed,304,1
acc3_b16_g04,mmlu,mmlu_04661,1,D,D,boxed,255,1
acc3_b16_g04,mmlu,mmlu_11789,0,B,A,boxed,695,1
acc3_b16_g04,mmlu,mmlu_02638,0,C,B,boxed,56,1
acc3_b16_g04,mmlu,mmlu_05196,0,B,A,boxed,278,1
acc3_b16_g04,mmlu,mmlu_09006,0,B,D,boxed,227,1
acc3_b16_g04,mmlu,mmlu_01249,1,C,C,boxed,230,1
acc3_b16_g04,mmlu,mmlu_08317,1,D,D,boxed,401,1
acc3_b16_g04,mmlu,mmlu_08129,1,C,C,boxed,147,1
acc3_b16_g04,mmlu,mmlu_00353,1,A,A,boxed,379,1
acc3_b16_g04,mmlu,mmlu_07127,1,C,C,boxed,243,1
acc3_b16_g04,mmlu,mmlu_13314,1,D,D,boxed,324,1
acc3_b16_g04,mmlu,mmlu_04187,0,C,A,boxed,385,1
acc3_b16_g04,mmlu,mmlu_02384,1,A,A,boxed,384,1
acc3_b16_g04,mmlu,mmlu_10737,1,A,A,boxed,575,1
acc3_b16_g04,mmlu,mmlu_12401,1,C,C,boxed,478,1
acc3_b16_g04,mmlu,mmlu_09938,1,D,D,boxed,329,1
acc3_b16_g04,mmlu,mmlu_02228,1,D,D,boxed,686,1
acc3_b16_g04,mmlu,mmlu_05795,1,C,C,boxed,353,1
acc3_b16_g04,mmlu,mmlu_01238,1,D,D,boxed,295,1
acc3_b16_g04,mmlu,mmlu_00207,0,A,D,boxed,300,1
acc3_b16_g04,mmlu,mmlu_00968,0,C,A,boxed,690,1
acc3_b16_g04,mmlu,mmlu_09518,1,C,C,boxed,238,1
acc3_b16_g04,mmlu,mmlu_06333,1,B,B,boxed,204,1
acc3_b16_g04,mmlu,mmlu_07136,0,A,C,boxed,200,1
acc3_b16_g04,mmlu,mmlu_09489,1,B,B,boxed,243,1
acc3_b16_g04,mmlu,mmlu_00908,1,A,A,boxed,743,1
acc3_b16_g04,mmlu,mmlu_10299,1,B,B,boxed,416,1
acc3_b16_g04,mmlu,mmlu_11756,0,A,B,boxed,463,1
acc3_b16_g04,mmlu,mmlu_13190,0,D,C,boxed,582,1
acc3_b16_g04,mmlu,mmlu_12905,1,A,A,boxed,202,1
acc3_b16_g04,mmlu,mmlu_07246,1,C,C,boxed,190,1
acc3_b16_g04,mmlu,mmlu_03476,1,A,A,boxed,185,1
acc3_b16_g04,mmlu,mmlu_03765,1,D,D,boxed,222,1
acc3_b16_g04,mmlu,mmlu_04044,0,D,A,boxed,203,1
acc3_b16_g04,mmlu,mmlu_05701,0,A,D,boxed,400,1
acc3_b16_g04,mmlu,mmlu_02089,1,B,B,boxed,131,1
acc3_b16_g04,mmlu,mmlu_09473,1,C,C,boxed,186,1
acc3_b16_g04,mmlu,mmlu_13690,0,A,C,boxed,221,1
acc3_b16_g04,mmlu,mmlu_06208,1,B,B,boxed,257,1
acc3_b16_g04,mmlu,mmlu_09084,0,B,D,boxed,296,1
acc3_b16_g04,mmlu,mmlu_10789,0,A,C,boxed,979,1
acc3_b16_g04,mmlu,mmlu_04621,1,D,D,boxed,228,1
acc3_b16_g04,mmlu,mmlu_01064,1,B,B,boxed,327,1
acc3_b16_g04,mmlu,mmlu_05246,1,B,B,boxed,215,1
acc3_b16_g04,mmlu,mmlu_00726,0,D,C,boxed,220,1
acc3_b16_g04,mmlu,mmlu_04201,1,C,C,boxed,379,1
acc3_b16_g04,mmlu,mmlu_10095,1,A,A,boxed,294,1
acc3_b16_g04,mmlu,mmlu_02474,1,A,A,boxed,632,1
acc3_b16_g04,mmlu,mmlu_07293,1,C,C,boxed,177,1
acc3_b16_g04,mmlu,mmlu_10523,0,C,B,boxed,393,1
acc3_b16_g04,mmlu,mmlu_02591,0,C,D,boxed,315,1
acc3_b16_g04,mmlu,mmlu_12722,1,A,A,boxed,237,1
acc3_b16_g04,mmlu,mmlu_07442,1,B,B,boxed,91,1
acc3_b16_g04,mmlu,mmlu_05983,1,A,A,boxed,464,1
acc3_b16_g04,mmlu,mmlu_09214,1,D,D,boxed,199,1
acc3_b16_g04,mmlu,mmlu_13456,0,A,B,boxed,322,1
acc3_b16_g04,mmlu,mmlu_08554,1,B,B,boxed,189,1
acc3_b16_g04,mmlu,mmlu_13412,1,A,A,boxed,342,1
acc3_b16_g04,mmlu,mmlu_01355,0,D,C,boxed,220,1
acc3_b16_g04,mmlu,mmlu_02514,1,C,C,boxed,854,1
acc3_b16_g04,mmlu,mmlu_10997,1,A,A,boxed,486,1
acc3_b16_g04,mmlu,mmlu_03090,1,A,A,boxed,620,1
acc3_b16_g04,mmlu,mmlu_06190,0,A,C,boxed,183,1
acc3_b16_g04,mmlu,mmlu_08371,1,D,D,boxed,430,1
acc3_b16_g04,mmlu,mmlu_01453,1,A,A,boxed,747,1
acc3_b16_g04,mmlu,mmlu_10082,0,A,D,boxed,482,1
acc3_b16_g04,mmlu,mmlu_02014,0,A,C,boxed,151,1
acc3_b16_g04,mmlu,mmlu_07035,1,C,C,boxed,187,1
acc3_b16_g04,mmlu,mmlu_07031,1,D,D,boxed,313,1
acc3_b16_g04,mmlu,mmlu_10646,1,C,C,boxed,415,1
acc3_b16_g04,mmlu,mmlu_09686,1,D,D,boxed,355,1
acc3_b16_g04,mmlu,mmlu_04770,0,D,C,boxed,259,1
acc3_b16_g04,mmlu,mmlu_01055,1,D,D,boxed,530,1
acc3_b16_g04,mmlu,mmlu_01697,1,C,C,boxed,445,1
acc3_b16_g04,mmlu,mmlu_12056,0,C,B,boxed,328,1
acc3_b16_g04,mmlu,mmlu_13871,1,D,D,boxed,150,1
acc3_b16_g04,mmlu,mmlu_13884,1,B,B,boxed,282,1
acc3_b16_g04,mmlu,mmlu_06767,1,B,B,boxed,350,1
acc3_b16_g04,mmlu,mmlu_03852,1,A,A,boxed,259,1
acc3_b16_g04,mmlu,mmlu_03770,1,A,A,boxed,240,1
acc3_b16_g04,mmlu,mmlu_08264,1,C,C,boxed,332,1
acc3_b16_g04,mmlu,mmlu_08043,1,C,C,boxed,150,1
acc3_b16_g04,mmlu,mmlu_08263,0,A,B,boxed,360,1
acc3_b16_g04,mmlu,mmlu_03737,1,C,C,boxed,295,1
acc3_b16_g04,mmlu,mmlu_02189,1,B,B,boxed,163,1
acc3_b16_g04,mmlu,mmlu_04871,1,C,C,boxed,197,1
acc3_b16_g04,mmlu,mmlu_00782,1,A,A,boxed,217,1
acc3_b16_g04,mmlu,mmlu_08988,1,B,B,boxed,151,1
acc3_b16_g04,mmlu,mmlu_06226,1,D,D,boxed,264,1
acc3_b16_g04,mmlu,mmlu_09002,0,A,D,boxed,248,1
acc3_b16_g04,mmlu,mmlu_06779,1,A,A,boxed,311,1
acc3_b16_g04,mmlu,mmlu_06846,1,C,C,boxed,148,1
acc3_b16_g04,mmlu,mmlu_00563,1,B,B,boxed,442,1
acc3_b16_g04,mmlu,mmlu_02401,1,B,B,boxed,134,1
acc3_b16_g04,mmlu,mmlu_04936,1,D,D,boxed,338,1
acc3_b16_g04,mmlu,mmlu_02331,0,D,B,boxed,157,1
acc3_b16_g04,mmlu,mmlu_09368,1,B,B,boxed,179,1
acc3_b16_g04,mmlu,mmlu_13049,1,B,B,boxed,154,1
acc3_b16_g04,mmlu,mmlu_06047,0,A,B,boxed,611,1
acc3_b16_g04,mmlu,mmlu_07220,1,C,C,boxed,221,1
acc3_b16_g04,mmlu,mmlu_00997,1,C,C,trailing-letter,1024,0
acc3_b16_g04,mmlu,mmlu_07206,1,B,B,boxed,169,1
acc3_b16_g04,mmlu,mmlu_06727,1,D,D,boxed,225,1
acc3_b16_g04,mmlu,mmlu_10614,1,A,A,boxed,259,1
acc3_b16_g04,mmlu,mmlu_00613,1,A,A,boxed,185,1
acc3_b16_g04,mmlu,mmlu_07858,1,B,B,boxed,204,1
acc3_b16_g04,mmlu,mmlu_11645,1,C,C,boxed,371,1
acc3_b16_g04,mmlu,mmlu_11288,0,A,B,boxed,481,1
acc3_b16_g04,mmlu,mmlu_13296,1,B,B,boxed,281,1
acc3_b16_g04,mmlu,mmlu_03862,1,B,B,boxed,327,1
acc3_b16_g04,mmlu,mmlu_10980,0,B,A,boxed,503,1
acc3_b16_g04,mmlu,mmlu_10167,0,A,B,boxed,341,1
acc3_b16_g04,mmlu,mmlu_07535,0,A,B,boxed,130,1
acc3_b16_g04,mmlu,mmlu_04119,1,A,A,boxed,543,1
acc3_b16_g04,mmlu,mmlu_04737,1,A,A,boxed,254,1
acc3_b16_g04,mmlu,mmlu_02732,0,B,C,boxed,177,1
acc3_b16_g04,mmlu,mmlu_13393,0,A,C,boxed,180,1
acc3_b16_g04,mmlu,mmlu_12628,1,A,A,boxed,386,1
acc3_b16_g04,mmlu,mmlu_02124,1,B,B,boxed,296,1
acc3_b16_g04,mmlu,mmlu_05153,1,B,B,boxed,332,1
acc3_b16_g04,mmlu,mmlu_01638,0,A,D,boxed,308,1
acc3_b16_g04,mmlu,mmlu_00847,1,B,B,boxed,387,1
acc3_b16_g04,mmlu,mmlu_00880,1,C,C,boxed,331,1
acc3_b16_g04,mmlu,mmlu_02593,1,D,D,boxed,314,1
acc3_b16_g04,mmlu,mmlu_11705,0,C,B,boxed,631,1
acc3_b16_g04,mmlu,mmlu_00574,1,B,B,boxed,246,1
acc3_b16_g04,mmlu,mmlu_10258,0,B,D,boxed,275,1
acc3_b16_g04,mmlu,mmlu_11027,1,A,A,boxed,511,1
acc3_b16_g04,mmlu,mmlu_11825,0,A,B,boxed,610,1
acc3_b16_g04,mmlu,mmlu_09474,1,C,C,boxed,258,1
acc3_b16_g04,mmlu,mmlu_04625,1,D,D,boxed,295,1
acc3_b16_g04,mmlu,mmlu_09769,1,C,C,boxed,321,1
acc3_b16_g04,mmlu,mmlu_07681,1,C,C,boxed,104,1
acc3_b16_g04,mmlu,mmlu_07644,1,C,C,boxed,150,1
acc3_b16_g05,gsm8k,gsm8k_00504,1,2.0,2.0,boxed,291,1
acc3_b16_g05,gsm8k,gsm8k_00030,1,109.0,109.0,boxed,206,1
acc3_b16_g05,gsm8k,gsm8k_00017,1,57500.0,57500.0,boxed,313,1
acc3_b16_g05,gsm8k,gsm8k_00934,1,410.0,410.0,boxed,174,1
acc3_b16_g05,gsm8k,gsm8k_00077,1,100.0,100.0,boxed,283,1
acc3_b16_g05,gsm8k,gsm8k_00048,1,8.0,8.0,boxed,130,1
acc3_b16_g05,gsm8k,gsm8k_00963,1,147.0,147.0,boxed,537,1
acc3_b16_g05,gsm8k,gsm8k_00226,1,33.0,33.0,boxed,365,1
acc3_b16_g05,gsm8k,gsm8k_00142,1,140.0,140.0,boxed,143,1
acc3_b16_g05,gsm8k,gsm8k_00808,1,12.0,12.0,boxed,257,1
acc3_b16_g05,gsm8k,gsm8k_01117,1,9.0,9.0,boxed,340,1
acc3_b16_g05,gsm8k,gsm8k_00908,1,14.0,14.0,boxed,151,1
acc3_b16_g05,gsm8k,gsm8k_01039,1,160.0,160.0,boxed,193,1
acc3_b16_g05,gsm8k,gsm8k_00428,1,26.0,26.0,boxed,749,1
acc3_b16_g05,gsm8k,gsm8k_01279,1,180.0,180.0,boxed,164,1
acc3_b16_g05,gsm8k,gsm8k_00100,1,175.0,175.0,boxed,297,1
acc3_b16_g05,gsm8k,gsm8k_01137,1,68.0,68.0,boxed,327,1
acc3_b16_g05,gsm8k,gsm8k_00515,0,288.0,160.0,boxed,184,1
acc3_b16_g05,gsm8k,gsm8k_00735,1,50.0,50.0,boxed,234,1
acc3_b16_g05,gsm8k,gsm8k_00461,1,9.0,9.0,boxed,224,1
acc3_b16_g05,gsm8k,gsm8k_01255,1,12.0,12.0,boxed,250,1
acc3_b16_g05,gsm8k,gsm8k_01242,1,20.0,20.0,boxed,227,1
acc3_b16_g05,gsm8k,gsm8k_00345,1,310.0,310.0,boxed,190,1
acc3_b16_g05,gsm8k,gsm8k_00740,1,25.0,25.0,boxed,295,1
acc3_b16_g05,gsm8k,gsm8k_00620,1,1509.0,1509.0,boxed,197,1
acc3_b16_g05,gsm8k,gsm8k_00139,1,70.0,70.0,boxed,173,1
acc3_b16_g05,gsm8k,gsm8k_00759,1,60000.0,60000.0,boxed,204,1
acc3_b16_g05,gsm8k,gsm8k_00008,1,45.0,45.0,boxed,636,1
acc3_b16_g05,gsm8k,gsm8k_00058,1,57.0,57.0,boxed,152,1
acc3_b16_g05,gsm8k,gsm8k_00782,0,27.0,54.0,boxed,216,1
acc3_b16_g05,gsm8k,gsm8k_00378,1,15.0,15.0,boxed,142,1
acc3_b16_g05,gsm8k,gsm8k_01116,1,60.0,60.0,boxed,180,1
acc3_b16_g05,gsm8k,gsm8k_00595,1,13.0,13.0,boxed,142,1
acc3_b16_g05,gsm8k,gsm8k_01009,1,1875.0,1875.0,boxed,333,1
acc3_b16_g05,gsm8k,gsm8k_00863,1,110.0,110.0,boxed,232,1
acc3_b16_g05,gsm8k,gsm8k_01237,1,78.0,78.0,boxed,91,1
acc3_b16_g05,gsm8k,gsm8k_01000,1,1.0,1.0,boxed,321,1
acc3_b16_g05,gsm8k,gsm8k_00326,1,14.0,14.0,boxed,206,1
acc3_b16_g05,gsm8k,gsm8k_00433,1,6.0,6.0,boxed,152,1
acc3_b16_g05,gsm8k,gsm8k_00225,1,9.0,9.0,boxed,204,1
acc3_b16_g05,gsm8k,gsm8k_01271,1,43.0,43.0,boxed,270,1
acc3_b16_g05,gsm8k,gsm8k_00528,1,172.0,172.0,boxed,364,1
acc3_b16_g05,gsm8k,gsm8k_00407,1,2000.0,2000.0,boxed,478,1
acc3_b16_g05,gsm8k,gsm8k_00045,1,104.0,104.0,boxed,281,1
acc3_b16_g05,gsm8k,gsm8k_01140,1,27.0,27.0,boxed,226,1
acc3_b16_g05,gsm8k,gsm8k_00324,1,14.0,14.0,boxed,492,1
acc3_b16_g05,gsm8k,gsm8k_01181,1,20.0,20.0,boxed,512,1
acc3_b16_g05,gsm8k,gsm8k_00416,1,56.0,56.0,boxed,405,1
acc3_b16_g05,gsm8k,gsm8k_00636,1,1050.0,1050.0,boxed,226,1
acc3_b16_g05,gsm8k,gsm8k_00736,1,3.0,3.0,boxed,235,1
acc3_b16_g05,gsm8k,gsm8k_00400,1,48.0,48.0,boxed,95,1
acc3_b16_g05,gsm8k,gsm8k_00252,1,73.0,73.0,boxed,301,1
acc3_b16_g05,gsm8k,gsm8k_00859,1,1520.0,1520.0,boxed,200,1
acc3_b16_g05,gsm8k,gsm8k_00330,1,31.0,31.0,boxed,219,1
acc3_b16_g05,gsm8k,gsm8k_01153,1,20.0,20.0,boxed,237,1
acc3_b16_g05,gsm8k,gsm8k_00236,0,30.0,31.0,boxed,216,1
acc3_b16_g05,gsm8k,gsm8k_00758,1,133.0,133.0,boxed,104,1
acc3_b16_g05,gsm8k,gsm8k_01231,1,70.0,70.0,boxed,203,1
acc3_b16_g05,gsm8k,gsm8k_00358,1,20.0,20.0,boxed,131,1
acc3_b16_g05,gsm8k,gsm8k_00701,1,200.0,200.0,boxed,260,1
acc3_b16_g05,gsm8k,gsm8k_00788,1,100.0,100.0,boxed,137,1
acc3_b16_g05,gsm8k,gsm8k_01014,1,3.0,3.0,boxed,242,1
acc3_b16_g05,gsm8k,gsm8k_01178,1,17.0,17.0,boxed,137,1
acc3_b16_g05,gsm8k,gsm8k_00683,1,50.0,50.0,boxed,434,1
acc3_b16_g05,gsm8k,gsm8k_01227,1,66.0,66.0,last-number,1024,0
acc3_b16_g05,gsm8k,gsm8k_00458,1,35.0,35.0,boxed,312,1
acc3_b16_g05,gsm8k,gsm8k_01033,1,2.0,2.0,boxed,187,1
acc3_b16_g05,gsm8k,gsm8k_01159,1,50.0,50.0,boxed,256,1
acc3_b16_g05,gsm8k,gsm8k_00720,1,4.0,4.0,boxed,156,1
acc3_b16_g05,gsm8k,gsm8k_00472,1,6.0,6.0,boxed,259,1
acc3_b16_g05,gsm8k,gsm8k_00375,1,48.0,48.0,boxed,139,1
acc3_b16_g05,gsm8k,gsm8k_01085,1,26.0,26.0,boxed,170,1
acc3_b16_g05,gsm8k,gsm8k_00009,1,460.0,460.0,boxed,235,1
acc3_b16_g05,gsm8k,gsm8k_00539,0,30.0,35.0,boxed,101,1
acc3_b16_g05,gsm8k,gsm8k_00254,1,84.0,84.0,boxed,223,1
acc3_b16_g05,gsm8k,gsm8k_00554,1,54.0,54.0,boxed,311,1
acc3_b16_g05,gsm8k,gsm8k_00328,1,2.0,2.0,boxed,163,1
acc3_b16_g05,gsm8k,gsm8k_00214,1,8.0,8.0,boxed,495,1
acc3_b16_g05,gsm8k,gsm8k_01047,1,10.0,10.0,boxed,362,1
acc3_b16_g05,gsm8k,gsm8k_00779,1,255.0,255.0,boxed,339,1
acc3_b16_g05,gsm8k,gsm8k_00833,1,40.0,40.0,boxed,433,1
acc3_b16_g05,gsm8k,gsm8k_01241,1,8.0,8.0,boxed,252,1
acc3_b16_g05,gsm8k,gsm8k_00451,1,11050.0,11050.0,boxed,282,1
acc3_b16_g05,gsm8k,gsm8k_01127,1,750.0,750.0,boxed,286,1
acc3_b16_g05,gsm8k,gsm8k_00434,0,15.0,5.0,last-number,1024,0
acc3_b16_g05,gsm8k,gsm8k_01130,1,25.0,25.0,boxed,257,1
acc3_b16_g05,gsm8k,gsm8k_00493,1,25.0,25.0,boxed,239,1
acc3_b16_g05,gsm8k,gsm8k_00956,1,1.0,1.0,boxed,355,1
acc3_b16_g05,gsm8k,gsm8k_01197,1,2400.0,2400.0,boxed,252,1
acc3_b16_g05,gsm8k,gsm8k_01232,1,15.0,15.0,boxed,226,1
acc3_b16_g05,gsm8k,gsm8k_00325,1,224000.0,224000.0,boxed,343,1
acc3_b16_g05,gsm8k,gsm8k_01025,1,30.0,30.0,boxed,141,1
acc3_b16_g05,gsm8k,gsm8k_00978,1,160.0,160.0,boxed,194,1
acc3_b16_g05,gsm8k,gsm8k_01040,1,736.0,736.0,boxed,272,1
acc3_b16_g05,gsm8k,gsm8k_00101,1,6.0,6.0,boxed,232,1
acc3_b16_g05,gsm8k,gsm8k_00565,1,5.0,5.0,boxed,142,1
acc3_b16_g05,gsm8k,gsm8k_00772,1,50.0,50.0,boxed,309,1
acc3_b16_g05,gsm8k,gsm8k_01041,1,101.0,101.0,boxed,142,1
acc3_b16_g05,gsm8k,gsm8k_00657,1,330000.0,330000.0,boxed,264,1
acc3_b16_g05,gsm8k,gsm8k_01007,1,34.0,34.0,boxed,189,1
acc3_b16_g05,gsm8k,gsm8k_00850,1,70.0,70.0,boxed,244,1
acc3_b16_g05,gsm8k,gsm8k_00641,0,378000.0,262500.0,boxed,213,1
acc3_b16_g05,gsm8k,gsm8k_01103,1,90.0,90.0,boxed,366,1
acc3_b16_g05,gsm8k,gsm8k_00990,1,14.0,14.0,boxed,373,1
acc3_b16_g05,gsm8k,gsm8k_00409,0,42000.0,168000.0,boxed,240,1
acc3_b16_g05,gsm8k,gsm8k_00044,1,20.0,20.0,boxed,255,1
acc3_b16_g05,gsm8k,gsm8k_01060,1,31.0,31.0,boxed,302,1
acc3_b16_g05,gsm8k,gsm8k_01003,0,12.0,480.0,last-number,1024,0
acc3_b16_g05,gsm8k,gsm8k_00545,1,30.0,30.0,boxed,99,1
acc3_b16_g05,gsm8k,gsm8k_00590,0,318.0,319.0,boxed,182,1
acc3_b16_g05,gsm8k,gsm8k_00435,1,5.0,5.0,boxed,99,1
acc3_b16_g05,gsm8k,gsm8k_00549,1,398.0,398.0,boxed,184,1
acc3_b16_g05,gsm8k,gsm8k_00778,1,38.0,38.0,boxed,247,1
acc3_b16_g05,gsm8k,gsm8k_01215,1,36.0,36.0,boxed,323,1
acc3_b16_g05,gsm8k,gsm8k_00949,1,42.0,42.0,boxed,270,1
acc3_b16_g05,gsm8k,gsm8k_00799,1,4.0,4.0,boxed,135,1
acc3_b16_g05,gsm8k,gsm8k_00163,0,54.0,50.0,boxed,306,1
acc3_b16_g05,gsm8k,gsm8k_00563,1,12.0,12.0,boxed,175,1
acc3_b16_g05,gsm8k,gsm8k_00767,1,60.0,60.0,boxed,174,1
acc3_b16_g05,gsm8k,gsm8k_00028,1,25.0,25.0,boxed,174,1
acc3_b16_g05,gsm8k,gsm8k_01221,1,10.0,10.0,boxed,257,1
acc3_b16_g05,gsm8k,gsm8k_00622,1,7.0,7.0,boxed,276,1
acc3_b16_g05,gsm8k,gsm8k_00483,1,40.0,40.0,boxed,263,1
acc3_b16_g05,gsm8k,gsm8k_00233,1,12.0,12.0,boxed,190,1
acc3_b16_g05,gsm8k,gsm8k_00091,1,28.0,28.0,boxed,235,1
acc3_b16_g05,gsm8k,gsm8k_01029,1,34.0,34.0,boxed,330,1
acc3_b16_g05,gsm8k,gsm8k_01031,1,5.0,5.0,boxed,186,1
acc3_b16_g05,gsm8k,gsm8k_01146,1,16.0,16.0,boxed,362,1
acc3_b16_g05,gsm8k,gsm8k_00901,0,2.0,1.0,boxed,193,1
acc3_b16_g05,gsm8k,gsm8k_00151,1,5.0,5.0,boxed,161,1
acc3_b16_g05,gsm8k,gsm8k_01207,1,64.0,64.0,boxed,126,1
acc3_b16_g05,gsm8k,gsm8k_00791,1,100.0,100.0,boxed,192,1
acc3_b16_g05,gsm8k,gsm8k_00941,1,842.0,842.0,boxed,217,1
acc3_b16_g05,gsm8k,gsm8k_01043,1,130000.0,130000.0,boxed,159,1
acc3_b16_g05,gsm8k,gsm8k_01226,1,90.0,90.0,boxed,223,1
acc3_b16_g05,gsm8k,gsm8k_01143,1,300.0,300.0,boxed,218,1
acc3_b16_g05,gsm8k,gsm8k_00538,1,18.0,18.0,boxed,207,1
acc3_b16_g05,gsm8k,gsm8k_01054,1,2400.0,2400.0,boxed,124,1
acc3_b16_g05,gsm8k,gsm8k_00666,1,120.0,120.0,boxed,342,1
acc3_b16_g05,gsm8k,gsm8k_00195,1,12.0,12.0,boxed,223,1
acc3_b16_g05,gsm8k,gsm8k_01183,1,11.0,11.0,boxed,257,1
acc3_b16_g05,gsm8k,gsm8k_00196,1,120.0,120.0,boxed,152,1
acc3_b16_g05,gsm8k,gsm8k_00469,1,4.0,4.0,boxed,147,1
acc3_b16_g05,gsm8k,gsm8k_00681,1,298.0,298.0,boxed,460,1
acc3_b16_g05,gsm8k,gsm8k_00603,0,1260.0,1800.0,boxed,461,1
acc3_b16_g05,gsm8k,gsm8k_00580,1,500.0,500.0,boxed,421,1
acc3_b16_g05,gsm8k,gsm8k_01202,0,13.0,19.0,boxed,197,1
acc3_b16_g05,gsm8k,gsm8k_00792,1,75.0,75.0,boxed,116,1
acc3_b16_g05,gsm8k,gsm8k_00424,1,570.0,570.0,boxed,141,1
acc3_b16_g05,gsm8k,gsm8k_00609,1,7.0,7.0,boxed,235,1
acc3_b16_g05,gsm8k,gsm8k_00962,0,600.0,1000.0,boxed,182,1
acc3_b16_g05,gsm8k,gsm8k_00381,1,67.0,67.0,boxed,238,1
acc3_b16_g05,gsm8k,gsm8k_01258,1,60.0,60.0,boxed,198,1
acc3_b16_g05,gsm8k,gsm8k_00260,1,11.0,11.0,boxed,303,1
acc3_b16_g05,gsm8k,gsm8k_01310,1,64.0,64.0,boxed,402,1
acc3_b16_g05,gsm8k,gsm8k_01285,1,1218.0,1218.0,boxed,139,1
acc3_b16_g05,gsm8k,gsm8k_00796,0,3120000.0,2880000.0,boxed,216,1
acc3_b16_g05,gsm8k,gsm8k_00664,1,32.0,32.0,boxed,150,1
acc3_b16_g05,gsm8k,gsm8k_00572,1,100.0,100.0,boxed,228,1
acc3_b16_g05,gsm8k,gsm8k_00831,1,324.0,324.0,boxed,313,1
acc3_b16_g05,gsm8k,gsm8k_00694,1,9.0,9.0,boxed,243,1
acc3_b16_g05,gsm8k,gsm8k_00909,1,38.0,38.0,boxed,284,1
acc3_b16_g05,gsm8k,gsm8k_00210,1,10.0,10.0,boxed,383,1
acc3_b16_g05,gsm8k,gsm8k_01030,1,24.0,24.0,boxed,635,1
acc3_b16_g05,gsm8k,gsm8k_01048,0,9858.38,7400.0,boxed,479,1
acc3_b16_g05,gsm8k,gsm8k_01055,1,2304.0,2304.0,boxed,167,1
acc3_b16_g05,gsm8k,gsm8k_01044,1,1.0,1.0,boxed,140,1
acc3_b16_g05,gsm8k,gsm8k_00610,1,65960.0,65960.0,boxed,207,1
acc3_b16_g05,gsm8k,gsm8k_00642,1,10800.0,10800.0,boxed,264,1
acc3_b16_g05,gsm8k,gsm8k_00333,1,100.0,100.0,boxed,192,1
acc3_b16_g05,gsm8k,gsm8k_01267,0,80.0,40.0,boxed,204,1
acc3_b16_g05,gsm8k,gsm8k_00996,1,3.0,3.0,boxed,245,1
acc3_b16_g05,gsm8k,gsm8k_00491,1,16.0,16.0,boxed,102,1
acc3_b16_g05,gsm8k,gsm8k_00965,1,374.0,374.0,boxed,410,1
acc3_b16_g05,gsm8k,gsm8k_00895,1,74.0,74.0,boxed,198,1
acc3_b16_g05,gsm8k,gsm8k_00911,1,64.0,64.0,boxed,165,1
acc3_b16_g05,gsm8k,gsm8k_00829,1,14000.0,14000.0,boxed,331,1
acc3_b16_g05,gsm8k,gsm8k_00107,1,3.0,3.0,boxed,390,1
acc3_b16_g05,gsm8k,gsm8k_00191,1,5.0,5.0,boxed,144,1
acc3_b16_g05,gsm8k,gsm8k_00005,1,64.0,64.0,boxed,348,1
acc3_b16_g05,gsm8k,gsm8k_00147,1,75.0,75.0,boxed,350,1
acc3_b16_g05,gsm8k,gsm8k_01206,1,40000.0,40000.0,boxed,170,1
acc3_b16_g05,gsm8k,gsm8k_00294,1,3.0,3.0,boxed,143,1
acc3_b16_g05,gsm8k,gsm8k_00975,1,20.0,20.0,boxed,259,1
acc3_b16_g05,gsm8k,gsm8k_01272,1,296.0,296.0,boxed,206,1
acc3_b16_g05,gsm8k,gsm8k_01026,1,43200.0,43200.0,boxed,280,1
acc3_b16_g05,gsm8k,gsm8k_01230,1,440.0,440.0,boxed,213,1
acc3_b16_g05,gsm8k,gsm8k_01305,1,2325.0,2325.0,boxed,248,1
acc3_b16_g05,gsm8k,gsm8k_01021,1,36.0,36.0,boxed,268,1
acc3_b16_g05,gsm8k,gsm8k_01317,1,5.0,5.0,boxed,340,1
acc3_b16_g05,gsm8k,gsm8k_01311,1,594.0,594.0,boxed,192,1
acc3_b16_g05,gsm8k,gsm8k_01019,1,98.0,98.0,boxed,190,1
acc3_b16_g05,gsm8k,gsm8k_00187,0,106.12,106.0,boxed,199,1
acc3_b16_g05,gsm8k,gsm8k_00355,1,34.0,34.0,boxed,188,1
acc3_b16_g05,gsm8k,gsm8k_00828,1,60.0,60.0,boxed,179,1
acc3_b16_g05,gsm8k,gsm8k_00474,1,80.0,80.0,boxed,210,1
acc3_b16_g05,gsm8k,gsm8k_00670,1,4.0,4.0,boxed,119,1
acc3_b16_g05,gsm8k,gsm8k_00080,1,10.0,10.0,boxed,145,1
acc3_b16_g05,gsm8k,gsm8k_00672,1,2.0,2.0,boxed,773,1
acc3_b16_g05,gsm8k,gsm8k_00614,1,312.0,312.0,boxed,165,1
acc3_b16_g05,gsm8k,gsm8k_01108,1,38.0,38.0,boxed,56,1
acc3_b16_g05,gsm8k,gsm8k_00399,1,12.0,12.0,boxed,242,1
acc3_b16_g05,gsm8k,gsm8k_00069,1,60.0,60.0,boxed,195,1
acc3_b16_g05,gsm8k,gsm8k_00584,1,2.0,2.0,boxed,203,1
acc3_b16_g05,gsm8k,gsm8k_00347,1,36.0,36.0,boxed,97,1
acc3_b16_g05,gsm8k,gsm8k_00729,1,1000.0,1000.0,boxed,482,1
acc3_b16_g05,gsm8k,gsm8k_00626,1,72.0,72.0,boxed,238,1
acc3_b16_g05,gsm8k,gsm8k_00547,1,81.0,81.0,boxed,382,1
acc3_b16_g05,gsm8k,gsm8k_00421,1,12.0,12.0,boxed,174,1
acc3_b16_g05,gsm8k,gsm8k_01128,1,9.0,9.0,boxed,281,1
acc3_b16_g05,gsm8k,gsm8k_00716,1,770.0,770.0,boxed,198,1
acc3_b16_g05,gsm8k,gsm8k_00957,1,45.0,45.0,boxed,224,1
acc3_b16_g05,gsm8k,gsm8k_00237,1,90.0,90.0,boxed,83,1
acc3_b16_g05,gsm8k,gsm8k_00597,1,90.0,90.0,boxed,269,1
acc3_b16_g05,gsm8k,gsm8k_01184,1,306.0,306.0,boxed,135,1
acc3_b16_g05,gsm8k,gsm8k_01101,1,16.0,16.0,boxed,206,1
acc3_b16_g05,gsm8k,gsm8k_00234,1,21.0,21.0,boxed,259,1
acc3_b16_g05,gsm8k,gsm8k_00693,1,68.0,68.0,boxed,278,1
acc3_b16_g05,gsm8k,gsm8k_00007,1,160.0,160.0,boxed,248,1
acc3_b16_g05,gsm8k,gsm8k_00715,1,385000.0,385000.0,boxed,320,1
acc3_b16_g05,gsm8k,gsm8k_00536,1,8.0,8.0,boxed,95,1
acc3_b16_g05,gsm8k,gsm8k_00393,1,20.0,20.0,boxed,323,1
acc3_b16_g05,gsm8k,gsm8k_00057,1,83.0,83.0,boxed,382,1
acc3_b16_g05,gsm8k,gsm8k_01177,1,17.0,17.0,boxed,240,1
acc3_b16_g05,gsm8k,gsm8k_00818,1,16.0,16.0,boxed,216,1
acc3_b16_g05,gsm8k,gsm8k_00480,1,11.0,11.0,boxed,220,1
acc3_b16_g05,gsm8k,gsm8k_00852,1,123.0,123.0,boxed,314,1
acc3_b16_g05,gsm8k,gsm8k_00669,1,132.0,132.0,boxed,318,1
acc3_b16_g05,gsm8k,gsm8k_00406,0,160.0,200.0,boxed,254,1
acc3_b16_g05,gsm8k,gsm8k_00531,1,66.0,66.0,boxed,907,1
acc3_b16_g05,gsm8k,gsm8k_00952,0,1800.0,360.0,boxed,268,1
acc3_b16_g05,gsm8k,gsm8k_01201,1,42.0,42.0,boxed,188,1
acc3_b16_g05,gsm8k,gsm8k_00127,1,120.0,120.0,boxed,194,1
acc3_b16_g05,gsm8k,gsm8k_00104,1,500.0,500.0,boxed,367,1
acc3_b16_g05,gsm8k,gsm8k_00578,1,48.0,48.0,boxed,217,1
acc3_b16_g05,gsm8k,gsm8k_00173,1,18000.0,18000.0,boxed,207,1
acc3_b16_g05,gsm8k,gsm8k_00157,0,280.0,80.0,boxed,246,1
acc3_b16_g05,gsm8k,gsm8k_00201,1,114200.0,114200.0,boxed,232,1
acc3_b16_g05,gsm8k,gsm8k_00809,1,50.0,50.0,boxed,583,1
acc3_b16_g05,gsm8k,gsm8k_01089,1,32.0,32.0,boxed,142,1
acc3_b16_g05,gsm8k,gsm8k_00989,0,30.0,45.0,boxed,931,1
acc3_b16_g05,gsm8k,gsm8k_00167,1,16.0,16.0,boxed,358,1
acc3_b16_g05,gsm8k,gsm8k_00307,1,16.0,16.0,boxed,681,1
acc3_b16_g05,gsm8k,gsm8k_00041,1,200.0,200.0,boxed,175,1
acc3_b16_g05,gsm8k,gsm8k_00178,1,122.0,122.0,boxed,220,1
acc3_b16_g05,gsm8k,gsm8k_00566,1,10.0,10.0,boxed,300,1
acc3_b16_g05,gsm8k,gsm8k_00228,1,1.0,1.0,boxed,272,1
acc3_b16_g05,gsm8k,gsm8k_01028,1,200.0,200.0,boxed,203,1
acc3_b16_g05,gsm8k,gsm8k_00067,1,595.0,595.0,boxed,242,1
acc3_b16_g05,gsm8k,gsm8k_01190,1,19.0,19.0,boxed,491,1
acc3_b16_g05,mmlu,mmlu_01697,1,C,C,boxed,405,1
acc3_b16_g05,mmlu,mmlu_13456,0,A,B,boxed,344,1
acc3_b16_g05,mmlu,mmlu_10761,1,A,A,boxed,601,1
acc3_b16_g05,mmlu,mmlu_13296,1,B,B,boxed,304,1
acc3_b16_g05,mmlu,mmlu_09686,0,C,D,boxed,330,1
acc3_b16_g05,mmlu,mmlu_11586,0,A,B,boxed,359,1
acc3_b16_g05,mmlu,mmlu_05206,1,D,D,boxed,365,1
acc3_b16_g05,mmlu,mmlu_09214,1,D,D,boxed,199,1
acc3_b16_g05,mmlu,mmlu_04079,1,B,B,boxed,285,1
acc3_b16_g05,mmlu,mmlu_09636,1,D,D,boxed,166,1
acc3_b16_g05,mmlu,mmlu_01116,1,D,D,boxed,415,1
acc3_b16_g05,mmlu,mmlu_02848,1,A,A,boxed,369,1
acc3_b16_g05,mmlu,mmlu_01355,0,D,C,boxed,222,1
acc3_b16_g05,mmlu,mmlu_01055,1,D,D,boxed,738,1
acc3_b16_g05,mmlu,mmlu_00613,1,A,A,boxed,186,1
acc3_b16_g05,mmlu,mmlu_09084,1,D,D,boxed,327,1
acc3_b16_g05,mmlu,mmlu_02384,1,A,A,boxed,404,1
acc3_b16_g05,mmlu,mmlu_06047,0,A,B,boxed,611,1
acc3_b16_g05,mmlu,mmlu_07681,1,C,C,boxed,110,1
acc3_b16_g05,mmlu,mmlu_07339,0,A,B,boxed,337,1
acc3_b16_g05,mmlu,mmlu_02515,1,A,A,boxed,439,1
acc3_b16_g05,mmlu,mmlu_04661,1,D,D,boxed,255,1
acc3_b16_g05,mmlu,mmlu_00563,1,B,B,boxed,442,1
acc3_b16_g05,mmlu,mmlu_05701,1,D,D,boxed,352,1
acc3_b16_g05,mmlu,mmlu_08263,1,B,B,boxed,352,1
acc3_b16_g05,mmlu,mmlu_10646,1,C,C,boxed,419,1
acc3_b16_g05,mmlu,mmlu_03514,1,B,B,boxed,289,1
acc3_b16_g05,mmlu,mmlu_04770,0,D,C,boxed,259,1
acc3_b16_g05,mmlu,mmlu_00894,1,B,B,boxed,383,1
acc3_b16_g05,mmlu,mmlu_07206,1,B,B,boxed,169,1
acc3_b16_g05,mmlu,mmlu_01238,1,D,D,boxed,293,1
acc3_b16_g05,mmlu,mmlu_02662,1,B,B,boxed,207,1
acc3_b16_g05,mmlu,mmlu_08147,1,B,B,boxed,671,1
acc3_b16_g05,mmlu,mmlu_00574,1,B,B,boxed,246,1
acc3_b16_g05,mmlu,mmlu_03476,1,A,A,boxed,186,1
acc3_b16_g05,mmlu,mmlu_03615,1,D,D,boxed,191,1
acc3_b16_g05,mmlu,mmlu_12722,1,A,A,boxed,237,1
acc3_b16_g05,mmlu,mmlu_09368,1,B,B,boxed,159,1
acc3_b16_g05,mmlu,mmlu_10167,0,A,B,boxed,335,1
acc3_b16_g05,mmlu,mmlu_05983,1,A,A,boxed,464,1
acc3_b16_g05,mmlu,mmlu_02089,1,B,B,boxed,130,1
acc3_b16_g05,mmlu,mmlu_12320,0,A,D,boxed,294,1
acc3_b16_g05,mmlu,mmlu_05781,1,A,A,boxed,386,1
acc3_b16_g05,mmlu,mmlu_00782,1,A,A,boxed,218,1
acc3_b16_g05,mmlu,mmlu_13190,0,D,C,boxed,558,1
acc3_b16_g05,mmlu,mmlu_03765,1,D,D,boxed,212,1
acc3_b16_g05,mmlu,mmlu_08362,0,C,D,boxed,505,1
acc3_b16_g05,mmlu,mmlu_07136,0,A,C,boxed,187,1
acc3_b16_g05,mmlu,mmlu_09002,1,D,D,boxed,272,1
acc3_b16_g05,mmlu,mmlu_02228,1,D,D,boxed,912,1
acc3_b16_g05,mmlu,mmlu_11251,0,A,C,boxed,614,1
acc3_b16_g05,mmlu,mmlu_07116,1,A,A,boxed,260,1
acc3_b16_g05,mmlu,mmlu_03770,1,A,A,boxed,240,1
acc3_b16_g05,mmlu,mmlu_13824,1,D,D,boxed,210,1
acc3_b16_g05,mmlu,mmlu_06478,1,D,D,boxed,401,1
acc3_b16_g05,mmlu,mmlu_02591,1,D,D,boxed,173,1
acc3_b16_g05,mmlu,mmlu_02514,1,C,C,boxed,978,1
acc3_b16_g05,mmlu,mmlu_11697,0,B,A,boxed,613,1
acc3_b16_g05,mmlu,mmlu_09016,1,B,B,boxed,220,1
acc3_b16_g05,mmlu,mmlu_13314,1,D,D,boxed,321,1
acc3_b16_g05,mmlu,mmlu_12805,1,C,C,boxed,432,1
acc3_b16_g05,mmlu,mmlu_01770,1,B,B,boxed,192,1
acc3_b16_g05,mmlu,mmlu_05580,1,D,D,boxed,528,1
acc3_b16_g05,mmlu,mmlu_08617,0,B,C,boxed,178,1
acc3_b16_g05,mmlu,mmlu_09671,1,D,D,boxed,219,1
acc3_b16_g05,mmlu,mmlu_07799,1,B,B,boxed,145,1
acc3_b16_g05,mmlu,mmlu_13316,0,C,D,boxed,432,1
acc3_b16_g05,mmlu,mmlu_04499,0,B,C,boxed,515,1
acc3_b16_g05,mmlu,mmlu_09474,1,C,C,boxed,244,1
acc3_b16_g05,mmlu,mmlu_11027,1,A,A,boxed,410,1
acc3_b16_g05,mmlu,mmlu_07741,0,A,B,boxed,308,1
acc3_b16_g05,mmlu,mmlu_03054,1,B,B,boxed,319,1
acc3_b16_g05,mmlu,mmlu_07323,1,B,B,boxed,326,1
acc3_b16_g05,mmlu,mmlu_04871,1,C,C,boxed,219,1
acc3_b16_g05,mmlu,mmlu_10884,0,B,C,boxed,769,1
acc3_b16_g05,mmlu,mmlu_09320,0,B,A,boxed,189,1
acc3_b16_g05,mmlu,mmlu_11288,0,A,B,boxed,473,1
acc3_b16_g05,mmlu,mmlu_04462,1,D,D,boxed,259,1
acc3_b16_g05,mmlu,mmlu_13223,0,A,D,boxed,325,1
acc3_b16_g05,mmlu,mmlu_10737,1,A,A,boxed,610,1
acc3_b16_g05,mmlu,mmlu_07449,1,A,A,boxed,155,1
acc3_b16_g05,mmlu,mmlu_12983,0,B,D,boxed,411,1
acc3_b16_g05,mmlu,mmlu_00968,0,B,A,boxed,88,1
acc3_b16_g05,mmlu,mmlu_04621,1,D,D,boxed,228,1
acc3_b16_g05,mmlu,mmlu_13393,0,A,C,boxed,169,1
acc3_b16_g05,mmlu,mmlu_02978,1,B,B,boxed,345,1
acc3_b16_g05,mmlu,mmlu_02474,0,D,A,boxed,762,1
acc3_b16_g05,mmlu,mmlu_01523,1,A,A,boxed,192,1
acc3_b16_g05,mmlu,mmlu_10377,1,B,B,boxed,277,1
acc3_b16_g05,mmlu,mmlu_09710,1,D,D,boxed,298,1
acc3_b16_g05,mmlu,mmlu_03312,1,A,A,boxed,296,1
acc3_b16_g05,mmlu,mmlu_07031,1,D,D,boxed,303,1
acc3_b16_g05,mmlu,mmlu_04044,0,D,A,boxed,200,1
acc3_b16_g05,mmlu,mmlu_08043,1,C,C,boxed,159,1
acc3_b16_g05,mmlu,mmlu_12878,0,A,B,boxed,225,1
acc3_b16_g05,mmlu,mmlu_13773,0,A,B,boxed,358,1
acc3_b16_g05,mmlu,mmlu_11627,1,B,B,boxed,651,1
acc3_b16_g05,mmlu,mmlu_07442,1,B,B,boxed,91,1
acc3_b16_g05,mmlu,mmlu_08129,1,C,C,boxed,147,1
acc3_b16_g05,mmlu,mmlu_13871,1,D,D,boxed,178,1
acc3_b16_g05,mmlu,mmlu_05795,1,C,C,boxed,343,1
acc3_b16_g05,mmlu,mmlu_07789,1,A,A,boxed,139,1
acc3_b16_g05,mmlu,mmlu_10614,1,A,A,boxed,274,1
acc3_b16_g05,mmlu,mmlu_00847,1,B,B,boxed,579,1
acc3_b16_g05,mmlu,mmlu_03090,1,A,A,boxed,586,1
acc3_b16_g05,mmlu,mmlu_09489,1,B,B,boxed,257,1
acc3_b16_g05,mmlu,mmlu_11789,0,B,A,boxed,563,1
acc3_b16_g05,mmlu,mmlu_05177,1,B,B,boxed,245,1
acc3_b16_g05,mmlu,mmlu_03737,1,C,C,boxed,319,1
acc3_b16_g05,mmlu,mmlu_08554,1,B,B,boxed,183,1
acc3_b16_g05,mmlu,mmlu_07951,1,D,D,boxed,66,1
acc3_b16_g05,mmlu,mmlu_06471,1,A,A,boxed,345,1
acc3_b16_g05,mmlu,mmlu_05720,1,C,C,boxed,349,1
acc3_b16_g05,mmlu,mmlu_02331,0,D,B,boxed,156,1
acc3_b16_g05,mmlu,mmlu_00353,1,A,A,boxed,398,1
acc3_b16_g05,mmlu,mmlu_10590,1,A,A,boxed,937,1
acc3_b16_g05,mmlu,mmlu_07643,1,D,D,boxed,120,1
acc3_b16_g05,mmlu,mmlu_11705,0,C,B,boxed,619,1
acc3_b16_g05,mmlu,mmlu_08317,1,D,D,boxed,404,1
acc3_b16_g05,mmlu,mmlu_03852,1,A,A,boxed,358,1
acc3_b16_g05,mmlu,mmlu_07246,1,C,C,boxed,187,1
acc3_b16_g05,mmlu,mmlu_04625,1,D,D,boxed,322,1
acc3_b16_g05,mmlu,mmlu_06226,1,D,D,boxed,301,1
acc3_b16_g05,mmlu,mmlu_00837,1,D,D,boxed,222,1
acc3_b16_g05,mmlu,mmlu_01064,1,B,B,boxed,327,1
acc3_b16_g05,mmlu,mmlu_13884,1,B,B,boxed,282,1
acc3_b16_g05,mmlu,mmlu_04201,1,C,C,boxed,337,1
acc3_b16_g05,mmlu,mmlu_12628,1,A,A,boxed,448,1
acc3_b16_g05,mmlu,mmlu_13246,1,D,D,boxed,413,1
acc3_b16_g05,mmlu,mmlu_06190,0,A,C,boxed,187,1
acc3_b16_g05,mmlu,mmlu_01453,1,A,A,boxed,747,1
acc3_b16_g05,mmlu,mmlu_00289,0,C,D,boxed,320,1
acc3_b16_g05,mmlu,mmlu_07220,1,C,C,boxed,234,1
acc3_b16_g05,mmlu,mmlu_09835,1,C,C,boxed,331,1
acc3_b16_g05,mmlu,mmlu_07300,1,A,A,boxed,314,1
acc3_b16_g05,mmlu,mmlu_12401,1,C,C,boxed,495,1
acc3_b16_g05,mmlu,mmlu_10302,1,A,A,boxed,210,1
acc3_b16_g05,mmlu,mmlu_11387,0,C,D,boxed,836,1
acc3_b16_g05,mmlu,mmlu_04936,1,D,D,boxed,288,1
acc3_b16_g05,mmlu,mmlu_10766,0,A,C,boxed,498,1
acc3_b16_g05,mmlu,mmlu_08264,1,C,C,boxed,332,1
acc3_b16_g05,mmlu,mmlu_01897,1,A,A,boxed,359,1
acc3_b16_g05,mmlu,mmlu_09324,1,B,B,boxed,271,1
acc3_b16_g05,mmlu,mmlu_02124,1,B,B,boxed,297,1
acc3_b16_g05,mmlu,mmlu_05061,1,A,A,boxed,177,1
acc3_b16_g05,mmlu,mmlu_00805,0,D,A,boxed,551,1
acc3_b16_g05,mmlu,mmlu_09473,1,C,C,boxed,186,1
acc3_b16_g05,mmlu,mmlu_02710,1,D,D,boxed,249,1
acc3_b16_g05,mmlu,mmlu_04096,1,A,A,boxed,454,1
acc3_b16_g05,mmlu,mmlu_00997,0,D,C,trailing-letter,1024,0
acc3_b16_g05,mmlu,mmlu_09163,0,B,A,boxed,182,1
acc3_b16_g05,mmlu,mmlu_03099,1,C,C,boxed,205,1
acc3_b16_g05,mmlu,mmlu_10997,1,A,A,boxed,513,1
acc3_b16_g05,mmlu,mmlu_05878,1,A,A,boxed,317,1
acc3_b16_g05,mmlu,mmlu_03391,1,D,D,boxed,235,1
acc3_b16_g05,mmlu,mmlu_04187,0,C,A,boxed,306,1
acc3_b16_g05,mmlu,mmlu_03862,1,B,B,boxed,301,1
acc3_b16_g05,mmlu,mmlu_12905,1,A,A,boxed,361,1
acc3_b16_g05,mmlu,mmlu_08988,1,B,B,boxed,155,1
acc3_b16_g05,mmlu,mmlu_06767,1,B,B,boxed,350,1
acc3_b16_g05,mmlu,mmlu_09406,1,A,A,boxed,201,1
acc3_b16_g05,mmlu,mmlu_10789,0,A,C,boxed,979,1
acc3_b16_g05,mmlu,mmlu_13690,0,A,C,boxed,221,1
acc3_b16_g05,mmlu,mmlu_01778,1,B,B,boxed,446,1
acc3_b16_g05,mmlu,mmlu_04737,1,A,A,boxed,283,1
acc3_b16_g05,mmlu,mmlu_05153,1,B,B,boxed,334,1
acc3_b16_g05,mmlu,mmlu_06208,1,B,B,boxed,257,1
acc3_b16_g05,mmlu,mmlu_01120,0,A,B,boxed,395,1
acc3_b16_g05,mmlu,mmlu_07502,1,D,D,boxed,385,1
acc3_b16_g05,mmlu,mmlu_12024,1,C,C,boxed,528,1
acc3_b16_g05,mmlu,mmlu_08796,1,D,D,boxed,185,1
acc3_b16_g05,mmlu,mmlu_04119,1,A,A,boxed,543,1
acc3_b16_g05,mmlu,mmlu_07905,1,A,A,boxed,159,1
acc3_b16_g05,mmlu,mmlu_11756,0,A,B,boxed,455,1
acc3_b16_g05,mmlu,mmlu_11058,0,D,C,boxed,268,1
acc3_b16_g05,mmlu,mmlu_02014,0,A,C,boxed,149,1
acc3_b16_g05,mmlu,mmlu_06779,1,A,A,boxed,311,1
acc3_b16_g05,mmlu,mmlu_09187,0,B,D,boxed,208,1
acc3_b16_g05,mmlu,mmlu_04379,1,C,C,boxed,215,1
acc3_b16_g05,mmlu,mmlu_10095,1,A,A,boxed,293,1
acc3_b16_g05,mmlu,mmlu_10258,0,B,D,boxed,233,1
acc3_b16_g05,mmlu,mmlu_10786,0,B,D,boxed,386,1
acc3_b16_g05,mmlu,mmlu_02098,1,C,C,boxed,293,1
acc3_b16_g05,mmlu,mmlu_07293,1,C,C,boxed,224,1
acc3_b16_g05,mmlu,mmlu_09006,0,B,D,boxed,228,1
acc3_b16_g05,mmlu,mmlu_03459,1,A,A,boxed,204,1
acc3_b16_g05,mmlu,mmlu_10523,0,C,B,boxed,410,1
acc3_b16_g05,mmlu,mmlu_00726,0,D,C,boxed,221,1
acc3_b16_g05,mmlu,mmlu_07145,1,C,C,boxed,153,1
acc3_b16_g05,mmlu,mmlu_11825,0,A,B,boxed,516,1
acc3_b16_g05,mmlu,mmlu_05246,1,B,B,boxed,210,1
acc3_b16_g05,mmlu,mmlu_07644,1,C,C,boxed,150,1
acc3_b16_g05,mmlu,mmlu_01824,0,C,D,trailing-letter,1024,0
acc3_b16_g05,mmlu,mmlu_06727,1,D,D,boxed,225,1
acc3_b16_g05,mmlu,mmlu_07587,1,A,A,boxed,73,1
acc3_b16_g05,mmlu,mmlu_12050,1,D,D,boxed,557,1
acc3_b16_g05,mmlu,mmlu_10980,0,B,A,boxed,550,1
acc3_b16_g05,mmlu,mmlu_07858,1,B,B,boxed,195,1
acc3_b16_g05,mmlu,mmlu_04416,1,B,B,boxed,208,1
acc3_b16_g05,mmlu,mmlu_01638,0,A,D,boxed,320,1
acc3_b16_g05,mmlu,mmlu_11645,1,C,C,boxed,380,1
acc3_b16_g05,mmlu,mmlu_06200,1,A,A,boxed,258,1
acc3_b16_g05,mmlu,mmlu_01249,1,C,C,boxed,259,1
acc3_b16_g05,mmlu,mmlu_05524,0,A,D,boxed,388,1
acc3_b16_g05,mmlu,mmlu_07127,1,C,C,boxed,237,1
acc3_b16_g05,mmlu,mmlu_07035,1,C,C,boxed,191,1
acc3_b16_g05,mmlu,mmlu_00880,1,C,C,boxed,334,1
acc3_b16_g05,mmlu,mmlu_03045,1,B,B,boxed,278,1
acc3_b16_g05,mmlu,mmlu_00908,0,C,A,trailing-letter,1024,0
acc3_b16_g05,mmlu,mmlu_07819,1,A,A,boxed,163,1
acc3_b16_g05,mmlu,mmlu_06674,1,C,C,boxed,234,1
acc3_b16_g05,mmlu,mmlu_05266,1,D,D,boxed,235,1
acc3_b16_g05,mmlu,mmlu_09876,1,A,A,boxed,342,1
acc3_b16_g05,mmlu,mmlu_00207,0,A,D,boxed,300,1
acc3_b16_g05,mmlu,mmlu_06333,0,A,B,boxed,223,1
acc3_b16_g05,mmlu,mmlu_13412,1,A,A,boxed,369,1
acc3_b16_g05,mmlu,mmlu_01738,0,A,D,boxed,234,1
acc3_b16_g05,mmlu,mmlu_11707,1,B,B,boxed,623,1
acc3_b16_g05,mmlu,mmlu_02189,1,B,B,boxed,141,1
acc3_b16_g05,mmlu,mmlu_07304,1,D,D,boxed,70,1
acc3_b16_g05,mmlu,mmlu_11854,0,B,D,boxed,498,1
acc3_b16_g05,mmlu,mmlu_02401,1,B,B,boxed,155,1
acc3_b16_g05,mmlu,mmlu_08845,0,B,D,boxed,201,1
acc3_b16_g05,mmlu,mmlu_09822,0,A,C,boxed,277,1
acc3_b16_g05,mmlu,mmlu_12056,0,D,B,boxed,350,1
acc3_b16_g05,mmlu,mmlu_01601,1,B,B,boxed,210,1
acc3_b16_g05,mmlu,mmlu_09518,1,C,C,boxed,238,1
acc3_b16_g05,mmlu,mmlu_13987,0,A,C,boxed,331,1
acc3_b16_g05,mmlu,mmlu_05196,0,B,A,boxed,291,1
acc3_b16_g05,mmlu,mmlu_03700,1,D,D,boxed,221,1
acc3_b16_g05,mmlu,mmlu_00325,0,A,D,trailing-letter,1024,0
acc3_b16_g05,mmlu,mmlu_06894,0,A,B,boxed,348,1
acc3_b16_g05,mmlu,mmlu_02732,0,B,C,boxed,184,1
acc3_b16_g05,mmlu,mmlu_10299,1,B,B,boxed,419,1
acc3_b16_g05,mmlu,mmlu_00499,0,D,B,boxed,321,1
acc3_b16_g05,mmlu,mmlu_10355,0,A,D,boxed,470,1
acc3_b16_g05,mmlu,mmlu_09938,1,D,D,boxed,288,1
acc3_b16_g05,mmlu,mmlu_10082,0,A,D,boxed,632,1
acc3_b16_g05,mmlu,mmlu_05950,1,B,B,boxed,214,1
acc3_b16_g05,mmlu,mmlu_14037,1,A,A,boxed,263,1
acc3_b16_g05,mmlu,mmlu_06846,1,C,C,boxed,148,1
acc3_b16_g05,mmlu,mmlu_07022,1,C,C,boxed,190,1
acc3_b16_g05,mmlu,mmlu_11526,0,A,B,boxed,702,1
acc3_b16_g05,mmlu,mmlu_07535,0,A,B,boxed,116,1
acc3_b16_g05,mmlu,mmlu_08371,1,D,D,boxed,460,1
acc3_b16_g05,mmlu,mmlu_13049,1,B,B,boxed,154,1
acc3_b16_g05,mmlu,mmlu_03617,1,D,D,boxed,208,1
acc3_b16_g05,mmlu,mmlu_02593,1,D,D,boxed,325,1
acc3_b16_g05,mmlu,mmlu_09769,1,C,C,boxed,335,1
acc3_b16_g05,mmlu,mmlu_02638,0,C,B,boxed,56,1
acc3_b16_g06,gsm8k,gsm8k_00791,1,100.0,100.0,boxed,192,1
acc3_b16_g06,gsm8k,gsm8k_01271,1,43.0,43.0,boxed,299,1
acc3_b16_g06,gsm8k,gsm8k_01143,1,300.0,300.0,boxed,169,1
acc3_b16_g06,gsm8k,gsm8k_00236,0,30.0,31.0,boxed,460,1
acc3_b16_g06,gsm8k,gsm8k_01014,1,3.0,3.0,boxed,243,1
acc3_b16_g06,gsm8k,gsm8k_00017,1,57500.0,57500.0,boxed,313,1
acc3_b16_g06,gsm8k,gsm8k_00863,1,110.0,110.0,boxed,232,1
acc3_b16_g06,gsm8k,gsm8k_00978,1,160.0,160.0,boxed,194,1
acc3_b16_g06,gsm8k,gsm8k_00461,1,9.0,9.0,boxed,224,1
acc3_b16_g06,gsm8k,gsm8k_01043,1,130000.0,130000.0,boxed,195,1
acc3_b16_g06,gsm8k,gsm8k_00597,1,90.0,90.0,boxed,269,1
acc3_b16_g06,gsm8k,gsm8k_00595,1,13.0,13.0,boxed,142,1
acc3_b16_g06,gsm8k,gsm8k_00069,1,60.0,60.0,boxed,196,1
acc3_b16_g06,gsm8k,gsm8k_00590,0,318.0,319.0,boxed,199,1
acc3_b16_g06,gsm8k,gsm8k_00139,1,70.0,70.0,boxed,173,1
acc3_b16_g06,gsm8k,gsm8k_01206,1,40000.0,40000.0,boxed,170,1
acc3_b16_g06,gsm8k,gsm8k_00759,1,60000.0,60000.0,boxed,204,1
acc3_b16_g06,gsm8k,gsm8k_01146,1,16.0,16.0,boxed,362,1
acc3_b16_g06,gsm8k,gsm8k_01310,1,64.0,64.0,boxed,409,1
acc3_b16_g06,gsm8k,gsm8k_01029,1,34.0,34.0,boxed,330,1
acc3_b16_g06,gsm8k,gsm8k_00237,1,90.0,90.0,boxed,83,1
acc3_b16_g06,gsm8k,gsm8k_00539,0,30.0,35.0,boxed,101,1
acc3_b16_g06,gsm8k,gsm8k_00345,1,310.0,310.0,boxed,190,1
acc3_b16_g06,gsm8k,gsm8k_00178,1,122.0,122.0,boxed,220,1
acc3_b16_g06,gsm8k,gsm8k_00324,1,14.0,14.0,boxed,528,1
acc3_b16_g06,gsm8k,gsm8k_00909,1,38.0,38.0,boxed,275,1
acc3_b16_g06,gsm8k,gsm8k_01232,1,15.0,15.0,boxed,230,1
acc3_b16_g06,gsm8k,gsm8k_00941,1,842.0,842.0,boxed,217,1
acc3_b16_g06,gsm8k,gsm8k_01030,1,24.0,24.0,boxed,619,1
acc3_b16_g06,gsm8k,gsm8k_00767,1,60.0,60.0,boxed,174,1
acc3_b16_g06,gsm8k,gsm8k_00715,1,385000.0,385000.0,boxed,321,1
acc3_b16_g06,gsm8k,gsm8k_00641,0,378000.0,262500.0,boxed,213,1
acc3_b16_g06,gsm8k,gsm8k_00996,1,3.0,3.0,boxed,245,1
acc3_b16_g06,gsm8k,gsm8k_00044,1,20.0,20.0,boxed,255,1
acc3_b16_g06,gsm8k,gsm8k_00077,1,100.0,100.0,boxed,283,1
acc3_b16_g06,gsm8k,gsm8k_00833,1,40.0,40.0,boxed,433,1
acc3_b16_g06,gsm8k,gsm8k_00566,1,10.0,10.0,boxed,300,1
acc3_b16_g06,gsm8k,gsm8k_01128,1,9.0,9.0,boxed,281,1
acc3_b16_g06,gsm8k,gsm8k_01033,1,2.0,2.0,boxed,187,1
acc3_b16_g06,gsm8k,gsm8k_00670,1,4.0,4.0,boxed,119,1
acc3_b16_g06,gsm8k,gsm8k_00214,1,8.0,8.0,boxed,549,1
acc3_b16_g06,gsm8k,gsm8k_00796,0,3120000.0,2880000.0,boxed,216,1
acc3_b16_g06,gsm8k,gsm8k_00433,1,6.0,6.0,boxed,151,1
acc3_b16_g06,gsm8k,gsm8k_00989,0,3.0,45.0,last-number,1024,0
acc3_b16_g06,gsm8k,gsm8k_00100,1,175.0,175.0,boxed,331,1
acc3_b16_g06,gsm8k,gsm8k_00233,1,12.0,12.0,boxed,190,1
acc3_b16_g06,gsm8k,gsm8k_00009,1,460.0,460.0,boxed,235,1
acc3_b16_g06,gsm8k,gsm8k_01003,0,10.0,480.0,last-number,1024,0
acc3_b16_g06,gsm8k,gsm8k_00672,1,2.0,2.0,boxed,773,1
acc3_b16_g06,gsm8k,gsm8k_01226,1,90.0,90.0,boxed,240,1
acc3_b16_g06,gsm8k,gsm8k_00101,1,6.0,6.0,boxed,226,1
acc3_b16_g06,gsm8k,gsm8k_01039,1,160.0,160.0,boxed,193,1
acc3_b16_g06,gsm8k,gsm8k_00157,0,280.0,80.0,boxed,246,1
acc3_b16_g06,gsm8k,gsm8k_01000,1,1.0,1.0,boxed,345,1
acc3_b16_g06,gsm8k,gsm8k_00580,1,500.0,500.0,boxed,435,1
acc3_b16_g06,gsm8k,gsm8k_01055,1,2304.0,2304.0,boxed,167,1
acc3_b16_g06,gsm8k,gsm8k_00225,1,9.0,9.0,boxed,204,1
acc3_b16_g06,gsm8k,gsm8k_00975,1,20.0,20.0,boxed,259,1
acc3_b16_g06,gsm8k,gsm8k_00642,1,10800.0,10800.0,boxed,264,1
acc3_b16_g06,gsm8k,gsm8k_00400,1,48.0,48.0,boxed,95,1
acc3_b16_g06,gsm8k,gsm8k_00504,1,2.0,2.0,boxed,290,1
acc3_b16_g06,gsm8k,gsm8k_00681,1,298.0,298.0,boxed,460,1
acc3_b16_g06,gsm8k,gsm8k_00260,1,11.0,11.0,boxed,303,1
acc3_b16_g06,gsm8k,gsm8k_00030,1,109.0,109.0,boxed,210,1
acc3_b16_g06,gsm8k,gsm8k_00234,1,21.0,21.0,boxed,259,1
acc3_b16_g06,gsm8k,gsm8k_00934,1,410.0,410.0,boxed,177,1
acc3_b16_g06,gsm8k,gsm8k_00788,1,100.0,100.0,boxed,137,1
acc3_b16_g06,gsm8k,gsm8k_01227,1,66.0,66.0,boxed,588,1
acc3_b16_g06,gsm8k,gsm8k_01267,0,80.0,40.0,boxed,204,1
acc3_b16_g06,gsm8k,gsm8k_00048,1,8.0,8.0,boxed,130,1
acc3_b16_g06,gsm8k,gsm8k_01159,1,50.0,50.0,boxed,256,1
acc3_b16_g06,gsm8k,gsm8k_00949,1,42.0,42.0,boxed,267,1
acc3_b16_g06,gsm8k,gsm8k_01181,1,20.0,20.0,boxed,515,1
acc3_b16_g06,gsm8k,gsm8k_01040,1,736.0,736.0,boxed,272,1
acc3_b16_g06,gsm8k,gsm8k_01237,1,78.0,78.0,boxed,91,1
acc3_b16_g06,gsm8k,gsm8k_00531,1,66.0,66.0,boxed,597,1
acc3_b16_g06,gsm8k,gsm8k_00328,1,2.0,2.0,boxed,172,1
acc3_b16_g06,gsm8k,gsm8k_00563,1,12.0,12.0,boxed,176,1
acc3_b16_g06,gsm8k,gsm8k_00545,1,30.0,30.0,boxed,100,1
acc3_b16_g06,gsm8k,gsm8k_00584,1,2.0,2.0,boxed,203,1
acc3_b16_g06,gsm8k,gsm8k_01184,1,306.0,306.0,boxed,127,1
acc3_b16_g06,gsm8k,gsm8k_00829,1,14000.0,14000.0,boxed,331,1
acc3_b16_g06,gsm8k,gsm8k_00716,1,770.0,770.0,boxed,198,1
acc3_b16_g06,gsm8k,gsm8k_00472,1,6.0,6.0,boxed,254,1
acc3_b16_g06,gsm8k,gsm8k_00528,1,172.0,172.0,boxed,361,1
acc3_b16_g06,gsm8k,gsm8k_00963,1,147.0,147.0,boxed,529,1
acc3_b16_g06,gsm8k,gsm8k_01242,1,20.0,20.0,boxed,227,1
acc3_b16_g06,gsm8k,gsm8k_00957,1,45.0,45.0,boxed,224,1
acc3_b16_g06,gsm8k,gsm8k_00536,1,8.0,8.0,boxed,95,1
acc3_b16_g06,gsm8k,gsm8k_00693,1,68.0,68.0,boxed,278,1
acc3_b16_g06,gsm8k,gsm8k_01089,1,32.0,32.0,boxed,142,1
acc3_b16_g06,gsm8k,gsm8k_00421,1,12.0,12.0,boxed,174,1
acc3_b16_g06,gsm8k,gsm8k_01207,1,64.0,64.0,boxed,191,1
acc3_b16_g06,gsm8k,gsm8k_01054,1,2400.0,2400.0,boxed,124,1
acc3_b16_g06,gsm8k,gsm8k_00187,0,106.12,106.0,boxed,199,1
acc3_b16_g06,gsm8k,gsm8k_00428,0,4.0,26.0,boxed,925,1
acc3_b16_g06,gsm8k,gsm8k_00636,1,1050.0,1050.0,boxed,220,1
acc3_b16_g06,gsm8k,gsm8k_00147,1,75.0,75.0,boxed,350,1
acc3_b16_g06,gsm8k,gsm8k_00127,1,120.0,120.0,boxed,194,1
acc3_b16_g06,gsm8k,gsm8k_00091,1,28.0,28.0,boxed,235,1
acc3_b16_g06,gsm8k,gsm8k_00416,1,56.0,56.0,boxed,409,1
acc3_b16_g06,gsm8k,gsm8k_00393,1,20.0,20.0,boxed,323,1
acc3_b16_g06,gsm8k,gsm8k_00041,1,200.0,200.0,boxed,175,1
acc3_b16_g06,gsm8k,gsm8k_00008,1,45.0,45.0,boxed,346,1
acc3_b16_g06,gsm8k,gsm8k_00554,1,54.0,54.0,boxed,311,1
acc3_b16_g06,gsm8k,gsm8k_01007,1,34.0,34.0,boxed,189,1
acc3_b16_g06,gsm8k,gsm8k_00057,1,83.0,83.0,boxed,374,1
acc3_b16_g06,gsm8k,gsm8k_01231,1,70.0,70.0,boxed,203,1
acc3_b16_g06,gsm8k,gsm8k_00483,1,40.0,40.0,boxed,264,1
acc3_b16_g06,gsm8k,gsm8k_00399,1,12.0,12.0,boxed,252,1
acc3_b16_g06,gsm8k,gsm8k_00620,1,1509.0,1509.0,boxed,183,1
acc3_b16_g06,gsm8k,gsm8k_00451,1,11050.0,11050.0,boxed,283,1
acc3_b16_g06,gsm8k,gsm8k_01130,1,25.0,25.0,boxed,230,1
acc3_b16_g06,gsm8k,gsm8k_01221,1,10.0,10.0,boxed,257,1
acc3_b16_g06,gsm8k,gsm8k_00191,1,5.0,5.0,boxed,106,1
acc3_b16_g06,gsm8k,gsm8k_00254,1,84.0,84.0,boxed,223,1
acc3_b16_g06,gsm8k,gsm8k_00195,1,12.0,12.0,boxed,223,1
acc3_b16_g06,gsm8k,gsm8k_00347,1,36.0,36.0,boxed,97,1
acc3_b16_g06,gsm8k,gsm8k_01317,1,5.0,5.0,boxed,340,1
acc3_b16_g06,gsm8k,gsm8k_00622,1,7.0,7.0,boxed,277,1
acc3_b16_g06,gsm8k,gsm8k_00007,1,160.0,160.0,boxed,219,1
acc3_b16_g06,gsm8k,gsm8k_01108,1,38.0,38.0,boxed,62,1
acc3_b16_g06,gsm8k,gsm8k_01272,1,296.0,296.0,boxed,206,1
acc3_b16_g06,gsm8k,gsm8k_01197,1,2400.0,2400.0,boxed,252,1
acc3_b16_g06,gsm8k,gsm8k_00990,1,14.0,14.0,boxed,348,1
acc3_b16_g06,gsm8k,gsm8k_00163,0,54.0,50.0,boxed,283,1
acc3_b16_g06,gsm8k,gsm8k_01031,1,5.0,5.0,boxed,186,1
acc3_b16_g06,gsm8k,gsm8k_01201,1,42.0,42.0,boxed,188,1
acc3_b16_g06,gsm8k,gsm8k_00378,1,15.0,15.0,boxed,147,1
acc3_b16_g06,gsm8k,gsm8k_01311,1,594.0,594.0,boxed,192,1
acc3_b16_g06,gsm8k,gsm8k_00515,0,288.0,160.0,boxed,178,1
acc3_b16_g06,gsm8k,gsm8k_00965,1,374.0,374.0,boxed,410,1
acc3_b16_g06,gsm8k,gsm8k_00669,1,132.0,132.0,boxed,318,1
acc3_b16_g06,gsm8k,gsm8k_01101,1,16.0,16.0,boxed,215,1
acc3_b16_g06,gsm8k,gsm8k_00307,1,16.0,16.0,boxed,581,1
acc3_b16_g06,gsm8k,gsm8k_00782,0,27.0,54.0,boxed,330,1
acc3_b16_g06,gsm8k,gsm8k_01137,1,68.0,68.0,boxed,359,1
acc3_b16_g06,gsm8k,gsm8k_00435,1,5.0,5.0,boxed,99,1
acc3_b16_g06,gsm8k,gsm8k_00547,1,81.0,81.0,boxed,382,1
acc3_b16_g06,gsm8k,gsm8k_01305,1,2325.0,2325.0,boxed,248,1
acc3_b16_g06,gsm8k,gsm8k_00908,1,14.0,14.0,boxed,151,1
acc3_b16_g06,gsm8k,gsm8k_01241,1,8.0,8.0,boxed,252,1
acc3_b16_g06,gsm8k,gsm8k_00626,1,72.0,72.0,boxed,238,1
acc3_b16_g06,gsm8k,gsm8k_00067,1,595.0,595.0,boxed,242,1
acc3_b16_g06,gsm8k,gsm8k_01230,1,440.0,440.0,boxed,226,1
acc3_b16_g06,gsm8k,gsm8k_00005,1,64.0,64.0,boxed,348,1
acc3_b16_g06,gsm8k,gsm8k_00355,1,34.0,34.0,boxed,188,1
acc3_b16_g06,gsm8k,gsm8k_00375,1,48.0,48.0,boxed,143,1
acc3_b16_g06,gsm8k,gsm8k_01279,1,180.0,180.0,boxed,164,1
acc3_b16_g06,gsm8k,gsm8k_00434,0,99.0,5.0,last-number,1024,0
acc3_b16_g06,gsm8k,gsm8k_00578,1,48.0,48.0,boxed,217,1
acc3_b16_g06,gsm8k,gsm8k_01183,1,11.0,11.0,boxed,257,1
acc3_b16_g06,gsm8k,gsm8k_00381,1,67.0,67.0,boxed,238,1
acc3_b16_g06,gsm8k,gsm8k_00609,1,7.0,7.0,boxed,234,1
acc3_b16_g06,gsm8k,gsm8k_00252,1,73.0,73.0,boxed,301,1
acc3_b16_g06,gsm8k,gsm8k_01140,1,27.0,27.0,boxed,226,1
acc3_b16_g06,gsm8k,gsm8k_01285,1,1218.0,1218.0,boxed,153,1
acc3_b16_g06,gsm8k,gsm8k_01025,1,30.0,30.0,boxed,141,1
acc3_b16_g06,gsm8k,gsm8k_00818,1,16.0,16.0,boxed,215,1
acc3_b16_g06,gsm8k,gsm8k_01085,1,26.0,26.0,boxed,166,1
acc3_b16_g06,gsm8k,gsm8k_00409,0,42000.0,168000.0,boxed,240,1
acc3_b16_g06,gsm8k,gsm8k_01177,1,17.0,17.0,boxed,250,1
acc3_b16_g06,gsm8k,gsm8k_00610,1,65960.0,65960.0,boxed,207,1
acc3_b16_g06,gsm8k,gsm8k_00792,1,75.0,75.0,boxed,116,1
acc3_b16_g06,gsm8k,gsm8k_00493,1,25.0,25.0,boxed,241,1
acc3_b16_g06,gsm8k,gsm8k_00799,1,4.0,4.0,boxed,135,1
acc3_b16_g06,gsm8k,gsm8k_00469,1,4.0,4.0,boxed,141,1
acc3_b16_g06,gsm8k,gsm8k_00758,1,133.0,133.0,boxed,104,1
acc3_b16_g06,gsm8k,gsm8k_00045,1,104.0,104.0,boxed,281,1
acc3_b16_g06,gsm8k,gsm8k_00080,1,10.0,10.0,boxed,147,1
acc3_b16_g06,gsm8k,gsm8k_00720,1,4.0,4.0,boxed,156,1
acc3_b16_g06,gsm8k,gsm8k_01116,1,60.0,60.0,boxed,180,1
acc3_b16_g06,gsm8k,gsm8k_00424,1,570.0,570.0,boxed,141,1
acc3_b16_g06,gsm8k,gsm8k_00859,1,1520.0,1520.0,boxed,203,1
acc3_b16_g06,gsm8k,gsm8k_01117,1,9.0,9.0,boxed,340,1
acc3_b16_g06,gsm8k,gsm8k_00911,1,64.0,64.0,boxed,148,1
acc3_b16_g06,gsm8k,gsm8k_00458,1,35.0,35.0,boxed,259,1
acc3_b16_g06,gsm8k,gsm8k_00572,1,100.0,100.0,boxed,228,1
acc3_b16_g06,gsm8k,gsm8k_00901,0,2.0,1.0,boxed,187,1
acc3_b16_g06,gsm8k,gsm8k_00474,1,80.0,80.0,boxed,210,1
acc3_b16_g06,gsm8k,gsm8k_00196,1,120.0,120.0,boxed,152,1
acc3_b16_g06,gsm8k,gsm8k_01190,1,19.0,19.0,boxed,477,1
acc3_b16_g06,gsm8k,gsm8k_01041,1,101.0,101.0,boxed,147,1
acc3_b16_g06,gsm8k,gsm8k_01153,1,20.0,20.0,boxed,238,1
acc3_b16_g06,gsm8k,gsm8k_00406,0,160.0,200.0,boxed,256,1
acc3_b16_g06,gsm8k,gsm8k_00740,1,25.0,25.0,boxed,291,1
acc3_b16_g06,gsm8k,gsm8k_01026,1,43200.0,43200.0,boxed,344,1
acc3_b16_g06,gsm8k,gsm8k_00226,1,33.0,33.0,boxed,362,1
acc3_b16_g06,gsm8k,gsm8k_01127,1,750.0,750.0,boxed,284,1
acc3_b16_g06,gsm8k,gsm8k_00694,1,9.0,9.0,boxed,243,1
acc3_b16_g06,gsm8k,gsm8k_00808,1,12.0,12.0,boxed,260,1
acc3_b16_g06,gsm8k,gsm8k_00956,1,1.0,1.0,boxed,199,1
acc3_b16_g06,gsm8k,gsm8k_01202,0,13.0,19.0,boxed,197,1
acc3_b16_g06,gsm8k,gsm8k_01060,1,31.0,31.0,boxed,302,1
acc3_b16_g06,gsm8k,gsm8k_00850,1,70.0,70.0,boxed,244,1
acc3_b16_g06,gsm8k,gsm8k_00201,1,114200.0,114200.0,boxed,258,1
acc3_b16_g06,gsm8k,gsm8k_00326,1,14.0,14.0,boxed,216,1
acc3_b16_g06,gsm8k,gsm8k_00683,1,50.0,50.0,boxed,458,1
acc3_b16_g06,gsm8k,gsm8k_01103,1,90.0,90.0,boxed,366,1
acc3_b16_g06,gsm8k,gsm8k_00491,1,16.0,16.0,boxed,102,1
acc3_b16_g06,gsm8k,gsm8k_00828,1,60.0,60.0,boxed,179,1
acc3_b16_g06,gsm8k,gsm8k_01021,1,36.0,36.0,boxed,274,1
acc3_b16_g06,gsm8k,gsm8k_00294,1,3.0,3.0,boxed,143,1
acc3_b16_g06,gsm8k,gsm8k_00330,1,31.0,31.0,boxed,219,1
acc3_b16_g06,gsm8k,gsm8k_00779,1,255.0,255.0,boxed,335,1
acc3_b16_g06,gsm8k,gsm8k_00228,1,1.0,1.0,boxed,272,1
acc3_b16_g06,gsm8k,gsm8k_00735,1,50.0,50.0,boxed,283,1
acc3_b16_g06,gsm8k,gsm8k_01009,1,1875.0,1875.0,boxed,333,1
acc3_b16_g06,gsm8k,gsm8k_01178,1,17.0,17.0,boxed,137,1
acc3_b16_g06,gsm8k,gsm8k_00107,1,3.0,3.0,boxed,390,1
acc3_b16_g06,gsm8k,gsm8k_01258,1,60.0,60.0,boxed,198,1
acc3_b16_g06,gsm8k,gsm8k_00852,1,123.0,123.0,boxed,314,1
acc3_b16_g06,gsm8k,gsm8k_01255,1,12.0,12.0,boxed,250,1
acc3_b16_g06,gsm8k,gsm8k_00325,1,224000.0,224000.0,boxed,343,1
acc3_b16_g06,gsm8k,gsm8k_00664,1,32.0,32.0,boxed,155,1
acc3_b16_g06,gsm8k,gsm8k_00480,1,11.0,11.0,boxed,223,1
acc3_b16_g06,gsm8k,gsm8k_01215,1,36.0,36.0,boxed,325,1
acc3_b16_g06,gsm8k,gsm8k_00603,0,1260.0,1800.0,boxed,461,1
acc3_b16_g06,gsm8k,gsm8k_00333,1,100.0,100.0,boxed,192,1
acc3_b16_g06,gsm8k,gsm8k_00729,1,1000.0,1000.0,boxed,482,1
acc3_b16_g06,gsm8k,gsm8k_00173,1,18000.0,18000.0,boxed,205,1
acc3_b16_g06,gsm8k,gsm8k_00151,1,5.0,5.0,boxed,161,1
acc3_b16_g06,gsm8k,gsm8k_01019,1,98.0,98.0,boxed,190,1
acc3_b16_g06,gsm8k,gsm8k_00104,1,500.0,500.0,boxed,367,1
acc3_b16_g06,gsm8k,gsm8k_00657,1,330000.0,330000.0,boxed,263,1
acc3_b16_g06,gsm8k,gsm8k_00538,1,18.0,18.0,boxed,207,1
acc3_b16_g06,gsm8k,gsm8k_00549,1,398.0,398.0,boxed,163,1
acc3_b16_g06,gsm8k,gsm8k_00358,1,20.0,20.0,boxed,163,1
acc3_b16_g06,gsm8k,gsm8k_00772,1,50.0,50.0,boxed,309,1
acc3_b16_g06,gsm8k,gsm8k_01044,1,1.0,1.0,boxed,140,1
acc3_b16_g06,gsm8k,gsm8k_00407,1,2000.0,2000.0,boxed,478,1
acc3_b16_g06,gsm8k,gsm8k_01047,1,10.0,10.0,boxed,337,1
acc3_b16_g06,gsm8k,gsm8k_00028,1,25.0,25.0,boxed,212,1
acc3_b16_g06,gsm8k,gsm8k_00565,1,5.0,5.0,boxed,168,1
acc3_b16_g06,gsm8k,gsm8k_00962,0,600.0,1000.0,boxed,186,1
acc3_b16_g06,gsm8k,gsm8k_00736,1,3.0,3.0,boxed,235,1
acc3_b16_g06,gsm8k,gsm8k_01048,0,9858.38,7400.0,boxed,479,1
acc3_b16_g06,gsm8k,gsm8k_01028,1,200.0,200.0,boxed,203,1
acc3_b16_g06,gsm8k,gsm8k_00142,1,140.0,140.0,boxed,143,1
acc3_b16_g06,gsm8k,gsm8k_00895,1,74.0,74.0,boxed,198,1
acc3_b16_g06,gsm8k,gsm8k_00778,1,38.0,38.0,boxed,247,1
acc3_b16_g06,gsm8k,gsm8k_00058,1,57.0,57.0,boxed,152,1
acc3_b16_g06,gsm8k,gsm8k_00809,1,50.0,50.0,boxed,544,1
acc3_b16_g06,gsm8k,gsm8k_00831,1,324.0,324.0,boxed,313,1
acc3_b16_g06,gsm8k,gsm8k_00952,0,1800.0,360.0,boxed,267,1
acc3_b16_g06,gsm8k,gsm8k_00701,1,200.0,200.0,boxed,260,1
acc3_b16_g06,gsm8k,gsm8k_00614,1,312.0,312.0,boxed,165,1
acc3_b16_g06,gsm8k,gsm8k_00210,1,10.0,10.0,boxed,347,1
acc3_b16_g06,gsm8k,gsm8k_00167,1,16.0,16.0,boxed,359,1
acc3_b16_g06,gsm8k,gsm8k_00666,1,120.0,120.0,boxed,342,1
acc3_b16_g06,mmlu,mmlu_00289,0,C,D,boxed,304,1
acc3_b16_g06,mmlu,mmlu_02089,1,B,B,boxed,132,1
acc3_b16_g06,mmlu,mmlu_12401,1,C,C,boxed,478,1
acc3_b16_g06,mmlu,mmlu_02591,0,C,D,boxed,295,1
acc3_b16_g06,mmlu,mmlu_01770,1,B,B,boxed,192,1
acc3_b16_g06,mmlu,mmlu_10761,1,A,A,boxed,552,1
acc3_b16_g06,mmlu,mmlu_03476,1,A,A,boxed,186,1
acc3_b16_g06,mmlu,mmlu_04044,0,D,A,boxed,217,1
acc3_b16_g06,mmlu,mmlu_07339,0,A,B,boxed,359,1
acc3_b16_g06,mmlu,mmlu_09835,1,C,C,boxed,312,1
acc3_b16_g06,mmlu,mmlu_00207,0,A,D,boxed,300,1
acc3_b16_g06,mmlu,mmlu_08147,1,B,B,boxed,551,1
acc3_b16_g06,mmlu,mmlu_01249,1,C,C,boxed,252,1
acc3_b16_g06,mmlu,mmlu_08554,1,B,B,boxed,183,1
acc3_b16_g06,mmlu,mmlu_10646,1,C,C,boxed,443,1
acc3_b16_g06,mmlu,mmlu_10786,0,B,D,boxed,397,1
acc3_b16_g06,mmlu,mmlu_03514,1,B,B,boxed,280,1
acc3_b16_g06,mmlu,mmlu_12628,1,A,A,boxed,393,1
acc3_b16_g06,mmlu,mmlu_03391,1,D,D,boxed,235,1
acc3_b16_g06,mmlu,mmlu_13884,1,B,B,boxed,312,1
acc3_b16_g06,mmlu,mmlu_09876,1,A,A,boxed,337,1
acc3_b16_g06,mmlu,mmlu_04871,0,B,C,boxed,280,1
acc3_b16_g06,mmlu,mmlu_00563,1,B,B,boxed,444,1
acc3_b16_g06,mmlu,mmlu_08371,1,D,D,boxed,395,1
acc3_b16_g06,mmlu,mmlu_03765,1,D,D,boxed,222,1
acc3_b16_g06,mmlu,mmlu_10789,0,A,C,boxed,979,1
acc3_b16_g06,mmlu,mmlu_09710,1,D,D,boxed,298,1
acc3_b16_g06,mmlu,mmlu_07220,1,C,C,boxed,232,1
acc3_b16_g06,mmlu,mmlu_01778,1,B,B,boxed,446,1
acc3_b16_g06,mmlu,mmlu_08317,1,D,D,boxed,414,1
acc3_b16_g06,mmlu,mmlu_07304,1,D,D,boxed,71,1
acc3_b16_g06,mmlu,mmlu_07789,1,A,A,boxed,144,1
acc3_b16_g06,mmlu,mmlu_04119,1,A,A,boxed,543,1
acc3_b16_g06,mmlu,mmlu_09489,1,B,B,boxed,251,1
acc3_b16_g06,mmlu,mmlu_09686,0,C,D,boxed,325,1
acc3_b16_g06,mmlu,mmlu_07449,1,A,A,boxed,217,1
acc3_b16_g06,mmlu,mmlu_13049,1,B,B,boxed,154,1
acc3_b16_g06,mmlu,mmlu_07819,1,A,A,boxed,181,1
acc3_b16_g06,mmlu,mmlu_13316,0,C,D,boxed,492,1
acc3_b16_g06,mmlu,mmlu_10980,0,B,A,boxed,503,1
acc3_b16_g06,mmlu,mmlu_04462,1,D,D,boxed,235,1
acc3_b16_g06,mmlu,mmlu_03862,1,B,B,boxed,327,1
acc3_b16_g06,mmlu,mmlu_10167,0,A,B,boxed,341,1
acc3_b16_g06,mmlu,mmlu_06846,1,C,C,boxed,148,1
acc3_b16_g06,mmlu,mmlu_09084,0,B,D,boxed,220,1
acc3_b16_g06,mmlu,mmlu_00837,1,D,D,boxed,232,1
acc3_b16_g06,mmlu,mmlu_07323,1,B,B,boxed,280,1
acc3_b16_g06,mmlu,mmlu_05177,1,B,B,boxed,249,1
acc3_b16_g06,mmlu,mmlu_04416,1,B,B,boxed,208,1
acc3_b16_g06,mmlu,mmlu_07300,1,A,A,boxed,304,1
acc3_b16_g06,mmlu,mmlu_12878,0,A,B,boxed,225,1
acc3_b16_g06,mmlu,mmlu_01355,0,D,C,boxed,220,1
acc3_b16_g06,mmlu,mmlu_09938,1,D,D,boxed,338,1
acc3_b16_g06,mmlu,mmlu_12722,1,A,A,boxed,237,1
acc3_b16_g06,mmlu,mmlu_00805,0,D,A,boxed,534,1
acc3_b16_g06,mmlu,mmlu_05153,1,B,B,boxed,319,1
acc3_b16_g06,mmlu,mmlu_05983,1,A,A,boxed,464,1
acc3_b16_g06,mmlu,mmlu_07293,1,C,C,boxed,177,1
acc3_b16_g06,mmlu,mmlu_07502,1,D,D,boxed,377,1
acc3_b16_g06,mmlu,mmlu_11251,0,A,C,boxed,660,1
acc3_b16_g06,mmlu,mmlu_01697,1,C,C,boxed,406,1
acc3_b16_g06,mmlu,mmlu_02124,1,B,B,boxed,296,1
acc3_b16_g06,mmlu,mmlu_05878,1,A,A,boxed,258,1
acc3_b16_g06,mmlu,mmlu_13456,0,A,B,boxed,322,1
acc3_b16_g06,mmlu,mmlu_01738,0,A,D,boxed,258,1
acc3_b16_g06,mmlu,mmlu_13296,1,B,B,boxed,281,1
acc3_b16_g06,mmlu,mmlu_12805,1,C,C,boxed,401,1
acc3_b16_g06,mmlu,mmlu_09671,1,D,D,boxed,219,1
acc3_b16_g06,mmlu,mmlu_08796,1,D,D,boxed,182,1
acc3_b16_g06,mmlu,mmlu_11586,0,A,B,boxed,389,1
acc3_b16_g06,mmlu,mmlu_04499,0,B,C,boxed,491,1
acc3_b16_g06,mmlu,mmlu_00353,1,A,A,boxed,401,1
acc3_b16_g06,mmlu,mmlu_08362,0,C,D,boxed,462,1
acc3_b16_g06,mmlu,mmlu_08043,1,C,C,boxed,158,1
acc3_b16_g06,mmlu,mmlu_03615,1,D,D,boxed,199,1
acc3_b16_g06,mmlu,mmlu_03700,1,D,D,boxed,219,1
acc3_b16_g06,mmlu,mmlu_11288,0,A,B,boxed,503,1
acc3_b16_g06,mmlu,mmlu_11705,0,C,B,boxed,643,1
acc3_b16_g06,mmlu,mmlu_03737,1,C,C,boxed,336,1
acc3_b16_g06,mmlu,mmlu_05524,0,A,D,boxed,359,1
acc3_b16_g06,mmlu,mmlu_06333,1,B,B,boxed,192,1
acc3_b16_g06,mmlu,mmlu_06779,1,A,A,boxed,311,1
acc3_b16_g06,mmlu,mmlu_06674,1,C,C,boxed,218,1
acc3_b16_g06,mmlu,mmlu_11027,1,A,A,boxed,495,1
acc3_b16_g06,mmlu,mmlu_12320,0,A,D,boxed,301,1
acc3_b16_g06,mmlu,mmlu_05206,1,D,D,boxed,366,1
acc3_b16_g06,mmlu,mmlu_04661,1,D,D,boxed,273,1
acc3_b16_g06,mmlu,mmlu_05266,1,D,D,boxed,327,1
acc3_b16_g06,mmlu,mmlu_11854,0,B,D,boxed,545,1
acc3_b16_g06,mmlu,mmlu_11707,1,B,B,boxed,601,1
acc3_b16_g06,mmlu,mmlu_14037,1,A,A,boxed,276,1
acc3_b16_g06,mmlu,mmlu_00908,1,A,A,boxed,930,1
acc3_b16_g06,mmlu,mmlu_01453,1,A,A,boxed,747,1
acc3_b16_g06,mmlu,mmlu_11387,0,C,D,boxed,836,1
acc3_b16_g06,mmlu,mmlu_01824,0,C,D,trailing-letter,1024,0
acc3_b16_g06,mmlu,mmlu_01055,1,D,D,boxed,603,1
acc3_b16_g06,mmlu,mmlu_09002,0,A,D,boxed,230,1
acc3_b16_g06,mmlu,mmlu_10258,0,B,D,boxed,216,1
acc3_b16_g06,mmlu,mmlu_02732,0,B,C,boxed,183,1
acc3_b16_g06,mmlu,mmlu_01064,1,B,B,boxed,331,1
acc3_b16_g06,mmlu,mmlu_07136,0,A,C,boxed,200,1
acc3_b16_g06,mmlu,mmlu_02401,1,B,B,boxed,134,1
acc3_b16_g06,mmlu,mmlu_07535,0,A,B,boxed,139,1
acc3_b16_g06,mmlu,mmlu_04770,0,D,C,boxed,282,1
acc3_b16_g06,mmlu,mmlu_09320,0,B,A,boxed,188,1
acc3_b16_g06,mmlu,mmlu_13871,1,D,D,boxed,224,1
acc3_b16_g06,mmlu,mmlu_08845,0,C,D,boxed,202,1
acc3_b16_g06,mmlu,mmlu_11697,1,A,A,boxed,327,1
acc3_b16_g06,mmlu,mmlu_06226,1,D,D,boxed,264,1
acc3_b16_g06,mmlu,mmlu_06200,1,A,A,boxed,254,1
acc3_b16_g06,mmlu,mmlu_08263,0,A,B,boxed,386,1
acc3_b16_g06,mmlu,mmlu_00968,0,B,A,boxed,88,1
acc3_b16_g06,mmlu,mmlu_02978,1,B,B,boxed,355,1
acc3_b16_g06,mmlu,mmlu_07246,1,C,C,boxed,199,1
acc3_b16_g06,mmlu,mmlu_04379,1,C,C,boxed,229,1
acc3_b16_g06,mmlu,mmlu_10884,0,B,C,boxed,769,1
acc3_b16_g06,mmlu,mmlu_10766,0,A,C,boxed,469,1
acc3_b16_g06,mmlu,mmlu_07127,1,C,C,boxed,250,1
acc3_b16_g06,mmlu,mmlu_11825,0,A,B,boxed,586,1
acc3_b16_g06,mmlu,mmlu_04625,1,D,D,boxed,308,1
acc3_b16_g06,mmlu,mmlu_02189,1,B,B,boxed,163,1
acc3_b16_g06,mmlu,mmlu_11645,1,C,C,boxed,374,1
acc3_b16_g06,mmlu,mmlu_09006,0,B,D,boxed,232,1
acc3_b16_g06,mmlu,mmlu_10377,1,B,B,boxed,277,1
acc3_b16_g06,mmlu,mmlu_00847,1,B,B,boxed,590,1
acc3_b16_g06,mmlu,mmlu_07643,1,D,D,boxed,116,1
acc3_b16_g06,mmlu,mmlu_04201,1,C,C,boxed,379,1
acc3_b16_g06,mmlu,mmlu_06894,0,A,B,boxed,356,1
acc3_b16_g06,mmlu,mmlu_01238,1,D,D,boxed,293,1
acc3_b16_g06,mmlu,mmlu_05246,1,B,B,boxed,216,1
acc3_b16_g06,mmlu,mmlu_06047,0,A,B,boxed,611,1
acc3_b16_g06,mmlu,mmlu_11756,0,A,B,boxed,446,1
acc3_b16_g06,mmlu,mmlu_13987,0,A,C,boxed,302,1
acc3_b16_g06,mmlu,mmlu_13412,1,A,A,boxed,370,1
acc3_b16_g06,mmlu,mmlu_11526,0,D,B,boxed,666,1
acc3_b16_g06,mmlu,mmlu_07206,1,B,B,boxed,169,1
acc3_b16_g06,mmlu,mmlu_02384,1,A,A,boxed,404,1
acc3_b16_g06,mmlu,mmlu_07951,1,D,D,boxed,66,1
acc3_b16_g06,mmlu,mmlu_03045,1,B,B,boxed,278,1
acc3_b16_g06,mmlu,mmlu_00726,0,D,C,boxed,226,1
acc3_b16_g06,mmlu,mmlu_02848,1,A,A,boxed,358,1
acc3_b16_g06,mmlu,mmlu_12983,0,B,D,boxed,435,1
acc3_b16_g06,mmlu,mmlu_00880,1,C,C,boxed,331,1
acc3_b16_g06,mmlu,mmlu_09769,1,C,C,boxed,323,1
acc3_b16_g06,mmlu,mmlu_10523,0,C,B,boxed,404,1
acc3_b16_g06,mmlu,mmlu_10095,1,A,A,boxed,305,1
acc3_b16_g06,mmlu,mmlu_06727,1,D,D,boxed,223,1
acc3_b16_g06,mmlu,mmlu_07741,0,A,B,boxed,312,1
acc3_b16_g06,mmlu,mmlu_00613,1,A,A,boxed,187,1
acc3_b16_g06,mmlu,mmlu_13393,0,A,C,boxed,180,1
acc3_b16_g06,mmlu,mmlu_00499,0,D,B,boxed,316,1
acc3_b16_g06,mmlu,mmlu_08264,1,C,C,boxed,337,1
acc3_b16_g06,mmlu,mmlu_03099,1,C,C,boxed,187,1
acc3_b16_g06,mmlu,mmlu_00997,1,C,C,trailing-letter,1024,0
acc3_b16_g06,mmlu,mmlu_07116,1,A,A,boxed,260,1
acc3_b16_g06,mmlu,mmlu_13190,0,D,C,boxed,620,1
acc3_b16_g06,mmlu,mmlu_04187,0,C,A,boxed,386,1
acc3_b16_g06,mmlu,mmlu_07031,1,D,D,boxed,313,1
acc3_b16_g06,mmlu,mmlu_12056,0,C,B,boxed,328,1
acc3_b16_g06,mmlu,mmlu_03054,1,B,B,boxed,319,1
acc3_b16_g06,mmlu,mmlu_03090,1,A,A,boxed,671,1
acc3_b16_g06,mmlu,mmlu_09822,0,A,C,boxed,288,1
acc3_b16_g06,mmlu,mmlu_01120,0,A,B,boxed,395,1
acc3_b16_g06,mmlu,mmlu_02710,1,D,D,boxed,264,1
acc3_b16_g06,mmlu,mmlu_02474,1,A,A,boxed,665,1
acc3_b16_g06,mmlu,mmlu_10590,1,A,A,boxed,989,1
acc3_b16_g06,mmlu,mmlu_09324,1,B,B,boxed,242,1
acc3_b16_g06,mmlu,mmlu_02514,1,C,C,boxed,963,1
acc3_b16_g06,mmlu,mmlu_00782,1,A,A,boxed,217,1
acc3_b16_g06,mmlu,mmlu_07858,1,B,B,boxed,203,1
acc3_b16_g06,mmlu,mmlu_09474,1,C,C,boxed,258,1
acc3_b16_g06,mmlu,mmlu_02662,1,B,B,boxed,217,1
acc3_b16_g06,mmlu,mmlu_04096,1,A,A,boxed,483,1
acc3_b16_g06,mmlu,mmlu_03770,1,A,A,boxed,240,1
acc3_b16_g06,mmlu,mmlu_01116,1,D,D,boxed,415,1
acc3_b16_g06,mmlu,mmlu_02014,0,A,C,boxed,151,1
acc3_b16_g06,mmlu,mmlu_07799,1,B,B,boxed,134,1
acc3_b16_g06,mmlu,mmlu_08988,1,B,B,boxed,153,1
acc3_b16_g06,mmlu,mmlu_13246,1,D,D,boxed,403,1
acc3_b16_g06,mmlu,mmlu_12050,1,D,D,boxed,557,1
acc3_b16_g06,mmlu,mmlu_01897,1,A,A,boxed,364,1
acc3_b16_g06,mmlu,mmlu_02638,0,C,B,boxed,56,1
acc3_b16_g06,mmlu,mmlu_07442,1,B,B,boxed,91,1
acc3_b16_g06,mmlu,mmlu_06478,1,D,D,boxed,398,1
acc3_b16_g06,mmlu,mmlu_05196,0,B,A,boxed,304,1
acc3_b16_g06,mmlu,mmlu_05701,1,D,D,boxed,372,1
acc3_b16_g06,mmlu,mmlu_03459,1,A,A,boxed,204,1
acc3_b16_g06,mmlu,mmlu_09214,1,D,D,boxed,188,1
acc3_b16_g06,mmlu,mmlu_04621,1,D,D,boxed,224,1
acc3_b16_g06,mmlu,mmlu_09406,1,A,A,boxed,210,1
acc3_b16_g06,mmlu,mmlu_09636,1,D,D,boxed,139,1
acc3_b16_g06,mmlu,mmlu_01523,1,A,A,boxed,149,1
acc3_b16_g06,mmlu,mmlu_09473,1,C,C,boxed,186,1
acc3_b16_g06,mmlu,mmlu_11789,0,B,A,boxed,563,1
acc3_b16_g06,mmlu,mmlu_05795,1,C,C,boxed,343,1
acc3_b16_g06,mmlu,mmlu_10082,0,A,D,boxed,523,1
acc3_b16_g06,mmlu,mmlu_09368,1,B,B,boxed,164,1
acc3_b16_g06,mmlu,mmlu_08617,1,C,C,boxed,175,1
acc3_b16_g06,mmlu,mmlu_10614,1,A,A,boxed,274,1
acc3_b16_g06,mmlu,mmlu_07905,1,A,A,boxed,148,1
acc3_b16_g06,mmlu,mmlu_07587,1,A,A,boxed,73,1
acc3_b16_g06,mmlu,mmlu_07145,1,C,C,boxed,153,1
acc3_b16_g06,mmlu,mmlu_02098,1,C,C,boxed,293,1
acc3_b16_g06,mmlu,mmlu_13824,1,D,D,boxed,215,1
acc3_b16_g06,mmlu,mmlu_10737,1,A,A,boxed,521,1
acc3_b16_g06,mmlu,mmlu_03617,1,D,D,boxed,199,1
acc3_b16_g06,mmlu,mmlu_07681,1,C,C,boxed,110,1
acc3_b16_g06,mmlu,mmlu_00574,1,B,B,boxed,255,1
acc3_b16_g06,mmlu,mmlu_05580,1,D,D,boxed,496,1
acc3_b16_g06,mmlu,mmlu_09187,0,B,D,boxed,208,1
acc3_b16_g06,mmlu,mmlu_10997,1,A,A,boxed,513,1
acc3_b16_g06,mmlu,mmlu_09518,1,C,C,boxed,238,1
acc3_b16_g06,mmlu,mmlu_02515,1,A,A,boxed,421,1
acc3_b16_g06,mmlu,mmlu_03312,1,A,A,boxed,296,1
acc3_b16_g06,mmlu,mmlu_12905,1,A,A,boxed,372,1
acc3_b16_g06,mmlu,mmlu_01601,1,B,B,boxed,211,1
acc3_b16_g06,mmlu,mmlu_02331,0,D,B,boxed,157,1
acc3_b16_g06,mmlu,mmlu_05061,1,A,A,boxed,185,1
acc3_b16_g06,mmlu,mmlu_12024,1,C,C,boxed,496,1
acc3_b16_g06,mmlu,mmlu_07035,1,C,C,boxed,191,1
acc3_b16_g06,mmlu,mmlu_10355,0,A,D,boxed,411,1
acc3_b16_g06,mmlu,mmlu_06190,0,A,C,boxed,180,1
acc3_b16_g06,mmlu,mmlu_07644,1,C,C,boxed,150,1
acc3_b16_g06,mmlu,mmlu_10299,1,B,B,boxed,409,1
acc3_b16_g06,mmlu,mmlu_08129,1,C,C,boxed,147,1
acc3_b16_g06,mmlu,mmlu_10302,1,A,A,boxed,210,1
acc3_b16_g06,mmlu,mmlu_06471,1,A,A,boxed,322,1
acc3_b16_g06,mmlu,mmlu_09016,1,B,B,boxed,209,1
acc3_b16_g06,mmlu,mmlu_11627,1,B,B,boxed,592,1
acc3_b16_g06,mmlu,mmlu_06208,1,B,B,boxed,257,1
acc3_b16_g06,mmlu,mmlu_05781,0,B,A,boxed,430,1
acc3_b16_g06,mmlu,mmlu_13223,0,A,D,boxed,506,1
acc3_b16_g06,mmlu,mmlu_03852,1,A,A,boxed,270,1
acc3_b16_g06,mmlu,mmlu_13773,0,A,B,boxed,342,1
acc3_b16_g06,mmlu,mmlu_09163,0,B,A,boxed,183,1
acc3_b16_g06,mmlu,mmlu_02228,1,D,D,boxed,844,1
acc3_b16_g06,mmlu,mmlu_04737,1,A,A,boxed,262,1
acc3_b16_g06,mmlu,mmlu_02593,1,D,D,boxed,311,1
acc3_b16_g06,mmlu,mmlu_04079,1,B,B,boxed,285,1
acc3_b16_g06,mmlu,mmlu_11058,0,D,C,boxed,352,1
acc3_b16_g06,mmlu,mmlu_05720,1,C,C,boxed,349,1
acc3_b16_g06,mmlu,mmlu_00894,1,B,B,boxed,335,1
acc3_b16_g06,mmlu,mmlu_05950,1,B,B,boxed,214,1
acc3_b16_g06,mmlu,mmlu_06767,1,B,B,boxed,373,1
acc3_b16_g06,mmlu,mmlu_00325,0,A,D,trailing-letter,1024,0
acc3_b16_g06,mmlu,mmlu_13314,1,D,D,boxed,316,1
acc3_b16_g06,mmlu,mmlu_01638,0,A,D,boxed,276,1
acc3_b16_g06,mmlu,mmlu_13690,0,A,C,boxed,225,1
acc3_b16_g06,mmlu,mmlu_07022,1,C,C,boxed,193,1
acc3_b16_g06,mmlu,mmlu_04936,1,D,D,boxed,339,1
acc3_b16_g07,gsm8k,gsm8k_01127,1,750.0,750.0,boxed,303,1
acc3_b16_g07,gsm8k,gsm8k_00831,1,324.0,324.0,boxed,313,1
acc3_b16_g07,gsm8k,gsm8k_01009,1,1875.0,1875.0,boxed,333,1
acc3_b16_g07,gsm8k,gsm8k_01272,1,296.0,296.0,boxed,206,1
acc3_b16_g07,gsm8k,gsm8k_01048,0,9858.38,7400.0,boxed,477,1
acc3_b16_g07,gsm8k,gsm8k_00809,1,50.0,50.0,boxed,583,1
acc3_b16_g07,gsm8k,gsm8k_00451,1,11050.0,11050.0,boxed,283,1
acc3_b16_g07,gsm8k,gsm8k_00157,0,280.0,80.0,boxed,246,1
acc3_b16_g07,gsm8k,gsm8k_00666,1,120.0,120.0,boxed,342,1
acc3_b16_g07,gsm8k,gsm8k_00178,1,122.0,122.0,boxed,220,1
acc3_b16_g07,gsm8k,gsm8k_00080,1,10.0,10.0,boxed,145,1
acc3_b16_g07,gsm8k,gsm8k_00355,1,34.0,34.0,boxed,188,1
acc3_b16_g07,gsm8k,gsm8k_00595,1,13.0,13.0,boxed,142,1
acc3_b16_g07,gsm8k,gsm8k_00358,1,20.0,20.0,boxed,181,1
acc3_b16_g07,gsm8k,gsm8k_00435,1,5.0,5.0,boxed,111,1
acc3_b16_g07,gsm8k,gsm8k_00017,1,57500.0,57500.0,boxed,321,1
acc3_b16_g07,gsm8k,gsm8k_00566,1,10.0,10.0,boxed,300,1
acc3_b16_g07,gsm8k,gsm8k_00952,0,1800.0,360.0,boxed,268,1
acc3_b16_g07,gsm8k,gsm8k_00565,1,5.0,5.0,boxed,142,1
acc3_b16_g07,gsm8k,gsm8k_00796,0,3120000.0,2880000.0,boxed,216,1
acc3_b16_g07,gsm8k,gsm8k_00901,0,0.0,1.0,boxed,215,1
acc3_b16_g07,gsm8k,gsm8k_00375,1,48.0,48.0,boxed,156,1
acc3_b16_g07,gsm8k,gsm8k_00681,1,298.0,298.0,boxed,460,1
acc3_b16_g07,gsm8k,gsm8k_00740,1,25.0,25.0,boxed,295,1
acc3_b16_g07,gsm8k,gsm8k_00909,1,38.0,38.0,boxed,284,1
acc3_b16_g07,gsm8k,gsm8k_01019,1,98.0,98.0,boxed,190,1
acc3_b16_g07,gsm8k,gsm8k_01221,1,10.0,10.0,boxed,291,1
acc3_b16_g07,gsm8k,gsm8k_00421,1,12.0,12.0,boxed,174,1
acc3_b16_g07,gsm8k,gsm8k_00978,1,160.0,160.0,boxed,194,1
acc3_b16_g07,gsm8k,gsm8k_01101,1,16.0,16.0,boxed,206,1
acc3_b16_g07,gsm8k,gsm8k_00672,1,2.0,2.0,boxed,938,1
acc3_b16_g07,gsm8k,gsm8k_00609,1,7.0,7.0,boxed,125,1
acc3_b16_g07,gsm8k,gsm8k_00434,1,5.0,5.0,last-number,1024,0
acc3_b16_g07,gsm8k,gsm8k_00965,1,374.0,374.0,boxed,410,1
acc3_b16_g07,gsm8k,gsm8k_00324,1,14.0,14.0,boxed,528,1
acc3_b16_g07,gsm8k,gsm8k_00549,1,398.0,398.0,boxed,163,1
acc3_b16_g07,gsm8k,gsm8k_00792,1,75.0,75.0,boxed,116,1
acc3_b16_g07,gsm8k,gsm8k_00957,1,45.0,45.0,boxed,224,1
acc3_b16_g07,gsm8k,gsm8k_01207,1,64.0,64.0,boxed,188,1
acc3_b16_g07,gsm8k,gsm8k_00069,1,60.0,60.0,boxed,198,1
acc3_b16_g07,gsm8k,gsm8k_00554,1,54.0,54.0,boxed,311,1
acc3_b16_g07,gsm8k,gsm8k_00077,1,100.0,100.0,boxed,283,1
acc3_b16_g07,gsm8k,gsm8k_00767,1,60.0,60.0,boxed,174,1
acc3_b16_g07,gsm8k,gsm8k_00472,1,6.0,6.0,boxed,254,1
acc3_b16_g07,gsm8k,gsm8k_00195,1,12.0,12.0,boxed,223,1
acc3_b16_g07,gsm8k,gsm8k_00041,1,200.0,200.0,boxed,174,1
acc3_b16_g07,gsm8k,gsm8k_00597,1,90.0,90.0,boxed,271,1
acc3_b16_g07,gsm8k,gsm8k_00664,1,32.0,32.0,boxed,155,1
acc3_b16_g07,gsm8k,gsm8k_00173,1,18000.0,18000.0,boxed,203,1
acc3_b16_g07,gsm8k,gsm8k_01085,1,26.0,26.0,boxed,170,1
acc3_b16_g07,gsm8k,gsm8k_00989,0,30.0,45.0,last-number,1024,0
acc3_b16_g07,gsm8k,gsm8k_01310,1,64.0,64.0,boxed,409,1
acc3_b16_g07,gsm8k,gsm8k_01047,1,10.0,10.0,boxed,362,1
acc3_b16_g07,gsm8k,gsm8k_00934,1,410.0,410.0,boxed,174,1
acc3_b16_g07,gsm8k,gsm8k_01197,1,2400.0,2400.0,boxed,252,1
acc3_b16_g07,gsm8k,gsm8k_00406,0,160.0,200.0,boxed,266,1
acc3_b16_g07,gsm8k,gsm8k_01103,1,90.0,90.0,boxed,366,1
acc3_b16_g07,gsm8k,gsm8k_01028,1,200.0,200.0,boxed,203,1
acc3_b16_g07,gsm8k,gsm8k_00578,1,48.0,48.0,boxed,217,1
acc3_b16_g07,gsm8k,gsm8k_00580,1,500.0,500.0,boxed,368,1
acc3_b16_g07,gsm8k,gsm8k_00378,1,15.0,15.0,boxed,142,1
acc3_b16_g07,gsm8k,gsm8k_00101,1,6.0,6.0,boxed,226,1
acc3_b16_g07,gsm8k,gsm8k_01055,1,2304.0,2304.0,boxed,167,1
acc3_b16_g07,gsm8k,gsm8k_00458,1,35.0,35.0,boxed,280,1
acc3_b16_g07,gsm8k,gsm8k_01117,1,9.0,9.0,boxed,340,1
acc3_b16_g07,gsm8k,gsm8k_00210,1,10.0,10.0,boxed,366,1
acc3_b16_g07,gsm8k,gsm8k_01255,1,12.0,12.0,boxed,293,1
acc3_b16_g07,gsm8k,gsm8k_01201,1,42.0,42.0,boxed,192,1
acc3_b16_g07,gsm8k,gsm8k_01258,1,60.0,60.0,boxed,198,1
acc3_b16_g07,gsm8k,gsm8k_00563,1,12.0,12.0,boxed,175,1
acc3_b16_g07,gsm8k,gsm8k_01226,1,90.0,90.0,boxed,225,1
acc3_b16_g07,gsm8k,gsm8k_01153,1,20.0,20.0,boxed,237,1
acc3_b16_g07,gsm8k,gsm8k_01279,1,180.0,180.0,boxed,164,1
acc3_b16_g07,gsm8k,gsm8k_00547,1,81.0,81.0,boxed,382,1
acc3_b16_g07,gsm8k,gsm8k_00736,1,3.0,3.0,boxed,231,1
acc3_b16_g07,gsm8k,gsm8k_00493,1,25.0,25.0,boxed,239,1
acc3_b16_g07,gsm8k,gsm8k_00818,1,16.0,16.0,boxed,216,1
acc3_b16_g07,gsm8k,gsm8k_00483,1,40.0,40.0,boxed,264,1
acc3_b16_g07,gsm8k,gsm8k_01030,1,24.0,24.0,boxed,619,1
acc3_b16_g07,gsm8k,gsm8k_00236,0,30.0,31.0,boxed,910,1
acc3_b16_g07,gsm8k,gsm8k_00735,1,50.0,50.0,boxed,234,1
acc3_b16_g07,gsm8k,gsm8k_01181,1,20.0,20.0,boxed,515,1
acc3_b16_g07,gsm8k,gsm8k_00620,1,1509.0,1509.0,boxed,197,1
acc3_b16_g07,gsm8k,gsm8k_00716,1,770.0,770.0,boxed,195,1
acc3_b16_g07,gsm8k,gsm8k_00100,1,175.0,175.0,boxed,331,1
acc3_b16_g07,gsm8k,gsm8k_01014,1,3.0,3.0,boxed,242,1
acc3_b16_g07,gsm8k,gsm8k_00347,1,36.0,36.0,boxed,143,1
acc3_b16_g07,gsm8k,gsm8k_00254,1,84.0,84.0,boxed,223,1
acc3_b16_g07,gsm8k,gsm8k_00584,1,2.0,2.0,boxed,209,1
acc3_b16_g07,gsm8k,gsm8k_00941,1,842.0,842.0,boxed,217,1
acc3_b16_g07,gsm8k,gsm8k_00539,0,30.0,35.0,boxed,101,1
acc3_b16_g07,gsm8k,gsm8k_00782,0,27.0,54.0,boxed,449,1
acc3_b16_g07,gsm8k,gsm8k_00214,1,8.0,8.0,boxed,549,1
acc3_b16_g07,gsm8k,gsm8k_00469,1,4.0,4.0,boxed,140,1
acc3_b16_g07,gsm8k,gsm8k_00799,1,4.0,4.0,boxed,125,1
acc3_b16_g07,gsm8k,gsm8k_00381,1,67.0,67.0,boxed,240,1
acc3_b16_g07,gsm8k,gsm8k_00139,1,70.0,70.0,boxed,173,1
acc3_b16_g07,gsm8k,gsm8k_01021,1,36.0,36.0,boxed,269,1
acc3_b16_g07,gsm8k,gsm8k_01041,1,101.0,101.0,boxed,147,1
acc3_b16_g07,gsm8k,gsm8k_00294,1,3.0,3.0,boxed,143,1
acc3_b16_g07,gsm8k,gsm8k_00641,0,378000.0,262500.0,boxed,213,1
acc3_b16_g07,gsm8k,gsm8k_00996,1,3.0,3.0,boxed,245,1
acc3_b16_g07,gsm8k,gsm8k_00852,1,123.0,123.0,boxed,314,1
acc3_b16_g07,gsm8k,gsm8k_00908,1,14.0,14.0,boxed,151,1
acc3_b16_g07,gsm8k,gsm8k_00545,1,30.0,30.0,boxed,101,1
acc3_b16_g07,gsm8k,gsm8k_00670,1,4.0,4.0,boxed,119,1
acc3_b16_g07,gsm8k,gsm8k_01146,1,16.0,16.0,boxed,363,1
acc3_b16_g07,gsm8k,gsm8k_00778,1,38.0,38.0,boxed,247,1
acc3_b16_g07,gsm8k,gsm8k_00949,1,42.0,42.0,boxed,267,1
acc3_b16_g07,gsm8k,gsm8k_00191,1,5.0,5.0,boxed,154,1
acc3_b16_g07,gsm8k,gsm8k_00669,1,132.0,132.0,boxed,318,1
acc3_b16_g07,gsm8k,gsm8k_00962,0,600.0,1000.0,boxed,186,1
acc3_b16_g07,gsm8k,gsm8k_00694,1,9.0,9.0,boxed,243,1
acc3_b16_g07,gsm8k,gsm8k_00067,1,595.0,595.0,boxed,235,1
acc3_b16_g07,gsm8k,gsm8k_00622,1,7.0,7.0,boxed,292,1
acc3_b16_g07,gsm8k,gsm8k_00515,0,288.0,160.0,boxed,184,1
acc3_b16_g07,gsm8k,gsm8k_00005,1,64.0,64.0,boxed,349,1
acc3_b16_g07,gsm8k,gsm8k_00424,1,570.0,570.0,boxed,141,1
acc3_b16_g07,gsm8k,gsm8k_00636,1,1050.0,1050.0,boxed,226,1
acc3_b16_g07,gsm8k,gsm8k_00759,1,60000.0,60000.0,boxed,204,1
acc3_b16_g07,gsm8k,gsm8k_00474,1,80.0,80.0,boxed,206,1
acc3_b16_g07,gsm8k,gsm8k_00008,1,45.0,45.0,boxed,636,1
acc3_b16_g07,gsm8k,gsm8k_01130,1,25.0,25.0,boxed,257,1
acc3_b16_g07,gsm8k,gsm8k_01227,1,66.0,66.0,boxed,508,1
acc3_b16_g07,gsm8k,gsm8k_00850,1,70.0,70.0,boxed,240,1
acc3_b16_g07,gsm8k,gsm8k_00167,1,16.0,16.0,boxed,359,1
acc3_b16_g07,gsm8k,gsm8k_00828,1,60.0,60.0,boxed,179,1
acc3_b16_g07,gsm8k,gsm8k_01000,1,1.0,1.0,boxed,321,1
acc3_b16_g07,gsm8k,gsm8k_01190,1,19.0,19.0,boxed,477,1
acc3_b16_g07,gsm8k,gsm8k_00228,1,1.0,1.0,boxed,272,1
acc3_b16_g07,gsm8k,gsm8k_00333,1,100.0,100.0,boxed,192,1
acc3_b16_g07,gsm8k,gsm8k_00142,1,140.0,140.0,boxed,143,1
acc3_b16_g07,gsm8k,gsm8k_00330,1,31.0,31.0,boxed,219,1
acc3_b16_g07,gsm8k,gsm8k_01231,1,70.0,70.0,boxed,203,1
acc3_b16_g07,gsm8k,gsm8k_01054,1,2400.0,2400.0,boxed,124,1
acc3_b16_g07,gsm8k,gsm8k_00791,1,100.0,100.0,boxed,192,1
acc3_b16_g07,gsm8k,gsm8k_00610,1,65960.0,65960.0,boxed,207,1
acc3_b16_g07,gsm8k,gsm8k_00715,1,385000.0,385000.0,boxed,229,1
acc3_b16_g07,gsm8k,gsm8k_00772,1,50.0,50.0,boxed,309,1
acc3_b16_g07,gsm8k,gsm8k_00057,1,83.0,83.0,boxed,382,1
acc3_b16_g07,gsm8k,gsm8k_01007,1,34.0,34.0,boxed,189,1
acc3_b16_g07,gsm8k,gsm8k_01202,0,13.0,19.0,boxed,197,1
acc3_b16_g07,gsm8k,gsm8k_00614,1,312.0,312.0,boxed,166,1
acc3_b16_g07,gsm8k,gsm8k_01159,1,50.0,50.0,boxed,256,1
acc3_b16_g07,gsm8k,gsm8k_00538,1,18.0,18.0,boxed,207,1
acc3_b16_g07,gsm8k,gsm8k_01003,0,10.0,480.0,last-number,1024,0
acc3_b16_g07,gsm8k,gsm8k_00104,1,500.0,500.0,boxed,367,1
acc3_b16_g07,gsm8k,gsm8k_01305,1,2325.0,2325.0,boxed,248,1
acc3_b16_g07,gsm8k,gsm8k_00956,1,1.0,1.0,boxed,353,1
acc3_b16_g07,gsm8k,gsm8k_00808,1,12.0,12.0,boxed,257,1
acc3_b16_g07,gsm8k,gsm8k_01184,1,306.0,306.0,boxed,135,1
acc3_b16_g07,gsm8k,gsm8k_00626,1,72.0,72.0,boxed,255,1
acc3_b16_g07,gsm8k,gsm8k_00030,1,109.0,109.0,boxed,210,1
acc3_b16_g07,gsm8k,gsm8k_00758,1,133.0,133.0,boxed,91,1
acc3_b16_g07,gsm8k,gsm8k_00572,1,100.0,100.0,boxed,228,1
acc3_b16_g07,gsm8k,gsm8k_01178,1,17.0,17.0,boxed,137,1
acc3_b16_g07,gsm8k,gsm8k_00151,1,5.0,5.0,boxed,161,1
acc3_b16_g07,gsm8k,gsm8k_00328,1,2.0,2.0,boxed,163,1
acc3_b16_g07,gsm8k,gsm8k_01025,1,30.0,30.0,boxed,141,1
acc3_b16_g07,gsm8k,gsm8k_01029,1,34.0,34.0,boxed,330,1
acc3_b16_g07,gsm8k,gsm8k_00701,1,200.0,200.0,boxed,260,1
acc3_b16_g07,gsm8k,gsm8k_00693,1,68.0,68.0,boxed,278,1
acc3_b16_g07,gsm8k,gsm8k_00720,1,4.0,4.0,boxed,156,1
acc3_b16_g07,gsm8k,gsm8k_01230,1,440.0,440.0,boxed,213,1
acc3_b16_g07,gsm8k,gsm8k_00045,1,104.0,104.0,boxed,258,1
acc3_b16_g07,gsm8k,gsm8k_01215,1,36.0,36.0,boxed,323,1
acc3_b16_g07,gsm8k,gsm8k_00201,1,114200.0,114200.0,boxed,228,1
acc3_b16_g07,gsm8k,gsm8k_00028,1,25.0,25.0,boxed,164,1
acc3_b16_g07,gsm8k,gsm8k_01039,0,240.0,160.0,boxed,207,1
acc3_b16_g07,gsm8k,gsm8k_01206,1,40000.0,40000.0,boxed,170,1
acc3_b16_g07,gsm8k,gsm8k_01108,1,38.0,38.0,boxed,56,1
acc3_b16_g07,gsm8k,gsm8k_01237,1,78.0,78.0,boxed,91,1
acc3_b16_g07,gsm8k,gsm8k_00963,1,147.0,147.0,boxed,529,1
acc3_b16_g07,gsm8k,gsm8k_00590,0,318.0,319.0,boxed,198,1
acc3_b16_g07,gsm8k,gsm8k_00196,1,120.0,120.0,boxed,152,1
acc3_b16_g07,gsm8k,gsm8k_01031,1,5.0,5.0,boxed,186,1
acc3_b16_g07,gsm8k,gsm8k_01241,1,8.0,8.0,boxed,241,1
acc3_b16_g07,gsm8k,gsm8k_00729,1,1000.0,1000.0,boxed,482,1
acc3_b16_g07,gsm8k,gsm8k_00326,1,14.0,14.0,boxed,206,1
acc3_b16_g07,gsm8k,gsm8k_00531,1,66.0,66.0,boxed,700,1
acc3_b16_g07,gsm8k,gsm8k_01128,1,9.0,9.0,boxed,281,1
acc3_b16_g07,gsm8k,gsm8k_00433,1,6.0,6.0,boxed,152,1
acc3_b16_g07,gsm8k,gsm8k_01044,1,1.0,1.0,boxed,140,1
acc3_b16_g07,gsm8k,gsm8k_00234,1,21.0,21.0,boxed,259,1
acc3_b16_g07,gsm8k,gsm8k_00480,1,11.0,11.0,boxed,224,1
acc3_b16_g07,gsm8k,gsm8k_00504,1,2.0,2.0,boxed,291,1
acc3_b16_g07,gsm8k,gsm8k_00058,1,57.0,57.0,boxed,152,1
acc3_b16_g07,gsm8k,gsm8k_00400,1,48.0,48.0,boxed,95,1
acc3_b16_g07,gsm8k,gsm8k_01177,1,17.0,17.0,boxed,250,1
acc3_b16_g07,gsm8k,gsm8k_00252,1,73.0,73.0,boxed,301,1
acc3_b16_g07,gsm8k,gsm8k_00345,1,310.0,310.0,boxed,190,1
acc3_b16_g07,gsm8k,gsm8k_00536,1,8.0,8.0,boxed,95,1
acc3_b16_g07,gsm8k,gsm8k_01285,1,1218.0,1218.0,boxed,152,1
acc3_b16_g07,gsm8k,gsm8k_01271,1,43.0,43.0,boxed,299,1
acc3_b16_g07,gsm8k,gsm8k_00107,1,3.0,3.0,boxed,390,1
acc3_b16_g07,gsm8k,gsm8k_00657,1,330000.0,330000.0,boxed,263,1
acc3_b16_g07,gsm8k,gsm8k_01089,1,32.0,32.0,boxed,142,1
acc3_b16_g07,gsm8k,gsm8k_01317,1,5.0,5.0,boxed,340,1
acc3_b16_g07,gsm8k,gsm8k_00044,1,20.0,20.0,boxed,176,1
acc3_b16_g07,gsm8k,gsm8k_00416,1,56.0,56.0,boxed,409,1
acc3_b16_g07,gsm8k,gsm8k_00147,1,75.0,75.0,boxed,350,1
acc3_b16_g07,gsm8k,gsm8k_00642,1,10800.0,10800.0,boxed,262,1
acc3_b16_g07,gsm8k,gsm8k_00528,1,172.0,172.0,boxed,361,1
acc3_b16_g07,gsm8k,gsm8k_00683,1,50.0,50.0,boxed,450,1
acc3_b16_g07,gsm8k,gsm8k_00911,1,64.0,64.0,boxed,174,1
acc3_b16_g07,gsm8k,gsm8k_01116,1,60.0,60.0,boxed,180,1
acc3_b16_g07,gsm8k,gsm8k_00127,1,120.0,120.0,boxed,194,1
acc3_b16_g07,gsm8k,gsm8k_00399,1,12.0,12.0,boxed,255,1
acc3_b16_g07,gsm8k,gsm8k_01137,1,68.0,68.0,boxed,359,1
acc3_b16_g07,gsm8k,gsm8k_00491,1,16.0,16.0,boxed,102,1
acc3_b16_g07,gsm8k,gsm8k_00603,0,1260.0,1800.0,boxed,548,1
acc3_b16_g07,gsm8k,gsm8k_00833,1,40.0,40.0,boxed,382,1
acc3_b16_g07,gsm8k,gsm8k_00307,1,16.0,16.0,boxed,488,1
acc3_b16_g07,gsm8k,gsm8k_01267,1,40.0,40.0,boxed,227,1
acc3_b16_g07,gsm8k,gsm8k_00007,1,160.0,160.0,boxed,258,1
acc3_b16_g07,gsm8k,gsm8k_00788,1,100.0,100.0,boxed,137,1
acc3_b16_g07,gsm8k,gsm8k_00048,1,8.0,8.0,boxed,130,1
acc3_b16_g07,gsm8k,gsm8k_01232,1,15.0,15.0,boxed,158,1
acc3_b16_g07,gsm8k,gsm8k_00461,1,9.0,9.0,boxed,224,1
acc3_b16_g07,gsm8k,gsm8k_00163,0,54.0,50.0,boxed,306,1
acc3_b16_g07,gsm8k,gsm8k_01311,1,594.0,594.0,boxed,191,1
acc3_b16_g07,gsm8k,gsm8k_00895,1,74.0,74.0,boxed,198,1
acc3_b16_g07,gsm8k,gsm8k_00829,1,14000.0,14000.0,boxed,331,1
acc3_b16_g07,gsm8k,gsm8k_00226,1,33.0,33.0,boxed,362,1
acc3_b16_g07,gsm8k,gsm8k_00863,1,110.0,110.0,boxed,232,1
acc3_b16_g07,gsm8k,gsm8k_01143,1,300.0,300.0,boxed,218,1
acc3_b16_g07,gsm8k,gsm8k_01242,1,20.0,20.0,boxed,227,1
acc3_b16_g07,gsm8k,gsm8k_00990,1,14.0,14.0,boxed,371,1
acc3_b16_g07,gsm8k,gsm8k_00407,1,2000.0,2000.0,boxed,476,1
acc3_b16_g07,gsm8k,gsm8k_01140,1,27.0,27.0,boxed,226,1
acc3_b16_g07,gsm8k,gsm8k_00009,1,460.0,460.0,boxed,235,1
acc3_b16_g07,gsm8k,gsm8k_00187,0,106.12,106.0,boxed,199,1
acc3_b16_g07,gsm8k,gsm8k_00409,0,42000.0,168000.0,boxed,240,1
acc3_b16_g07,gsm8k,gsm8k_00393,1,20.0,20.0,boxed,323,1
acc3_b16_g07,gsm8k,gsm8k_00225,1,9.0,9.0,boxed,204,1
acc3_b16_g07,gsm8k,gsm8k_00237,1,90.0,90.0,boxed,83,1
acc3_b16_g07,gsm8k,gsm8k_00779,1,255.0,255.0,boxed,338,1
acc3_b16_g07,gsm8k,gsm8k_01183,1,11.0,11.0,boxed,257,1
acc3_b16_g07,gsm8k,gsm8k_00975,1,20.0,20.0,boxed,259,1
acc3_b16_g07,gsm8k,gsm8k_01043,1,130000.0,130000.0,boxed,159,1
acc3_b16_g07,gsm8k,gsm8k_00260,1,11.0,11.0,boxed,303,1
acc3_b16_g07,gsm8k,gsm8k_01060,1,31.0,31.0,boxed,302,1
acc3_b16_g07,gsm8k,gsm8k_01026,1,43200.0,43200.0,boxed,265,1
acc3_b16_g07,gsm8k,gsm8k_01033,1,2.0,2.0,boxed,187,1
acc3_b16_g07,gsm8k,gsm8k_00428,0,4.0,26.0,boxed,925,1
acc3_b16_g07,gsm8k,gsm8k_01040,1,736.0,736.0,boxed,272,1
acc3_b16_g07,gsm8k,gsm8k_00233,1,12.0,12.0,boxed,186,1
acc3_b16_g07,gsm8k,gsm8k_00325,1,224000.0,224000.0,boxed,338,1
acc3_b16_g07,gsm8k,gsm8k_00091,1,28.0,28.0,boxed,239,1
acc3_b16_g07,gsm8k,gsm8k_00859,1,1520.0,1520.0,boxed,200,1
acc3_b16_g07,mmlu,mmlu_04621,1,D,D,boxed,215,1
acc3_b16_g07,mmlu,mmlu_06767,1,B,B,boxed,373,1
acc3_b16_g07,mmlu,mmlu_00574,1,B,B,boxed,246,1
acc3_b16_g07,mmlu,mmlu_09006,0,B,D,boxed,227,1
acc3_b16_g07,mmlu,mmlu_04737,1,A,A,boxed,262,1
acc3_b16_g07,mmlu,mmlu_05950,1,B,B,boxed,214,1
acc3_b16_g07,mmlu,mmlu_00968,0,B,A,boxed,88,1
acc3_b16_g07,mmlu,mmlu_09938,1,D,D,boxed,288,1
acc3_b16_g07,mmlu,mmlu_04936,1,D,D,boxed,339,1
acc3_b16_g07,mmlu,mmlu_08371,1,D,D,boxed,441,1
acc3_b16_g07,mmlu,mmlu_07858,1,B,B,boxed,214,1
acc3_b16_g07,mmlu,mmlu_06727,1,D,D,boxed,223,1
acc3_b16_g07,mmlu,mmlu_08147,1,B,B,boxed,618,1
acc3_b16_g07,mmlu,mmlu_09016,1,B,B,boxed,220,1
acc3_b16_g07,mmlu,mmlu_07951,1,D,D,boxed,66,1
acc3_b16_g07,mmlu,mmlu_10761,1,A,A,boxed,546,1
acc3_b16_g07,mmlu,mmlu_13049,1,B,B,boxed,152,1
acc3_b16_g07,mmlu,mmlu_00325,0,A,D,trailing-letter,1024,0
acc3_b16_g07,mmlu,mmlu_13773,0,A,B,boxed,377,1
acc3_b16_g07,mmlu,mmlu_03862,0,A,B,boxed,326,1
acc3_b16_g07,mmlu,mmlu_13246,1,D,D,boxed,249,1
acc3_b16_g07,mmlu,mmlu_07741,0,A,B,boxed,314,1
acc3_b16_g07,mmlu,mmlu_02124,1,B,B,boxed,297,1
acc3_b16_g07,mmlu,mmlu_05701,0,A,D,boxed,400,1
acc3_b16_g07,mmlu,mmlu_10789,0,A,C,boxed,979,1
acc3_b16_g07,mmlu,mmlu_07644,1,C,C,boxed,145,1
acc3_b16_g07,mmlu,mmlu_07246,1,C,C,boxed,190,1
acc3_b16_g07,mmlu,mmlu_00908,1,A,A,boxed,915,1
acc3_b16_g07,mmlu,mmlu_04044,0,D,A,boxed,203,1
acc3_b16_g07,mmlu,mmlu_13412,1,A,A,boxed,368,1
acc3_b16_g07,mmlu,mmlu_04416,1,B,B,boxed,208,1
acc3_b16_g07,mmlu,mmlu_00997,1,C,C,trailing-letter,1024,0
acc3_b16_g07,mmlu,mmlu_13393,0,A,C,boxed,169,1
acc3_b16_g07,mmlu,mmlu_11756,0,A,B,boxed,474,1
acc3_b16_g07,mmlu,mmlu_03765,1,D,D,boxed,210,1
acc3_b16_g07,mmlu,mmlu_06471,1,A,A,boxed,341,1
acc3_b16_g07,mmlu,mmlu_02710,1,D,D,boxed,250,1
acc3_b16_g07,mmlu,mmlu_05266,1,D,D,boxed,221,1
acc3_b16_g07,mmlu,mmlu_01453,1,A,A,boxed,580,1
acc3_b16_g07,mmlu,mmlu_01249,1,C,C,boxed,244,1
acc3_b16_g07,mmlu,mmlu_09320,0,B,A,boxed,187,1
acc3_b16_g07,mmlu,mmlu_09686,0,C,D,boxed,315,1
acc3_b16_g07,mmlu,mmlu_08317,1,D,D,boxed,412,1
acc3_b16_g07,mmlu,mmlu_11027,1,A,A,boxed,436,1
acc3_b16_g07,mmlu,mmlu_10766,0,A,C,boxed,499,1
acc3_b16_g07,mmlu,mmlu_07535,0,A,B,boxed,136,1
acc3_b16_g07,mmlu,mmlu_00207,0,A,D,boxed,308,1
acc3_b16_g07,mmlu,mmlu_12905,1,A,A,boxed,173,1
acc3_b16_g07,mmlu,mmlu_10355,0,A,D,boxed,425,1
acc3_b16_g07,mmlu,mmlu_03054,1,B,B,boxed,401,1
acc3_b16_g07,mmlu,mmlu_06846,1,C,C,boxed,148,1
acc3_b16_g07,mmlu,mmlu_03391,1,D,D,boxed,235,1
acc3_b16_g07,mmlu,mmlu_13223,0,A,D,boxed,357,1
acc3_b16_g07,mmlu,mmlu_13296,1,B,B,boxed,303,1
acc3_b16_g07,mmlu,mmlu_10377,1,B,B,boxed,276,1
acc3_b16_g07,mmlu,mmlu_05196,0,B,A,boxed,294,1
acc3_b16_g07,mmlu,mmlu_10614,1,A,A,boxed,230,1
acc3_b16_g07,mmlu,mmlu_02593,1,D,D,boxed,314,1
acc3_b16_g07,mmlu,mmlu_00499,0,D,B,boxed,324,1
acc3_b16_g07,mmlu,mmlu_00805,0,D,A,boxed,478,1
acc3_b16_g07,mmlu,mmlu_01238,1,D,D,boxed,300,1
acc3_b16_g07,mmlu,mmlu_12878,0,A,B,boxed,245,1
acc3_b16_g07,mmlu,mmlu_05153,1,B,B,boxed,332,1
acc3_b16_g07,mmlu,mmlu_07799,1,B,B,boxed,136,1
acc3_b16_g07,mmlu,mmlu_01116,1,D,D,boxed,385,1
acc3_b16_g07,mmlu,mmlu_13690,0,A,C,boxed,233,1
acc3_b16_g07,mmlu,mmlu_02515,1,A,A,boxed,428,1
acc3_b16_g07,mmlu,mmlu_06894,0,A,B,boxed,356,1
acc3_b16_g07,mmlu,mmlu_10997,1,A,A,boxed,486,1
acc3_b16_g07,mmlu,mmlu_11705,0,C,B,boxed,656,1
acc3_b16_g07,mmlu,mmlu_07300,1,A,A,boxed,307,1
acc3_b16_g07,mmlu,mmlu_06478,1,D,D,boxed,365,1
acc3_b16_g07,mmlu,mmlu_00613,1,A,A,boxed,187,1
acc3_b16_g07,mmlu,mmlu_03045,1,B,B,boxed,278,1
acc3_b16_g07,mmlu,mmlu_02228,1,D,D,boxed,716,1
acc3_b16_g07,mmlu,mmlu_02474,1,A,A,boxed,632,1
acc3_b16_g07,mmlu,mmlu_12056,0,C,B,boxed,328,1
acc3_b16_g07,mmlu,mmlu_06226,1,D,D,boxed,303,1
acc3_b16_g07,mmlu,mmlu_01778,1,B,B,boxed,459,1
acc3_b16_g07,mmlu,mmlu_02591,1,D,D,boxed,253,1
acc3_b16_g07,mmlu,mmlu_07681,1,C,C,boxed,107,1
acc3_b16_g07,mmlu,mmlu_08362,0,C,D,boxed,514,1
acc3_b16_g07,mmlu,mmlu_08263,0,A,B,boxed,414,1
acc3_b16_g07,mmlu,mmlu_06674,1,C,C,boxed,218,1
acc3_b16_g07,mmlu,mmlu_09084,0,C,D,boxed,246,1
acc3_b16_g07,mmlu,mmlu_01770,1,B,B,boxed,191,1
acc3_b16_g07,mmlu,mmlu_07127,1,C,C,boxed,250,1
acc3_b16_g07,mmlu,mmlu_10884,0,B,C,boxed,769,1
acc3_b16_g07,mmlu,mmlu_05524,0,B,D,boxed,357,1
acc3_b16_g07,mmlu,mmlu_07220,1,C,C,boxed,227,1
acc3_b16_g07,mmlu,mmlu_04871,1,C,C,boxed,219,1
acc3_b16_g07,mmlu,mmlu_07206,1,B,B,boxed,169,1
acc3_b16_g07,mmlu,mmlu_04462,1,D,D,boxed,259,1
acc3_b16_g07,mmlu,mmlu_09324,1,B,B,boxed,235,1
acc3_b16_g07,mmlu,mmlu_10590,0,C,A,boxed,634,1
acc3_b16_g07,mmlu,mmlu_03099,1,C,C,boxed,202,1
acc3_b16_g07,mmlu,mmlu_10646,1,C,C,boxed,424,1
acc3_b16_g07,mmlu,mmlu_07145,1,C,C,boxed,153,1
acc3_b16_g07,mmlu,mmlu_07442,1,B,B,boxed,91,1
acc3_b16_g07,mmlu,mmlu_02098,1,C,C,boxed,297,1
acc3_b16_g07,mmlu,mmlu_07789,1,A,A,boxed,142,1
acc3_b16_g07,mmlu,mmlu_04119,1,A,A,boxed,543,1
acc3_b16_g07,mmlu,mmlu_09518,1,C,C,boxed,238,1
acc3_b16_g07,mmlu,mmlu_02848,1,A,A,boxed,359,1
acc3_b16_g07,mmlu,mmlu_03737,1,C,C,boxed,331,1
acc3_b16_g07,mmlu,mmlu_10980,0,B,A,boxed,503,1
acc3_b16_g07,mmlu,mmlu_12628,1,A,A,boxed,386,1
acc3_b16_g07,mmlu,mmlu_05720,1,C,C,boxed,349,1
acc3_b16_g07,mmlu,mmlu_00353,1,A,A,boxed,408,1
acc3_b16_g07,mmlu,mmlu_04379,1,C,C,boxed,229,1
acc3_b16_g07,mmlu,mmlu_13987,0,A,C,boxed,336,1
acc3_b16_g07,mmlu,mmlu_09163,0,B,A,boxed,181,1
acc3_b16_g07,mmlu,mmlu_09406,1,A,A,boxed,210,1
acc3_b16_g07,mmlu,mmlu_09769,1,C,C,boxed,323,1
acc3_b16_g07,mmlu,mmlu_04625,1,D,D,boxed,289,1
acc3_b16_g07,mmlu,mmlu_06047,1,B,B,boxed,588,1
acc3_b16_g07,mmlu,mmlu_10095,1,A,A,boxed,304,1
acc3_b16_g07,mmlu,mmlu_04096,1,A,A,boxed,476,1
acc3_b16_g07,mmlu,mmlu_09002,1,D,D,boxed,229,1
acc3_b16_g07,mmlu,mmlu_03514,1,B,B,boxed,292,1
acc3_b16_g07,mmlu,mmlu_12050,1,D,D,boxed,557,1
acc3_b16_g07,mmlu,mmlu_04770,0,D,C,boxed,259,1
acc3_b16_g07,mmlu,mmlu_02978,1,B,B,boxed,275,1
acc3_b16_g07,mmlu,mmlu_09671,1,D,D,boxed,208,1
acc3_b16_g07,mmlu,mmlu_05795,1,C,C,boxed,342,1
acc3_b16_g07,mmlu,mmlu_07022,1,C,C,boxed,184,1
acc3_b16_g07,mmlu,mmlu_07587,1,A,A,boxed,73,1
acc3_b16_g07,mmlu,mmlu_12722,1,A,A,boxed,242,1
acc3_b16_g07,mmlu,mmlu_02638,0,C,B,boxed,56,1
acc3_b16_g07,mmlu,mmlu_03617,1,D,D,boxed,210,1
acc3_b16_g07,mmlu,mmlu_12024,1,C,C,boxed,456,1
acc3_b16_g07,mmlu,mmlu_04079,1,B,B,boxed,285,1
acc3_b16_g07,mmlu,mmlu_13824,1,D,D,boxed,213,1
acc3_b16_g07,mmlu,mmlu_11697,1,A,A,boxed,327,1
acc3_b16_g07,mmlu,mmlu_11387,0,C,D,boxed,836,1
acc3_b16_g07,mmlu,mmlu_00289,0,C,D,boxed,320,1
acc3_b16_g07,mmlu,mmlu_01120,0,A,B,boxed,395,1
acc3_b16_g07,mmlu,mmlu_07304,1,D,D,boxed,71,1
acc3_b16_g07,mmlu,mmlu_11627,1,B,B,boxed,615,1
acc3_b16_g07,mmlu,mmlu_08845,0,C,D,boxed,202,1
acc3_b16_g07,mmlu,mmlu_13871,1,D,D,boxed,199,1
acc3_b16_g07,mmlu,mmlu_09473,1,C,C,boxed,186,1
acc3_b16_g07,mmlu,mmlu_01638,0,A,D,boxed,287,1
acc3_b16_g07,mmlu,mmlu_04499,0,A,C,boxed,753,1
acc3_b16_g07,mmlu,mmlu_10302,1,A,A,boxed,212,1
acc3_b16_g07,mmlu,mmlu_05177,1,B,B,boxed,245,1
acc3_b16_g07,mmlu,mmlu_10299,1,B,B,boxed,406,1
acc3_b16_g07,mmlu,mmlu_00726,0,D,C,boxed,222,1
acc3_b16_g07,mmlu,mmlu_01523,1,A,A,boxed,150,1
acc3_b16_g07,mmlu,mmlu_09636,1,D,D,boxed,150,1
acc3_b16_g07,mmlu,mmlu_06333,1,B,B,boxed,185,1
acc3_b16_g07,mmlu,mmlu_00880,1,C,C,boxed,270,1
acc3_b16_g07,mmlu,mmlu_13456,0,A,B,boxed,302,1
acc3_b16_g07,mmlu,mmlu_02514,0,,C,fail,1024,0
acc3_b16_g07,mmlu,mmlu_08988,1,B,B,boxed,153,1
acc3_b16_g07,mmlu,mmlu_05580,1,D,D,boxed,586,1
acc3_b16_g07,mmlu,mmlu_06190,0,A,C,boxed,185,1
acc3_b16_g07,mmlu,mmlu_11288,0,A,B,boxed,503,1
acc3_b16_g07,mmlu,mmlu_07031,1,D,D,boxed,284,1
acc3_b16_g07,mmlu,mmlu_13884,1,B,B,boxed,315,1
acc3_b16_g07,mmlu,mmlu_13314,1,D,D,boxed,303,1
acc3_b16_g07,mmlu,mmlu_11707,1,B,B,boxed,623,1
acc3_b16_g07,mmlu,mmlu_09474,1,C,C,boxed,258,1
acc3_b16_g07,mmlu,mmlu_10523,0,C,B,boxed,392,1
acc3_b16_g07,mmlu,mmlu_00782,1,A,A,boxed,217,1
acc3_b16_g07,mmlu,mmlu_02331,0,D,B,boxed,157,1
acc3_b16_g07,mmlu,mmlu_10082,0,B,D,boxed,574,1
acc3_b16_g07,mmlu,mmlu_03852,1,A,A,boxed,327,1
acc3_b16_g07,mmlu,mmlu_01355,0,D,C,boxed,226,1
acc3_b16_g07,mmlu,mmlu_10786,0,B,D,boxed,400,1
acc3_b16_g07,mmlu,mmlu_11645,1,C,C,boxed,391,1
acc3_b16_g07,mmlu,mmlu_03615,1,D,D,boxed,191,1
acc3_b16_g07,mmlu,mmlu_05206,1,D,D,boxed,391,1
acc3_b16_g07,mmlu,mmlu_08554,1,B,B,boxed,185,1
acc3_b16_g07,mmlu,mmlu_01897,1,A,A,boxed,357,1
acc3_b16_g07,mmlu,mmlu_04201,1,C,C,boxed,343,1
acc3_b16_g07,mmlu,mmlu_12983,0,B,D,boxed,411,1
acc3_b16_g07,mmlu,mmlu_07035,1,C,C,boxed,187,1
acc3_b16_g07,mmlu,mmlu_09368,1,B,B,boxed,160,1
acc3_b16_g07,mmlu,mmlu_03700,1,D,D,boxed,221,1
acc3_b16_g07,mmlu,mmlu_07819,1,A,A,boxed,181,1
acc3_b16_g07,mmlu,mmlu_10167,0,A,B,boxed,346,1
acc3_b16_g07,mmlu,mmlu_06208,1,B,B,boxed,257,1
acc3_b16_g07,mmlu,mmlu_01738,0,A,D,boxed,264,1
acc3_b16_g07,mmlu,mmlu_01601,1,B,B,boxed,211,1
acc3_b16_g07,mmlu,mmlu_01697,1,C,C,boxed,420,1
acc3_b16_g07,mmlu,mmlu_00894,1,B,B,boxed,335,1
acc3_b16_g07,mmlu,mmlu_11251,0,A,C,boxed,614,1
acc3_b16_g07,mmlu,mmlu_09822,0,A,C,boxed,271,1
acc3_b16_g07,mmlu,mmlu_07116,1,A,A,boxed,260,1
acc3_b16_g07,mmlu,mmlu_00563,1,B,B,boxed,422,1
acc3_b16_g07,mmlu,mmlu_11854,0,B,D,boxed,638,1
acc3_b16_g07,mmlu,mmlu_04187,0,C,A,boxed,305,1
acc3_b16_g07,mmlu,mmlu_02089,1,B,B,boxed,131,1
acc3_b16_g07,mmlu,mmlu_09187,0,B,D,boxed,210,1
acc3_b16_g07,mmlu,mmlu_08129,1,C,C,boxed,133,1
acc3_b16_g07,mmlu,mmlu_14037,1,A,A,boxed,265,1
acc3_b16_g07,mmlu,mmlu_11825,0,A,B,boxed,602,1
acc3_b16_g07,mmlu,mmlu_09489,1,B,B,boxed,259,1
acc3_b16_g07,mmlu,mmlu_07136,0,A,C,boxed,187,1
acc3_b16_g07,mmlu,mmlu_10258,0,B,D,boxed,232,1
acc3_b16_g07,mmlu,mmlu_07502,1,D,D,boxed,376,1
acc3_b16_g07,mmlu,mmlu_12320,0,A,D,boxed,261,1
acc3_b16_g07,mmlu,mmlu_08617,0,B,C,boxed,168,1
acc3_b16_g07,mmlu,mmlu_02014,0,A,C,boxed,151,1
acc3_b16_g07,mmlu,mmlu_02662,1,B,B,boxed,207,1
acc3_b16_g07,mmlu,mmlu_02732,0,B,C,boxed,188,1
acc3_b16_g07,mmlu,mmlu_06200,1,A,A,boxed,250,1
acc3_b16_g07,mmlu,mmlu_02384,1,A,A,boxed,385,1
acc3_b16_g07,mmlu,mmlu_07905,1,A,A,boxed,148,1
acc3_b16_g07,mmlu,mmlu_05061,1,A,A,boxed,185,1
acc3_b16_g07,mmlu,mmlu_07449,1,A,A,boxed,191,1
acc3_b16_g07,mmlu,mmlu_11526,0,A,B,boxed,627,1
acc3_b16_g07,mmlu,mmlu_08796,1,D,D,boxed,185,1
acc3_b16_g07,mmlu,mmlu_02189,1,B,B,boxed,163,1
acc3_b16_g07,mmlu,mmlu_12805,1,C,C,boxed,332,1
acc3_b16_g07,mmlu,mmlu_11586,0,A,B,boxed,402,1
acc3_b16_g07,mmlu,mmlu_09710,1,D,D,boxed,298,1
acc3_b16_g07,mmlu,mmlu_07339,0,A,B,boxed,351,1
acc3_b16_g07,mmlu,mmlu_07643,1,D,D,boxed,125,1
acc3_b16_g07,mmlu,mmlu_05246,1,B,B,boxed,218,1
acc3_b16_g07,mmlu,mmlu_11058,0,D,C,boxed,364,1
acc3_b16_g07,mmlu,mmlu_06779,1,A,A,boxed,317,1
acc3_b16_g07,mmlu,mmlu_09214,1,D,D,boxed,212,1
acc3_b16_g07,mmlu,mmlu_03476,1,A,A,boxed,186,1
acc3_b16_g07,mmlu,mmlu_12401,1,C,C,boxed,458,1
acc3_b16_g07,mmlu,mmlu_04661,1,D,D,boxed,250,1
acc3_b16_g07,mmlu,mmlu_00847,1,B,B,boxed,557,1
acc3_b16_g07,mmlu,mmlu_05781,1,A,A,boxed,386,1
acc3_b16_g07,mmlu,mmlu_13190,0,D,C,boxed,558,1
acc3_b16_g07,mmlu,mmlu_07323,1,B,B,boxed,304,1
acc3_b16_g07,mmlu,mmlu_01824,1,D,D,boxed,995,1
acc3_b16_g07,mmlu,mmlu_03090,1,A,A,boxed,701,1
acc3_b16_g07,mmlu,mmlu_02401,1,B,B,boxed,131,1
acc3_b16_g07,mmlu,mmlu_05983,1,A,A,boxed,464,1
acc3_b16_g07,mmlu,mmlu_09876,1,A,A,boxed,347,1
acc3_b16_g07,mmlu,mmlu_10737,1,A,A,boxed,592,1
acc3_b16_g07,mmlu,mmlu_08264,1,C,C,boxed,396,1
acc3_b16_g07,mmlu,mmlu_07293,1,C,C,boxed,177,1
acc3_b16_g07,mmlu,mmlu_09835,1,C,C,boxed,327,1
acc3_b16_g07,mmlu,mmlu_05878,1,A,A,boxed,317,1
acc3_b16_g07,mmlu,mmlu_11789,1,A,A,boxed,520,1
acc3_b16_g07,mmlu,mmlu_03459,1,A,A,boxed,211,1
acc3_b16_g07,mmlu,mmlu_13316,0,C,D,boxed,476,1
acc3_b16_g07,mmlu,mmlu_01055,1,D,D,boxed,496,1
acc3_b16_g07,mmlu,mmlu_08043,1,C,C,boxed,159,1
acc3_b16_g07,mmlu,mmlu_00837,1,D,D,boxed,221,1
acc3_b16_g07,mmlu,mmlu_03312,1,A,A,boxed,296,1
acc3_b16_g07,mmlu,mmlu_01064,1,B,B,boxed,331,1
acc3_b16_g07,mmlu,mmlu_03770,1,A,A,boxed,240,1
acc3_b16_g08,gsm8k,gsm8k_00480,1,11.0,11.0,boxed,224,1
acc3_b16_g08,gsm8k,gsm8k_00009,1,460.0,460.0,boxed,235,1
acc3_b16_g08,gsm8k,gsm8k_01227,0,5.0,66.0,boxed,805,1
acc3_b16_g08,gsm8k,gsm8k_01029,1,34.0,34.0,boxed,330,1
acc3_b16_g08,gsm8k,gsm8k_01255,1,12.0,12.0,boxed,293,1
acc3_b16_g08,gsm8k,gsm8k_01033,1,2.0,2.0,boxed,187,1
acc3_b16_g08,gsm8k,gsm8k_00641,0,378000.0,262500.0,boxed,213,1
acc3_b16_g08,gsm8k,gsm8k_01317,1,5.0,5.0,boxed,340,1
acc3_b16_g08,gsm8k,gsm8k_01031,1,5.0,5.0,boxed,186,1
acc3_b16_g08,gsm8k,gsm8k_00104,1,500.0,500.0,boxed,367,1
acc3_b16_g08,gsm8k,gsm8k_01108,1,38.0,38.0,boxed,56,1
acc3_b16_g08,gsm8k,gsm8k_00580,1,500.0,500.0,boxed,420,1
acc3_b16_g08,gsm8k,gsm8k_00597,1,90.0,90.0,boxed,269,1
acc3_b16_g08,gsm8k,gsm8k_00433,1,6.0,6.0,boxed,152,1
acc3_b16_g08,gsm8k,gsm8k_00782,0,27.0,54.0,boxed,330,1
acc3_b16_g08,gsm8k,gsm8k_00424,1,570.0,570.0,boxed,141,1
acc3_b16_g08,gsm8k,gsm8k_00791,1,100.0,100.0,boxed,192,1
acc3_b16_g08,gsm8k,gsm8k_01137,1,68.0,68.0,boxed,397,1
acc3_b16_g08,gsm8k,gsm8k_01039,1,160.0,160.0,boxed,193,1
acc3_b16_g08,gsm8k,gsm8k_00833,1,40.0,40.0,boxed,382,1
acc3_b16_g08,gsm8k,gsm8k_00400,1,48.0,48.0,boxed,95,1
acc3_b16_g08,gsm8k,gsm8k_00428,0,4.0,26.0,boxed,925,1
acc3_b16_g08,gsm8k,gsm8k_00228,1,1.0,1.0,boxed,272,1
acc3_b16_g08,gsm8k,gsm8k_01041,1,101.0,101.0,boxed,142,1
acc3_b16_g08,gsm8k,gsm8k_00127,1,120.0,120.0,boxed,194,1
acc3_b16_g08,gsm8k,gsm8k_00657,1,330000.0,330000.0,boxed,264,1
acc3_b16_g08,gsm8k,gsm8k_01130,1,25.0,25.0,boxed,257,1
acc3_b16_g08,gsm8k,gsm8k_00041,1,200.0,200.0,boxed,175,1
acc3_b16_g08,gsm8k,gsm8k_00017,1,57500.0,57500.0,boxed,303,1
acc3_b16_g08,gsm8k,gsm8k_00715,1,385000.0,385000.0,boxed,274,1
acc3_b16_g08,gsm8k,gsm8k_00358,1,20.0,20.0,boxed,121,1
acc3_b16_g08,gsm8k,gsm8k_00375,1,48.0,48.0,boxed,148,1
acc3_b16_g08,gsm8k,gsm8k_00636,1,1050.0,1050.0,boxed,226,1
acc3_b16_g08,gsm8k,gsm8k_00952,0,1800.0,360.0,boxed,264,1
acc3_b16_g08,gsm8k,gsm8k_00196,1,120.0,120.0,boxed,152,1
acc3_b16_g08,gsm8k,gsm8k_00451,1,11050.0,11050.0,boxed,304,1
acc3_b16_g08,gsm8k,gsm8k_00956,1,1.0,1.0,boxed,361,1
acc3_b16_g08,gsm8k,gsm8k_01279,1,180.0,180.0,boxed,164,1
acc3_b16_g08,gsm8k,gsm8k_00963,1,147.0,147.0,boxed,525,1
acc3_b16_g08,gsm8k,gsm8k_00474,1,80.0,80.0,boxed,210,1
acc3_b16_g08,gsm8k,gsm8k_00058,1,57.0,57.0,boxed,152,1
acc3_b16_g08,gsm8k,gsm8k_00294,1,3.0,3.0,boxed,143,1
acc3_b16_g08,gsm8k,gsm8k_01311,1,594.0,594.0,boxed,194,1
acc3_b16_g08,gsm8k,gsm8k_00210,1,10.0,10.0,boxed,383,1
acc3_b16_g08,gsm8k,gsm8k_00622,1,7.0,7.0,boxed,276,1
acc3_b16_g08,gsm8k,gsm8k_00091,1,28.0,28.0,boxed,226,1
acc3_b16_g08,gsm8k,gsm8k_01258,1,60.0,60.0,boxed,198,1
acc3_b16_g08,gsm8k,gsm8k_00610,1,65960.0,65960.0,boxed,207,1
acc3_b16_g08,gsm8k,gsm8k_01206,1,40000.0,40000.0,boxed,170,1
acc3_b16_g08,gsm8k,gsm8k_00345,1,310.0,310.0,boxed,190,1
acc3_b16_g08,gsm8k,gsm8k_01103,1,90.0,90.0,boxed,366,1
acc3_b16_g08,gsm8k,gsm8k_00792,1,75.0,75.0,boxed,116,1
acc3_b16_g08,gsm8k,gsm8k_01159,1,50.0,50.0,boxed,256,1
acc3_b16_g08,gsm8k,gsm8k_00504,1,2.0,2.0,boxed,291,1
acc3_b16_g08,gsm8k,gsm8k_00799,1,4.0,4.0,boxed,135,1
acc3_b16_g08,gsm8k,gsm8k_00778,1,38.0,38.0,boxed,247,1
acc3_b16_g08,gsm8k,gsm8k_01127,1,750.0,750.0,boxed,291,1
acc3_b16_g08,gsm8k,gsm8k_00515,0,288.0,160.0,boxed,178,1
acc3_b16_g08,gsm8k,gsm8k_00909,1,38.0,38.0,boxed,275,1
acc3_b16_g08,gsm8k,gsm8k_01305,1,2325.0,2325.0,boxed,248,1
acc3_b16_g08,gsm8k,gsm8k_00005,1,64.0,64.0,boxed,348,1
acc3_b16_g08,gsm8k,gsm8k_01028,1,200.0,200.0,boxed,203,1
acc3_b16_g08,gsm8k,gsm8k_00333,1,100.0,100.0,boxed,172,1
acc3_b16_g08,gsm8k,gsm8k_00330,1,31.0,31.0,boxed,219,1
acc3_b16_g08,gsm8k,gsm8k_00565,1,5.0,5.0,boxed,168,1
acc3_b16_g08,gsm8k,gsm8k_00007,1,160.0,160.0,boxed,248,1
acc3_b16_g08,gsm8k,gsm8k_00328,1,2.0,2.0,boxed,172,1
acc3_b16_g08,gsm8k,gsm8k_00716,1,770.0,770.0,boxed,195,1
acc3_b16_g08,gsm8k,gsm8k_00603,0,1260.0,1800.0,boxed,461,1
acc3_b16_g08,gsm8k,gsm8k_00077,1,100.0,100.0,boxed,283,1
acc3_b16_g08,gsm8k,gsm8k_00324,1,14.0,14.0,boxed,424,1
acc3_b16_g08,gsm8k,gsm8k_00863,1,110.0,110.0,boxed,232,1
acc3_b16_g08,gsm8k,gsm8k_00233,1,12.0,12.0,boxed,186,1
acc3_b16_g08,gsm8k,gsm8k_01143,1,300.0,300.0,boxed,169,1
acc3_b16_g08,gsm8k,gsm8k_00069,1,60.0,60.0,boxed,196,1
acc3_b16_g08,gsm8k,gsm8k_00347,1,36.0,36.0,boxed,97,1
acc3_b16_g08,gsm8k,gsm8k_01009,1,1875.0,1875.0,boxed,333,1
acc3_b16_g08,gsm8k,gsm8k_00547,1,81.0,81.0,boxed,382,1
acc3_b16_g08,gsm8k,gsm8k_00779,1,255.0,255.0,boxed,335,1
acc3_b16_g08,gsm8k,gsm8k_01267,1,40.0,40.0,boxed,550,1
acc3_b16_g08,gsm8k,gsm8k_00809,0,2.0,50.0,last-number,1024,0
acc3_b16_g08,gsm8k,gsm8k_00701,1,200.0,200.0,boxed,260,1
acc3_b16_g08,gsm8k,gsm8k_00151,1,5.0,5.0,boxed,161,1
acc3_b16_g08,gsm8k,gsm8k_00666,1,120.0,120.0,boxed,342,1
acc3_b16_g08,gsm8k,gsm8k_00139,1,70.0,70.0,boxed,173,1
acc3_b16_g08,gsm8k,gsm8k_00614,1,312.0,312.0,boxed,165,1
acc3_b16_g08,gsm8k,gsm8k_00378,1,15.0,15.0,boxed,141,1
acc3_b16_g08,gsm8k,gsm8k_01048,0,9858.38,7400.0,boxed,479,1
acc3_b16_g08,gsm8k,gsm8k_00767,1,60.0,60.0,boxed,145,1
acc3_b16_g08,gsm8k,gsm8k_00173,1,18000.0,18000.0,boxed,203,1
acc3_b16_g08,gsm8k,gsm8k_00975,1,20.0,20.0,boxed,259,1
acc3_b16_g08,gsm8k,gsm8k_01226,1,90.0,90.0,boxed,236,1
acc3_b16_g08,gsm8k,gsm8k_00772,1,50.0,50.0,boxed,309,1
acc3_b16_g08,gsm8k,gsm8k_00996,1,3.0,3.0,boxed,245,1
acc3_b16_g08,gsm8k,gsm8k_00720,1,4.0,4.0,boxed,156,1
acc3_b16_g08,gsm8k,gsm8k_00788,1,100.0,100.0,boxed,137,1
acc3_b16_g08,gsm8k,gsm8k_01272,1,296.0,296.0,boxed,206,1
acc3_b16_g08,gsm8k,gsm8k_00030,1,109.0,109.0,boxed,210,1
acc3_b16_g08,gsm8k,gsm8k_00147,1,75.0,75.0,boxed,350,1
acc3_b16_g08,gsm8k,gsm8k_00758,1,133.0,133.0,boxed,104,1
acc3_b16_g08,gsm8k,gsm8k_00260,1,11.0,11.0,boxed,303,1
acc3_b16_g08,gsm8k,gsm8k_00469,1,4.0,4.0,boxed,147,1
acc3_b16_g08,gsm8k,gsm8k_01085,1,26.0,26.0,boxed,170,1
acc3_b16_g08,gsm8k,gsm8k_00214,1,8.0,8.0,boxed,495,1
acc3_b16_g08,gsm8k,gsm8k_00191,1,5.0,5.0,boxed,144,1
acc3_b16_g08,gsm8k,gsm8k_00642,1,10800.0,10800.0,boxed,262,1
acc3_b16_g08,gsm8k,gsm8k_01047,1,10.0,10.0,boxed,362,1
acc3_b16_g08,gsm8k,gsm8k_01181,1,20.0,20.0,boxed,512,1
acc3_b16_g08,gsm8k,gsm8k_00908,1,14.0,14.0,boxed,151,1
acc3_b16_g08,gsm8k,gsm8k_01178,1,17.0,17.0,boxed,137,1
acc3_b16_g08,gsm8k,gsm8k_00493,1,25.0,25.0,boxed,241,1
acc3_b16_g08,gsm8k,gsm8k_00852,1,123.0,123.0,boxed,314,1
acc3_b16_g08,gsm8k,gsm8k_00859,1,1520.0,1520.0,boxed,203,1
acc3_b16_g08,gsm8k,gsm8k_01285,1,1218.0,1218.0,boxed,138,1
acc3_b16_g08,gsm8k,gsm8k_00626,1,72.0,72.0,boxed,354,1
acc3_b16_g08,gsm8k,gsm8k_01026,1,43200.0,43200.0,boxed,344,1
acc3_b16_g08,gsm8k,gsm8k_00178,1,122.0,122.0,boxed,265,1
acc3_b16_g08,gsm8k,gsm8k_00407,1,2000.0,2000.0,boxed,478,1
acc3_b16_g08,gsm8k,gsm8k_00399,1,12.0,12.0,boxed,255,1
acc3_b16_g08,gsm8k,gsm8k_00254,1,84.0,84.0,boxed,223,1
acc3_b16_g08,gsm8k,gsm8k_01237,1,78.0,78.0,boxed,91,1
acc3_b16_g08,gsm8k,gsm8k_00828,1,60.0,60.0,boxed,179,1
acc3_b16_g08,gsm8k,gsm8k_00578,1,48.0,48.0,boxed,217,1
acc3_b16_g08,gsm8k,gsm8k_00435,1,5.0,5.0,boxed,99,1
acc3_b16_g08,gsm8k,gsm8k_01117,1,9.0,9.0,boxed,340,1
acc3_b16_g08,gsm8k,gsm8k_00735,1,50.0,50.0,boxed,234,1
acc3_b16_g08,gsm8k,gsm8k_00421,1,12.0,12.0,boxed,174,1
acc3_b16_g08,gsm8k,gsm8k_00911,1,64.0,64.0,boxed,148,1
acc3_b16_g08,gsm8k,gsm8k_01190,1,19.0,19.0,boxed,477,1
acc3_b16_g08,gsm8k,gsm8k_01146,1,16.0,16.0,boxed,362,1
acc3_b16_g08,gsm8k,gsm8k_00044,1,20.0,20.0,boxed,173,1
acc3_b16_g08,gsm8k,gsm8k_00434,0,3.8,5.0,last-number,1024,0
acc3_b16_g08,gsm8k,gsm8k_00100,1,175.0,175.0,boxed,320,1
acc3_b16_g08,gsm8k,gsm8k_00483,1,40.0,40.0,boxed,264,1
acc3_b16_g08,gsm8k,gsm8k_00048,1,8.0,8.0,boxed,135,1
acc3_b16_g08,gsm8k,gsm8k_00590,0,318.0,319.0,boxed,197,1
acc3_b16_g08,gsm8k,gsm8k_00978,1,160.0,160.0,boxed,194,1
acc3_b16_g08,gsm8k,gsm8k_00736,1,3.0,3.0,boxed,217,1
acc3_b16_g08,gsm8k,gsm8k_00962,0,600.0,1000.0,boxed,182,1
acc3_b16_g08,gsm8k,gsm8k_01116,1,60.0,60.0,boxed,180,1
acc3_b16_g08,gsm8k,gsm8k_01044,1,1.0,1.0,boxed,140,1
acc3_b16_g08,gsm8k,gsm8k_00538,1,18.0,18.0,boxed,211,1
acc3_b16_g08,gsm8k,gsm8k_01207,1,64.0,64.0,boxed,177,1
acc3_b16_g08,gsm8k,gsm8k_00694,1,9.0,9.0,boxed,243,1
acc3_b16_g08,gsm8k,gsm8k_00683,1,50.0,50.0,boxed,450,1
acc3_b16_g08,gsm8k,gsm8k_01055,1,2304.0,2304.0,boxed,170,1
acc3_b16_g08,gsm8k,gsm8k_01089,1,32.0,32.0,boxed,142,1
acc3_b16_g08,gsm8k,gsm8k_00796,0,3120000.0,2880000.0,boxed,216,1
acc3_b16_g08,gsm8k,gsm8k_01197,1,2400.0,2400.0,boxed,252,1
acc3_b16_g08,gsm8k,gsm8k_00101,1,6.0,6.0,boxed,226,1
acc3_b16_g08,gsm8k,gsm8k_01019,1,98.0,98.0,boxed,190,1
acc3_b16_g08,gsm8k,gsm8k_01014,1,3.0,3.0,boxed,242,1
acc3_b16_g08,gsm8k,gsm8k_00008,1,45.0,45.0,boxed,491,1
acc3_b16_g08,gsm8k,gsm8k_00664,1,32.0,32.0,boxed,150,1
acc3_b16_g08,gsm8k,gsm8k_00491,1,16.0,16.0,boxed,102,1
acc3_b16_g08,gsm8k,gsm8k_00393,1,20.0,20.0,boxed,332,1
acc3_b16_g08,gsm8k,gsm8k_00080,1,10.0,10.0,boxed,145,1
acc3_b16_g08,gsm8k,gsm8k_00901,0,0.0,1.0,boxed,215,1
acc3_b16_g08,gsm8k,gsm8k_00850,1,70.0,70.0,boxed,244,1
acc3_b16_g08,gsm8k,gsm8k_01030,1,24.0,24.0,boxed,619,1
acc3_b16_g08,gsm8k,gsm8k_00572,1,100.0,100.0,boxed,228,1
acc3_b16_g08,gsm8k,gsm8k_00609,1,7.0,7.0,boxed,234,1
acc3_b16_g08,gsm8k,gsm8k_01040,1,736.0,736.0,boxed,272,1
acc3_b16_g08,gsm8k,gsm8k_00831,1,324.0,324.0,boxed,313,1
acc3_b16_g08,gsm8k,gsm8k_00941,1,842.0,842.0,boxed,217,1
acc3_b16_g08,gsm8k,gsm8k_00416,1,56.0,56.0,boxed,403,1
acc3_b16_g08,gsm8k,gsm8k_01183,1,11.0,11.0,boxed,257,1
acc3_b16_g08,gsm8k,gsm8k_00201,1,114200.0,114200.0,boxed,232,1
acc3_b16_g08,gsm8k,gsm8k_00669,1,132.0,132.0,boxed,318,1
acc3_b16_g08,gsm8k,gsm8k_01054,1,2400.0,2400.0,boxed,124,1
acc3_b16_g08,gsm8k,gsm8k_00057,1,83.0,83.0,boxed,383,1
acc3_b16_g08,gsm8k,gsm8k_01184,1,306.0,306.0,boxed,127,1
acc3_b16_g08,gsm8k,gsm8k_01043,1,130000.0,130000.0,boxed,159,1
acc3_b16_g08,gsm8k,gsm8k_00307,1,16.0,16.0,boxed,577,1
acc3_b16_g08,gsm8k,gsm8k_00195,1,12.0,12.0,boxed,223,1
acc3_b16_g08,gsm8k,gsm8k_01060,1,31.0,31.0,boxed,302,1
acc3_b16_g08,gsm8k,gsm8k_00142,1,140.0,140.0,boxed,143,1
acc3_b16_g08,gsm8k,gsm8k_01177,1,17.0,17.0,boxed,240,1
acc3_b16_g08,gsm8k,gsm8k_00472,1,6.0,6.0,boxed,254,1
acc3_b16_g08,gsm8k,gsm8k_00355,1,34.0,34.0,boxed,186,1
acc3_b16_g08,gsm8k,gsm8k_00957,1,45.0,45.0,boxed,224,1
acc3_b16_g08,gsm8k,gsm8k_01153,1,20.0,20.0,boxed,237,1
acc3_b16_g08,gsm8k,gsm8k_00566,1,10.0,10.0,boxed,300,1
acc3_b16_g08,gsm8k,gsm8k_01230,1,440.0,440.0,boxed,213,1
acc3_b16_g08,gsm8k,gsm8k_00595,1,13.0,13.0,boxed,142,1
acc3_b16_g08,gsm8k,gsm8k_01101,1,16.0,16.0,boxed,215,1
acc3_b16_g08,gsm8k,gsm8k_00458,1,35.0,35.0,boxed,242,1
acc3_b16_g08,gsm8k,gsm8k_00381,1,67.0,67.0,boxed,238,1
acc3_b16_g08,gsm8k,gsm8k_00409,0,42000.0,168000.0,boxed,240,1
acc3_b16_g08,gsm8k,gsm8k_00528,1,172.0,172.0,boxed,361,1
acc3_b16_g08,gsm8k,gsm8k_00808,1,12.0,12.0,boxed,257,1
acc3_b16_g08,gsm8k,gsm8k_00759,1,60000.0,60000.0,boxed,204,1
acc3_b16_g08,gsm8k,gsm8k_00163,0,54.0,50.0,boxed,283,1
acc3_b16_g08,gsm8k,gsm8k_00818,1,16.0,16.0,boxed,216,1
acc3_b16_g08,gsm8k,gsm8k_00225,1,9.0,9.0,boxed,204,1
acc3_b16_g08,gsm8k,gsm8k_01128,1,9.0,9.0,boxed,281,1
acc3_b16_g08,gsm8k,gsm8k_00234,1,21.0,21.0,boxed,259,1
acc3_b16_g08,gsm8k,gsm8k_01310,1,64.0,64.0,boxed,418,1
acc3_b16_g08,gsm8k,gsm8k_00539,0,30.0,35.0,boxed,101,1
acc3_b16_g08,gsm8k,gsm8k_00252,1,73.0,73.0,boxed,301,1
acc3_b16_g08,gsm8k,gsm8k_01201,1,42.0,42.0,boxed,192,1
acc3_b16_g08,gsm8k,gsm8k_00326,1,14.0,14.0,boxed,206,1
acc3_b16_g08,gsm8k,gsm8k_00045,1,104.0,104.0,boxed,281,1
acc3_b16_g08,gsm8k,gsm8k_01232,1,15.0,15.0,boxed,224,1
acc3_b16_g08,gsm8k,gsm8k_01242,1,20.0,20.0,boxed,227,1
acc3_b16_g08,gsm8k,gsm8k_00672,1,2.0,2.0,boxed,936,1
acc3_b16_g08,gsm8k,gsm8k_01202,0,13.0,19.0,boxed,197,1
acc3_b16_g08,gsm8k,gsm8k_00740,1,25.0,25.0,boxed,295,1
acc3_b16_g08,gsm8k,gsm8k_01215,1,36.0,36.0,boxed,323,1
acc3_b16_g08,gsm8k,gsm8k_01021,1,36.0,36.0,boxed,274,1
acc3_b16_g08,gsm8k,gsm8k_01025,1,30.0,30.0,boxed,141,1
acc3_b16_g08,gsm8k,gsm8k_01231,1,70.0,70.0,boxed,207,1
acc3_b16_g08,gsm8k,gsm8k_00990,1,14.0,14.0,boxed,441,1
acc3_b16_g08,gsm8k,gsm8k_00989,0,90.0,45.0,last-number,1024,0
acc3_b16_g08,gsm8k,gsm8k_00949,1,42.0,42.0,boxed,267,1
acc3_b16_g08,gsm8k,gsm8k_00028,1,25.0,25.0,boxed,164,1
acc3_b16_g08,gsm8k,gsm8k_00237,1,90.0,90.0,boxed,83,1
acc3_b16_g08,gsm8k,gsm8k_00934,1,410.0,410.0,boxed,177,1
acc3_b16_g08,gsm8k,gsm8k_00236,0,30.0,31.0,boxed,894,1
acc3_b16_g08,gsm8k,gsm8k_00167,1,16.0,16.0,boxed,359,1
acc3_b16_g08,gsm8k,gsm8k_00325,1,224000.0,224000.0,boxed,314,1
acc3_b16_g08,gsm8k,gsm8k_00563,1,12.0,12.0,boxed,175,1
acc3_b16_g08,gsm8k,gsm8k_00670,1,4.0,4.0,boxed,119,1
acc3_b16_g08,gsm8k,gsm8k_00681,1,298.0,298.0,boxed,378,1
acc3_b16_g08,gsm8k,gsm8k_00545,1,30.0,30.0,boxed,101,1
acc3_b16_g08,gsm8k,gsm8k_00965,1,374.0,374.0,boxed,410,1
acc3_b16_g08,gsm8k,gsm8k_00187,0,106.12,106.0,boxed,199,1
acc3_b16_g08,gsm8k,gsm8k_01007,1,34.0,34.0,boxed,189,1
acc3_b16_g08,gsm8k,gsm8k_01140,1,27.0,27.0,boxed,226,1
acc3_b16_g08,gsm8k,gsm8k_01000,1,1.0,1.0,boxed,345,1
acc3_b16_g08,gsm8k,gsm8k_00531,1,66.0,66.0,boxed,789,1
acc3_b16_g08,gsm8k,gsm8k_00067,1,595.0,595.0,boxed,242,1
acc3_b16_g08,gsm8k,gsm8k_01271,1,43.0,43.0,boxed,319,1
acc3_b16_g08,gsm8k,gsm8k_01221,1,10.0,10.0,boxed,294,1
acc3_b16_g08,gsm8k,gsm8k_00693,1,68.0,68.0,boxed,278,1
acc3_b16_g08,gsm8k,gsm8k_00829,1,14000.0,14000.0,boxed,331,1
acc3_b16_g08,gsm8k,gsm8k_00549,1,398.0,398.0,boxed,163,1
acc3_b16_g08,gsm8k,gsm8k_01241,1,8.0,8.0,boxed,252,1
acc3_b16_g08,gsm8k,gsm8k_00620,1,1509.0,1509.0,boxed,197,1
acc3_b16_g08,gsm8k,gsm8k_00584,1,2.0,2.0,boxed,203,1
acc3_b16_g08,gsm8k,gsm8k_00895,1,74.0,74.0,boxed,198,1
acc3_b16_g08,gsm8k,gsm8k_00461,1,9.0,9.0,boxed,224,1
acc3_b16_g08,gsm8k,gsm8k_00729,1,1000.0,1000.0,boxed,482,1
acc3_b16_g08,gsm8k,gsm8k_00554,1,54.0,54.0,boxed,311,1
acc3_b16_g08,gsm8k,gsm8k_00536,1,8.0,8.0,boxed,95,1
acc3_b16_g08,gsm8k,gsm8k_00226,1,33.0,33.0,boxed,365,1
acc3_b16_g08,gsm8k,gsm8k_00157,0,280.0,80.0,boxed,246,1
acc3_b16_g08,gsm8k,gsm8k_00406,0,160.0,200.0,boxed,256,1
acc3_b16_g08,gsm8k,gsm8k_01003,0,120.0,480.0,boxed,1003,1
acc3_b16_g08,gsm8k,gsm8k_00107,1,3.0,3.0,boxed,390,1
acc3_b16_g08,mmlu,mmlu_01601,1,B,B,boxed,210,1
acc3_b16_g08,mmlu,mmlu_07323,1,B,B,boxed,304,1
acc3_b16_g08,mmlu,mmlu_09671,1,D,D,boxed,217,1
acc3_b16_g08,mmlu,mmlu_13884,1,B,B,boxed,296,1
acc3_b16_g08,mmlu,mmlu_02515,1,A,A,boxed,434,1
acc3_b16_g08,mmlu,mmlu_13316,0,C,D,boxed,473,1
acc3_b16_g08,mmlu,mmlu_07789,1,A,A,boxed,144,1
acc3_b16_g08,mmlu,mmlu_11825,0,A,B,boxed,613,1
acc3_b16_g08,mmlu,mmlu_04201,1,C,C,boxed,317,1
acc3_b16_g08,mmlu,mmlu_10299,1,B,B,boxed,416,1
acc3_b16_g08,mmlu,mmlu_11645,1,C,C,boxed,319,1
acc3_b16_g08,mmlu,mmlu_00805,0,D,A,boxed,511,1
acc3_b16_g08,mmlu,mmlu_00207,0,A,D,boxed,309,1
acc3_b16_g08,mmlu,mmlu_10167,0,A,B,boxed,327,1
acc3_b16_g08,mmlu,mmlu_07206,1,B,B,boxed,169,1
acc3_b16_g08,mmlu,mmlu_04096,1,A,A,boxed,477,1
acc3_b16_g08,mmlu,mmlu_00289,0,C,D,boxed,325,1
acc3_b16_g08,mmlu,mmlu_02384,1,A,A,boxed,385,1
acc3_b16_g08,mmlu,mmlu_01355,0,D,C,boxed,220,1
acc3_b16_g08,mmlu,mmlu_07449,1,A,A,boxed,207,1
acc3_b16_g08,mmlu,mmlu_11251,0,A,C,boxed,614,1
acc3_b16_g08,mmlu,mmlu_01055,1,D,D,boxed,877,1
acc3_b16_g08,mmlu,mmlu_03617,1,D,D,boxed,209,1
acc3_b16_g08,mmlu,mmlu_07442,1,B,B,boxed,91,1
acc3_b16_g08,mmlu,mmlu_02732,0,B,C,boxed,188,1
acc3_b16_g08,mmlu,mmlu_08129,1,C,C,boxed,147,1
acc3_b16_g08,mmlu,mmlu_02978,1,B,B,boxed,345,1
acc3_b16_g08,mmlu,mmlu_07535,0,A,B,boxed,116,1
acc3_b16_g08,mmlu,mmlu_10761,1,A,A,boxed,559,1
acc3_b16_g08,mmlu,mmlu_07304,1,D,D,boxed,71,1
acc3_b16_g08,mmlu,mmlu_09016,1,B,B,boxed,220,1
acc3_b16_g08,mmlu,mmlu_07741,0,A,B,boxed,305,1
acc3_b16_g08,mmlu,mmlu_09002,1,D,D,boxed,229,1
acc3_b16_g08,mmlu,mmlu_00325,0,C,D,boxed,729,1
acc3_b16_g08,mmlu,mmlu_01897,1,A,A,boxed,364,1
acc3_b16_g08,mmlu,mmlu_00968,0,B,A,boxed,644,1
acc3_b16_g08,mmlu,mmlu_01523,1,A,A,boxed,149,1
acc3_b16_g08,mmlu,mmlu_00613,1,A,A,boxed,174,1
acc3_b16_g08,mmlu,mmlu_05206,1,D,D,boxed,404,1
acc3_b16_g08,mmlu,mmlu_12050,1,D,D,boxed,557,1
acc3_b16_g08,mmlu,mmlu_00894,1,B,B,boxed,350,1
acc3_b16_g08,mmlu,mmlu_02098,1,C,C,boxed,293,1
acc3_b16_g08,mmlu,mmlu_05246,1,B,B,boxed,216,1
acc3_b16_g08,mmlu,mmlu_13690,0,A,C,boxed,225,1
acc3_b16_g08,mmlu,mmlu_04625,1,D,D,boxed,289,1
acc3_b16_g08,mmlu,mmlu_01064,1,B,B,boxed,331,1
acc3_b16_g08,mmlu,mmlu_10997,1,A,A,boxed,610,1
acc3_b16_g08,mmlu,mmlu_01120,0,A,B,boxed,395,1
acc3_b16_g08,mmlu,mmlu_10786,0,B,D,boxed,480,1
acc3_b16_g08,mmlu,mmlu_00563,1,B,B,boxed,444,1
acc3_b16_g08,mmlu,mmlu_10614,1,A,A,boxed,271,1
acc3_b16_g08,mmlu,mmlu_02710,1,D,D,boxed,246,1
acc3_b16_g08,mmlu,mmlu_04499,0,B,C,boxed,700,1
acc3_b16_g08,mmlu,mmlu_01697,1,C,C,boxed,465,1
acc3_b16_g08,mmlu,mmlu_10590,1,A,A,boxed,778,1
acc3_b16_g08,mmlu,mmlu_05720,1,C,C,boxed,348,1
acc3_b16_g08,mmlu,mmlu_04621,1,D,D,boxed,228,1
acc3_b16_g08,mmlu,mmlu_06047,1,B,B,boxed,612,1
acc3_b16_g08,mmlu,mmlu_10789,0,A,C,boxed,979,1
acc3_b16_g08,mmlu,mmlu_00726,0,D,C,boxed,240,1
acc3_b16_g08,mmlu,mmlu_10095,1,A,A,boxed,304,1
acc3_b16_g08,mmlu,mmlu_02593,1,D,D,boxed,308,1
acc3_b16_g08,mmlu,mmlu_12024,1,C,C,boxed,528,1
acc3_b16_g08,mmlu,mmlu_13824,1,D,D,boxed,216,1
acc3_b16_g08,mmlu,mmlu_13773,0,A,B,boxed,343,1
acc3_b16_g08,mmlu,mmlu_02189,1,B,B,boxed,163,1
acc3_b16_g08,mmlu,mmlu_11288,0,A,B,boxed,524,1
acc3_b16_g08,mmlu,mmlu_06674,1,C,C,boxed,233,1
acc3_b16_g08,mmlu,mmlu_05061,1,A,A,boxed,185,1
acc3_b16_g08,mmlu,mmlu_09686,0,C,D,boxed,317,1
acc3_b16_g08,mmlu,mmlu_03765,1,D,D,boxed,210,1
acc3_b16_g08,mmlu,mmlu_03476,1,A,A,boxed,186,1
acc3_b16_g08,mmlu,mmlu_00837,1,D,D,boxed,226,1
acc3_b16_g08,mmlu,mmlu_12401,1,C,C,boxed,478,1
acc3_b16_g08,mmlu,mmlu_01249,1,C,C,boxed,252,1
acc3_b16_g08,mmlu,mmlu_07127,1,C,C,boxed,234,1
acc3_b16_g08,mmlu,mmlu_00574,1,B,B,boxed,255,1
acc3_b16_g08,mmlu,mmlu_03045,1,B,B,boxed,278,1
acc3_b16_g08,mmlu,mmlu_10737,1,A,A,boxed,575,1
acc3_b16_g08,mmlu,mmlu_08796,1,D,D,boxed,186,1
acc3_b16_g08,mmlu,mmlu_05950,1,B,B,boxed,214,1
acc3_b16_g08,mmlu,mmlu_13314,1,D,D,boxed,316,1
acc3_b16_g08,mmlu,mmlu_06190,0,A,C,boxed,196,1
acc3_b16_g08,mmlu,mmlu_04936,1,D,D,boxed,339,1
acc3_b16_g08,mmlu,mmlu_10646,1,C,C,boxed,381,1
acc3_b16_g08,mmlu,mmlu_01638,0,A,D,boxed,276,1
acc3_b16_g08,mmlu,mmlu_01238,1,D,D,boxed,302,1
acc3_b16_g08,mmlu,mmlu_04737,1,A,A,boxed,262,1
acc3_b16_g08,mmlu,mmlu_08317,1,D,D,boxed,461,1
acc3_b16_g08,mmlu,mmlu_10355,0,A,D,boxed,470,1
acc3_b16_g08,mmlu,mmlu_07293,1,C,C,boxed,228,1
acc3_b16_g08,mmlu,mmlu_07300,1,A,A,boxed,307,1
acc3_b16_g08,mmlu,mmlu_11627,1,B,B,boxed,656,1
acc3_b16_g08,mmlu,mmlu_04119,1,A,A,boxed,529,1
acc3_b16_g08,mmlu,mmlu_09474,1,C,C,boxed,258,1
acc3_b16_g08,mmlu,mmlu_12805,1,C,C,boxed,402,1
acc3_b16_g08,mmlu,mmlu_09006,0,B,D,boxed,207,1
acc3_b16_g08,mmlu,mmlu_13456,0,A,B,boxed,322,1
acc3_b16_g08,mmlu,mmlu_10258,0,B,D,boxed,216,1
acc3_b16_g08,mmlu,mmlu_02514,1,C,C,boxed,774,1
acc3_b16_g08,mmlu,mmlu_05878,1,A,A,boxed,230,1
acc3_b16_g08,mmlu,mmlu_09324,1,B,B,boxed,234,1
acc3_b16_g08,mmlu,mmlu_03054,1,B,B,boxed,401,1
acc3_b16_g08,mmlu,mmlu_04462,1,D,D,boxed,235,1
acc3_b16_g08,mmlu,mmlu_04379,1,C,C,boxed,215,1
acc3_b16_g08,mmlu,mmlu_07502,1,D,D,boxed,377,1
acc3_b16_g08,mmlu,mmlu_13223,0,A,D,boxed,357,1
acc3_b16_g08,mmlu,mmlu_08362,0,C,D,boxed,500,1
acc3_b16_g08,mmlu,mmlu_02848,1,A,A,boxed,369,1
acc3_b16_g08,mmlu,mmlu_05580,1,D,D,boxed,542,1
acc3_b16_g08,mmlu,mmlu_02474,1,A,A,boxed,482,1
acc3_b16_g08,mmlu,mmlu_09518,0,A,C,boxed,331,1
acc3_b16_g08,mmlu,mmlu_03770,1,A,A,boxed,240,1
acc3_b16_g08,mmlu,mmlu_04187,0,C,A,boxed,296,1
acc3_b16_g08,mmlu,mmlu_00880,1,C,C,boxed,327,1
acc3_b16_g08,mmlu,mmlu_03459,1,A,A,boxed,197,1
acc3_b16_g08,mmlu,mmlu_08371,1,D,D,boxed,426,1
acc3_b16_g08,mmlu,mmlu_05781,1,A,A,boxed,416,1
acc3_b16_g08,mmlu,mmlu_06200,1,A,A,boxed,261,1
acc3_b16_g08,mmlu,mmlu_10884,0,B,C,boxed,769,1
acc3_b16_g08,mmlu,mmlu_03615,1,D,D,boxed,191,1
acc3_b16_g08,mmlu,mmlu_07587,1,A,A,boxed,73,1
acc3_b16_g08,mmlu,mmlu_00499,0,D,B,boxed,316,1
acc3_b16_g08,mmlu,mmlu_07951,1,D,D,boxed,66,1
acc3_b16_g08,mmlu,mmlu_01116,1,D,D,boxed,385,1
acc3_b16_g08,mmlu,mmlu_07681,1,C,C,boxed,107,1
acc3_b16_g08,mmlu,mmlu_00908,1,A,A,boxed,726,1
acc3_b16_g08,mmlu,mmlu_02014,0,A,C,boxed,151,1
acc3_b16_g08,mmlu,mmlu_02638,0,C,B,boxed,56,1
acc3_b16_g08,mmlu,mmlu_12628,1,A,A,boxed,377,1
acc3_b16_g08,mmlu,mmlu_09489,1,B,B,boxed,255,1
acc3_b16_g08,mmlu,mmlu_13393,0,A,C,boxed,169,1
acc3_b16_g08,mmlu,mmlu_09084,0,C,D,boxed,256,1
acc3_b16_g08,mmlu,mmlu_06226,1,D,D,boxed,264,1
acc3_b16_g08,mmlu,mmlu_11586,0,A,B,boxed,377,1
acc3_b16_g08,mmlu,mmlu_08554,1,B,B,boxed,188,1
acc3_b16_g08,mmlu,mmlu_04044,0,D,A,boxed,194,1
acc3_b16_g08,mmlu,mmlu_02228,1,D,D,boxed,644,1
acc3_b16_g08,mmlu,mmlu_09163,0,B,A,boxed,188,1
acc3_b16_g08,mmlu,mmlu_02662,1,B,B,boxed,222,1
acc3_b16_g08,mmlu,mmlu_06208,1,B,B,boxed,257,1
acc3_b16_g08,mmlu,mmlu_10302,1,A,A,boxed,214,1
acc3_b16_g08,mmlu,mmlu_01453,1,A,A,boxed,604,1
acc3_b16_g08,mmlu,mmlu_09406,1,A,A,boxed,200,1
acc3_b16_g08,mmlu,mmlu_08617,1,C,C,boxed,175,1
acc3_b16_g08,mmlu,mmlu_05153,1,B,B,boxed,334,1
acc3_b16_g08,mmlu,mmlu_14037,1,A,A,boxed,264,1
acc3_b16_g08,mmlu,mmlu_03862,0,A,B,boxed,272,1
acc3_b16_g08,mmlu,mmlu_10377,1,B,B,boxed,277,1
acc3_b16_g08,mmlu,mmlu_12878,0,A,B,boxed,225,1
acc3_b16_g08,mmlu,mmlu_07644,1,C,C,boxed,150,1
acc3_b16_g08,mmlu,mmlu_01770,1,B,B,boxed,195,1
acc3_b16_g08,mmlu,mmlu_04770,0,D,C,boxed,259,1
acc3_b16_g08,mmlu,mmlu_12905,1,A,A,boxed,200,1
acc3_b16_g08,mmlu,mmlu_07905,1,A,A,boxed,148,1
acc3_b16_g08,mmlu,mmlu_02401,1,B,B,boxed,134,1
acc3_b16_g08,mmlu,mmlu_07858,1,B,B,boxed,198,1
acc3_b16_g08,mmlu,mmlu_13246,1,D,D,boxed,284,1
acc3_b16_g08,mmlu,mmlu_05795,1,C,C,boxed,343,1
acc3_b16_g08,mmlu,mmlu_01778,1,B,B,boxed,460,1
acc3_b16_g08,mmlu,mmlu_08988,1,B,B,boxed,153,1
acc3_b16_g08,mmlu,mmlu_00997,1,C,C,trailing-letter,1024,0
acc3_b16_g08,mmlu,mmlu_08043,1,C,C,boxed,189,1
acc3_b16_g08,mmlu,mmlu_06767,1,B,B,boxed,417,1
acc3_b16_g08,mmlu,mmlu_07220,1,C,C,boxed,234,1
acc3_b16_g08,mmlu,mmlu_07136,0,A,C,boxed,200,1
acc3_b16_g08,mmlu,mmlu_08264,1,C,C,boxed,332,1
acc3_b16_g08,mmlu,mmlu_10082,0,B,D,boxed,443,1
acc3_b16_g08,mmlu,mmlu_13987,1,C,C,boxed,364,1
acc3_b16_g08,mmlu,mmlu_11387,0,C,D,boxed,836,1
acc3_b16_g08,mmlu,mmlu_08845,0,C,D,boxed,202,1
acc3_b16_g08,mmlu,mmlu_06333,1,B,B,boxed,192,1
acc3_b16_g08,mmlu,mmlu_09835,1,C,C,boxed,331,1
acc3_b16_g08,mmlu,mmlu_11526,0,A,B,boxed,692,1
acc3_b16_g08,mmlu,mmlu_10766,0,A,C,boxed,498,1
acc3_b16_g08,mmlu,mmlu_11789,1,A,A,boxed,659,1
acc3_b16_g08,mmlu,mmlu_04079,1,B,B,boxed,285,1
acc3_b16_g08,mmlu,mmlu_09822,0,A,C,boxed,279,1
acc3_b16_g08,mmlu,mmlu_11027,1,A,A,boxed,556,1
acc3_b16_g08,mmlu,mmlu_06727,1,D,D,boxed,224,1
acc3_b16_g08,mmlu,mmlu_05266,1,D,D,boxed,327,1
acc3_b16_g08,mmlu,mmlu_06478,1,D,D,boxed,444,1
acc3_b16_g08,mmlu,mmlu_13049,1,B,B,boxed,153,1
acc3_b16_g08,mmlu,mmlu_10523,0,C,B,boxed,390,1
acc3_b16_g08,mmlu,mmlu_08147,1,B,B,boxed,552,1
acc3_b16_g08,mmlu,mmlu_13412,1,A,A,boxed,368,1
acc3_b16_g08,mmlu,mmlu_07799,1,B,B,boxed,132,1
acc3_b16_g08,mmlu,mmlu_03099,1,C,C,boxed,192,1
acc3_b16_g08,mmlu,mmlu_03090,1,A,A,boxed,674,1
acc3_b16_g08,mmlu,mmlu_12320,0,A,D,boxed,300,1
acc3_b16_g08,mmlu,mmlu_09636,1,D,D,boxed,130,1
acc3_b16_g08,mmlu,mmlu_03514,1,B,B,boxed,280,1
acc3_b16_g08,mmlu,mmlu_07643,1,D,D,boxed,116,1
acc3_b16_g08,mmlu,mmlu_12056,0,D,B,boxed,335,1
acc3_b16_g08,mmlu,mmlu_05983,1,A,A,boxed,464,1
acc3_b16_g08,mmlu,mmlu_07819,1,A,A,boxed,163,1
acc3_b16_g08,mmlu,mmlu_01738,0,A,D,boxed,220,1
acc3_b16_g08,mmlu,mmlu_03391,1,D,D,boxed,229,1
acc3_b16_g08,mmlu,mmlu_04871,0,A,C,boxed,260,1
acc3_b16_g08,mmlu,mmlu_07116,1,A,A,boxed,260,1
acc3_b16_g08,mmlu,mmlu_06894,0,A,B,boxed,362,1
acc3_b16_g08,mmlu,mmlu_09368,1,B,B,boxed,159,1
acc3_b16_g08,mmlu,mmlu_00782,1,A,A,boxed,218,1
acc3_b16_g08,mmlu,mmlu_09710,1,D,D,boxed,238,1
acc3_b16_g08,mmlu,mmlu_04661,1,D,D,boxed,250,1
acc3_b16_g08,mmlu,mmlu_04416,1,B,B,boxed,208,1
acc3_b16_g08,mmlu,mmlu_09473,1,C,C,boxed,186,1
acc3_b16_g08,mmlu,mmlu_05701,1,D,D,boxed,364,1
acc3_b16_g08,mmlu,mmlu_02331,0,D,B,boxed,157,1
acc3_b16_g08,mmlu,mmlu_07145,1,C,C,boxed,152,1
acc3_b16_g08,mmlu,mmlu_07031,1,D,D,boxed,303,1
acc3_b16_g08,mmlu,mmlu_11697,1,A,A,boxed,411,1
acc3_b16_g08,mmlu,mmlu_00847,0,A,B,boxed,472,1
acc3_b16_g08,mmlu,mmlu_06846,1,C,C,boxed,148,1
acc3_b16_g08,mmlu,mmlu_00353,1,A,A,boxed,401,1
acc3_b16_g08,mmlu,mmlu_03852,1,A,A,boxed,270,1
acc3_b16_g08,mmlu,mmlu_09876,1,A,A,boxed,328,1
acc3_b16_g08,mmlu,mmlu_13296,1,B,B,boxed,305,1
acc3_b16_g08,mmlu,mmlu_02591,0,C,D,boxed,315,1
acc3_b16_g08,mmlu,mmlu_07022,1,C,C,boxed,193,1
acc3_b16_g08,mmlu,mmlu_03312,1,A,A,boxed,296,1
acc3_b16_g08,mmlu,mmlu_11705,0,C,B,boxed,575,1
acc3_b16_g08,mmlu,mmlu_10980,0,B,A,boxed,473,1
acc3_b16_g08,mmlu,mmlu_02124,1,B,B,boxed,297,1
acc3_b16_g08,mmlu,mmlu_03737,1,C,C,boxed,291,1
acc3_b16_g08,mmlu,mmlu_11756,0,A,B,boxed,474,1
acc3_b16_g08,mmlu,mmlu_01824,1,D,D,boxed,974,1
acc3_b16_g08,mmlu,mmlu_13871,1,D,D,boxed,171,1
acc3_b16_g08,mmlu,mmlu_13190,0,D,C,boxed,599,1
acc3_b16_g08,mmlu,mmlu_12722,1,A,A,boxed,244,1
acc3_b16_g08,mmlu,mmlu_03700,1,D,D,boxed,225,1
acc3_b16_g08,mmlu,mmlu_09769,1,C,C,boxed,353,1
acc3_b16_g08,mmlu,mmlu_02089,1,B,B,boxed,139,1
acc3_b16_g08,mmlu,mmlu_07246,1,C,C,boxed,187,1
acc3_b16_g08,mmlu,mmlu_11707,1,B,B,boxed,644,1
acc3_b16_g08,mmlu,mmlu_06779,1,A,A,boxed,289,1
acc3_b16_g08,mmlu,mmlu_06471,1,A,A,boxed,341,1
acc3_b16_g08,mmlu,mmlu_12983,0,B,D,boxed,505,1
acc3_b16_g08,mmlu,mmlu_08263,0,A,B,boxed,362,1
acc3_b16_g08,mmlu,mmlu_05524,0,A,D,boxed,359,1
acc3_b16_g08,mmlu,mmlu_11058,0,D,C,boxed,356,1
acc3_b16_g08,mmlu,mmlu_07339,0,A,B,boxed,355,1
acc3_b16_g08,mmlu,mmlu_07035,1,C,C,boxed,187,1
acc3_b16_g08,mmlu,mmlu_09320,0,B,A,boxed,187,1
acc3_b16_g08,mmlu,mmlu_11854,0,B,D,boxed,595,1
acc3_b16_g08,mmlu,mmlu_09214,1,D,D,boxed,172,1
acc3_b16_g08,mmlu,mmlu_09938,1,D,D,boxed,339,1
acc3_b16_g08,mmlu,mmlu_05196,0,B,A,boxed,301,1
acc3_b16_g08,mmlu,mmlu_05177,1,B,B,boxed,193,1
acc3_b16_g08,mmlu,mmlu_09187,0,B,D,boxed,243,1
acc3_b16_g09,gsm8k,gsm8k_00195,1,12.0,12.0,boxed,265,1
acc3_b16_g09,gsm8k,gsm8k_00142,1,140.0,140.0,boxed,143,1
acc3_b16_g09,gsm8k,gsm8k_00578,1,48.0,48.0,boxed,217,1
acc3_b16_g09,gsm8k,gsm8k_00157,0,280.0,80.0,boxed,246,1
acc3_b16_g09,gsm8k,gsm8k_00729,1,1000.0,1000.0,boxed,475,1
acc3_b16_g09,gsm8k,gsm8k_00788,1,100.0,100.0,boxed,137,1
acc3_b16_g09,gsm8k,gsm8k_00067,1,595.0,595.0,boxed,242,1
acc3_b16_g09,gsm8k,gsm8k_00597,1,90.0,90.0,boxed,271,1
acc3_b16_g09,gsm8k,gsm8k_00547,1,81.0,81.0,boxed,382,1
acc3_b16_g09,gsm8k,gsm8k_01177,1,17.0,17.0,boxed,240,1
acc3_b16_g09,gsm8k,gsm8k_01310,1,64.0,64.0,boxed,409,1
acc3_b16_g09,gsm8k,gsm8k_00791,1,100.0,100.0,boxed,192,1
acc3_b16_g09,gsm8k,gsm8k_00347,1,36.0,36.0,boxed,97,1
acc3_b16_g09,gsm8k,gsm8k_00469,1,4.0,4.0,boxed,140,1
acc3_b16_g09,gsm8k,gsm8k_00461,1,9.0,9.0,boxed,224,1
acc3_b16_g09,gsm8k,gsm8k_00214,1,8.0,8.0,boxed,495,1
acc3_b16_g09,gsm8k,gsm8k_00428,0,4.0,26.0,boxed,925,1
acc3_b16_g09,gsm8k,gsm8k_00782,0,27.0,54.0,boxed,219,1
acc3_b16_g09,gsm8k,gsm8k_00041,1,200.0,200.0,boxed,175,1
acc3_b16_g09,gsm8k,gsm8k_01026,1,43200.0,43200.0,boxed,344,1
acc3_b16_g09,gsm8k,gsm8k_00669,1,132.0,132.0,boxed,318,1
acc3_b16_g09,gsm8k,gsm8k_01230,1,440.0,440.0,boxed,217,1
acc3_b16_g09,gsm8k,gsm8k_00163,0,54.0,50.0,boxed,306,1
acc3_b16_g09,gsm8k,gsm8k_01305,1,2325.0,2325.0,boxed,248,1
acc3_b16_g09,gsm8k,gsm8k_01019,1,98.0,98.0,boxed,190,1
acc3_b16_g09,gsm8k,gsm8k_00127,1,120.0,120.0,boxed,194,1
acc3_b16_g09,gsm8k,gsm8k_01190,1,19.0,19.0,boxed,491,1
acc3_b16_g09,gsm8k,gsm8k_00565,1,5.0,5.0,boxed,168,1
acc3_b16_g09,gsm8k,gsm8k_00080,1,10.0,10.0,boxed,144,1
acc3_b16_g09,gsm8k,gsm8k_00863,1,110.0,110.0,boxed,232,1
acc3_b16_g09,gsm8k,gsm8k_00326,1,14.0,14.0,boxed,206,1
acc3_b16_g09,gsm8k,gsm8k_00515,0,288.0,160.0,boxed,178,1
acc3_b16_g09,gsm8k,gsm8k_00491,1,16.0,16.0,boxed,102,1
acc3_b16_g09,gsm8k,gsm8k_00345,1,310.0,310.0,boxed,190,1
acc3_b16_g09,gsm8k,gsm8k_00294,1,3.0,3.0,boxed,143,1
acc3_b16_g09,gsm8k,gsm8k_01237,1,78.0,78.0,boxed,91,1
acc3_b16_g09,gsm8k,gsm8k_00909,1,38.0,38.0,boxed,284,1
acc3_b16_g09,gsm8k,gsm8k_00307,1,16.0,16.0,boxed,488,1
acc3_b16_g09,gsm8k,gsm8k_01271,1,43.0,43.0,boxed,319,1
acc3_b16_g09,gsm8k,gsm8k_00978,1,160.0,160.0,boxed,194,1
acc3_b16_g09,gsm8k,gsm8k_00324,1,14.0,14.0,boxed,578,1
acc3_b16_g09,gsm8k,gsm8k_01140,1,27.0,27.0,boxed,217,1
acc3_b16_g09,gsm8k,gsm8k_00472,1,6.0,6.0,boxed,254,1
acc3_b16_g09,gsm8k,gsm8k_00030,1,109.0,109.0,boxed,210,1
acc3_b16_g09,gsm8k,gsm8k_00409,0,42000.0,168000.0,boxed,240,1
acc3_b16_g09,gsm8k,gsm8k_01137,1,68.0,68.0,boxed,359,1
acc3_b16_g09,gsm8k,gsm8k_00048,1,8.0,8.0,boxed,130,1
acc3_b16_g09,gsm8k,gsm8k_00626,1,72.0,72.0,boxed,252,1
acc3_b16_g09,gsm8k,gsm8k_01267,0,80.0,40.0,boxed,204,1
acc3_b16_g09,gsm8k,gsm8k_00603,0,1260.0,1800.0,boxed,572,1
acc3_b16_g09,gsm8k,gsm8k_01047,1,10.0,10.0,boxed,337,1
acc3_b16_g09,gsm8k,gsm8k_00681,1,298.0,298.0,boxed,460,1
acc3_b16_g09,gsm8k,gsm8k_00610,1,65960.0,65960.0,boxed,207,1
acc3_b16_g09,gsm8k,gsm8k_00504,1,2.0,2.0,boxed,291,1
acc3_b16_g09,gsm8k,gsm8k_00908,1,14.0,14.0,boxed,151,1
acc3_b16_g09,gsm8k,gsm8k_00178,1,122.0,122.0,boxed,265,1
acc3_b16_g09,gsm8k,gsm8k_01153,1,20.0,20.0,boxed,237,1
acc3_b16_g09,gsm8k,gsm8k_01127,1,750.0,750.0,boxed,291,1
acc3_b16_g09,gsm8k,gsm8k_01025,1,30.0,30.0,boxed,141,1
acc3_b16_g09,gsm8k,gsm8k_01258,1,60.0,60.0,boxed,198,1
acc3_b16_g09,gsm8k,gsm8k_00226,1,33.0,33.0,boxed,365,1
acc3_b16_g09,gsm8k,gsm8k_00406,0,160.0,200.0,boxed,266,1
acc3_b16_g09,gsm8k,gsm8k_00740,1,25.0,25.0,boxed,295,1
acc3_b16_g09,gsm8k,gsm8k_00590,0,318.0,319.0,boxed,197,1
acc3_b16_g09,gsm8k,gsm8k_00779,1,255.0,255.0,boxed,338,1
acc3_b16_g09,gsm8k,gsm8k_00833,1,40.0,40.0,boxed,433,1
acc3_b16_g09,gsm8k,gsm8k_00850,1,70.0,70.0,boxed,244,1
acc3_b16_g09,gsm8k,gsm8k_00201,1,114200.0,114200.0,boxed,232,1
acc3_b16_g09,gsm8k,gsm8k_00421,1,12.0,12.0,boxed,175,1
acc3_b16_g09,gsm8k,gsm8k_00778,1,38.0,38.0,boxed,247,1
acc3_b16_g09,gsm8k,gsm8k_01242,1,20.0,20.0,boxed,227,1
acc3_b16_g09,gsm8k,gsm8k_01221,1,10.0,10.0,boxed,294,1
acc3_b16_g09,gsm8k,gsm8k_00758,1,133.0,133.0,boxed,104,1
acc3_b16_g09,gsm8k,gsm8k_00818,1,16.0,16.0,boxed,216,1
acc3_b16_g09,gsm8k,gsm8k_00828,1,60.0,60.0,boxed,179,1
acc3_b16_g09,gsm8k,gsm8k_00949,1,42.0,42.0,boxed,267,1
acc3_b16_g09,gsm8k,gsm8k_00451,1,11050.0,11050.0,boxed,300,1
acc3_b16_g09,gsm8k,gsm8k_00666,1,120.0,120.0,boxed,342,1
acc3_b16_g09,gsm8k,gsm8k_00963,1,147.0,147.0,boxed,529,1
acc3_b16_g09,gsm8k,gsm8k_00965,1,374.0,374.0,boxed,410,1
acc3_b16_g09,gsm8k,gsm8k_00434,0,99.0,5.0,last-number,1024,0
acc3_b16_g09,gsm8k,gsm8k_00044,1,20.0,20.0,boxed,255,1
acc3_b16_g09,gsm8k,gsm8k_01183,1,11.0,11.0,boxed,257,1
acc3_b16_g09,gsm8k,gsm8k_00100,1,175.0,175.0,boxed,331,1
acc3_b16_g09,gsm8k,gsm8k_00378,1,15.0,15.0,boxed,142,1
acc3_b16_g09,gsm8k,gsm8k_00693,1,68.0,68.0,boxed,278,1
acc3_b16_g09,gsm8k,gsm8k_00058,1,57.0,57.0,boxed,152,1
acc3_b16_g09,gsm8k,gsm8k_01009,1,1875.0,1875.0,boxed,333,1
acc3_b16_g09,gsm8k,gsm8k_00260,1,11.0,11.0,boxed,303,1
acc3_b16_g09,gsm8k,gsm8k_00328,1,2.0,2.0,boxed,163,1
acc3_b16_g09,gsm8k,gsm8k_00595,1,13.0,13.0,boxed,142,1
acc3_b16_g09,gsm8k,gsm8k_00657,1,330000.0,330000.0,boxed,264,1
acc3_b16_g09,gsm8k,gsm8k_01159,1,50.0,50.0,boxed,256,1
acc3_b16_g09,gsm8k,gsm8k_00005,1,64.0,64.0,boxed,348,1
acc3_b16_g09,gsm8k,gsm8k_01108,1,38.0,38.0,boxed,56,1
acc3_b16_g09,gsm8k,gsm8k_00237,1,90.0,90.0,boxed,83,1
acc3_b16_g09,gsm8k,gsm8k_01207,1,64.0,64.0,boxed,177,1
acc3_b16_g09,gsm8k,gsm8k_00941,1,842.0,842.0,boxed,217,1
acc3_b16_g09,gsm8k,gsm8k_00701,1,200.0,200.0,boxed,260,1
acc3_b16_g09,gsm8k,gsm8k_00670,1,4.0,4.0,boxed,119,1
acc3_b16_g09,gsm8k,gsm8k_00792,1,75.0,75.0,boxed,116,1
acc3_b16_g09,gsm8k,gsm8k_00538,1,18.0,18.0,boxed,207,1
acc3_b16_g09,gsm8k,gsm8k_00536,1,8.0,8.0,boxed,95,1
acc3_b16_g09,gsm8k,gsm8k_00990,1,14.0,14.0,boxed,362,1
acc3_b16_g09,gsm8k,gsm8k_00358,1,20.0,20.0,boxed,131,1
acc3_b16_g09,gsm8k,gsm8k_01000,1,1.0,1.0,boxed,345,1
acc3_b16_g09,gsm8k,gsm8k_01241,1,8.0,8.0,boxed,252,1
acc3_b16_g09,gsm8k,gsm8k_01146,1,16.0,16.0,boxed,363,1
acc3_b16_g09,gsm8k,gsm8k_00580,1,500.0,500.0,boxed,421,1
acc3_b16_g09,gsm8k,gsm8k_00104,1,500.0,500.0,boxed,368,1
acc3_b16_g09,gsm8k,gsm8k_00989,0,30.0,45.0,boxed,930,1
acc3_b16_g09,gsm8k,gsm8k_00934,1,410.0,410.0,boxed,177,1
acc3_b16_g09,gsm8k,gsm8k_00563,1,12.0,12.0,boxed,176,1
acc3_b16_g09,gsm8k,gsm8k_00549,1,398.0,398.0,boxed,180,1
acc3_b16_g09,gsm8k,gsm8k_00957,1,45.0,45.0,boxed,224,1
acc3_b16_g09,gsm8k,gsm8k_00962,0,600.0,1000.0,boxed,182,1
acc3_b16_g09,gsm8k,gsm8k_01202,0,13.0,19.0,boxed,197,1
acc3_b16_g09,gsm8k,gsm8k_00859,1,1520.0,1520.0,boxed,200,1
acc3_b16_g09,gsm8k,gsm8k_00480,1,11.0,11.0,boxed,223,1
acc3_b16_g09,gsm8k,gsm8k_00554,1,54.0,54.0,boxed,311,1
acc3_b16_g09,gsm8k,gsm8k_00424,1,570.0,570.0,boxed,141,1
acc3_b16_g09,gsm8k,gsm8k_00167,1,16.0,16.0,boxed,358,1
acc3_b16_g09,gsm8k,gsm8k_00107,1,3.0,3.0,boxed,390,1
acc3_b16_g09,gsm8k,gsm8k_01030,1,24.0,24.0,boxed,635,1
acc3_b16_g09,gsm8k,gsm8k_01272,1,296.0,296.0,boxed,206,1
acc3_b16_g09,gsm8k,gsm8k_00433,1,6.0,6.0,boxed,152,1
acc3_b16_g09,gsm8k,gsm8k_00736,1,3.0,3.0,boxed,217,1
acc3_b16_g09,gsm8k,gsm8k_00796,0,3120000.0,2880000.0,boxed,216,1
acc3_b16_g09,gsm8k,gsm8k_00614,1,312.0,312.0,boxed,165,1
acc3_b16_g09,gsm8k,gsm8k_00028,1,25.0,25.0,boxed,183,1
acc3_b16_g09,gsm8k,gsm8k_01029,1,34.0,34.0,boxed,330,1
acc3_b16_g09,gsm8k,gsm8k_01178,1,17.0,17.0,boxed,137,1
acc3_b16_g09,gsm8k,gsm8k_01197,1,2400.0,2400.0,boxed,252,1
acc3_b16_g09,gsm8k,gsm8k_00333,1,100.0,100.0,boxed,192,1
acc3_b16_g09,gsm8k,gsm8k_00435,1,5.0,5.0,boxed,99,1
acc3_b16_g09,gsm8k,gsm8k_00147,1,75.0,75.0,boxed,350,1
acc3_b16_g09,gsm8k,gsm8k_01028,1,200.0,200.0,boxed,203,1
acc3_b16_g09,gsm8k,gsm8k_01116,1,60.0,60.0,boxed,180,1
acc3_b16_g09,gsm8k,gsm8k_00151,1,5.0,5.0,boxed,161,1
acc3_b16_g09,gsm8k,gsm8k_00809,1,50.0,50.0,boxed,787,1
acc3_b16_g09,gsm8k,gsm8k_00007,1,160.0,160.0,boxed,258,1
acc3_b16_g09,gsm8k,gsm8k_01003,0,25.0,480.0,last-number,1024,0
acc3_b16_g09,gsm8k,gsm8k_01043,1,130000.0,130000.0,boxed,168,1
acc3_b16_g09,gsm8k,gsm8k_00735,1,50.0,50.0,boxed,283,1
acc3_b16_g09,gsm8k,gsm8k_00956,1,1.0,1.0,boxed,353,1
acc3_b16_g09,gsm8k,gsm8k_00767,1,60.0,60.0,boxed,134,1
acc3_b16_g09,gsm8k,gsm8k_01021,1,36.0,36.0,boxed,274,1
acc3_b16_g09,gsm8k,gsm8k_01089,1,32.0,32.0,boxed,142,1
acc3_b16_g09,gsm8k,gsm8k_01048,0,9858.38,7400.0,boxed,477,1
acc3_b16_g09,gsm8k,gsm8k_00566,1,10.0,10.0,boxed,300,1
acc3_b16_g09,gsm8k,gsm8k_00528,1,172.0,172.0,boxed,364,1
acc3_b16_g09,gsm8k,gsm8k_01041,1,101.0,101.0,boxed,147,1
acc3_b16_g09,gsm8k,gsm8k_01117,1,9.0,9.0,boxed,340,1
acc3_b16_g09,gsm8k,gsm8k_00808,1,12.0,12.0,boxed,257,1
acc3_b16_g09,gsm8k,gsm8k_00759,1,60000.0,60000.0,boxed,204,1
acc3_b16_g09,gsm8k,gsm8k_00996,1,3.0,3.0,boxed,245,1
acc3_b16_g09,gsm8k,gsm8k_01040,1,736.0,736.0,boxed,272,1
acc3_b16_g09,gsm8k,gsm8k_01031,1,5.0,5.0,boxed,186,1
acc3_b16_g09,gsm8k,gsm8k_00077,1,100.0,100.0,boxed,283,1
acc3_b16_g09,gsm8k,gsm8k_00584,1,2.0,2.0,boxed,209,1
acc3_b16_g09,gsm8k,gsm8k_00187,0,106.12,106.0,boxed,199,1
acc3_b16_g09,gsm8k,gsm8k_01227,1,66.0,66.0,boxed,508,1
acc3_b16_g09,gsm8k,gsm8k_00325,1,224000.0,224000.0,boxed,343,1
acc3_b16_g09,gsm8k,gsm8k_01255,1,12.0,12.0,boxed,250,1
acc3_b16_g09,gsm8k,gsm8k_01055,1,2304.0,2304.0,boxed,200,1
acc3_b16_g09,gsm8k,gsm8k_00393,1,20.0,20.0,boxed,326,1
acc3_b16_g09,gsm8k,gsm8k_00531,1,66.0,66.0,boxed,866,1
acc3_b16_g09,gsm8k,gsm8k_00572,1,100.0,100.0,boxed,228,1
acc3_b16_g09,gsm8k,gsm8k_00952,0,1800.0,360.0,boxed,267,1
acc3_b16_g09,gsm8k,gsm8k_00672,1,2.0,2.0,boxed,773,1
acc3_b16_g09,gsm8k,gsm8k_00831,1,324.0,324.0,boxed,313,1
acc3_b16_g09,gsm8k,gsm8k_01039,1,160.0,160.0,boxed,193,1
acc3_b16_g09,gsm8k,gsm8k_00069,1,60.0,60.0,boxed,195,1
acc3_b16_g09,gsm8k,gsm8k_01206,1,40000.0,40000.0,boxed,170,1
acc3_b16_g09,gsm8k,gsm8k_01285,1,1218.0,1218.0,boxed,139,1
acc3_b16_g09,gsm8k,gsm8k_00101,1,6.0,6.0,boxed,226,1
acc3_b16_g09,gsm8k,gsm8k_00416,1,56.0,56.0,boxed,405,1
acc3_b16_g09,gsm8k,gsm8k_01103,1,90.0,90.0,boxed,366,1
acc3_b16_g09,gsm8k,gsm8k_00375,1,48.0,48.0,boxed,143,1
acc3_b16_g09,gsm8k,gsm8k_00911,1,64.0,64.0,boxed,148,1
acc3_b16_g09,gsm8k,gsm8k_00045,1,104.0,104.0,boxed,281,1
acc3_b16_g09,gsm8k,gsm8k_01311,1,594.0,594.0,boxed,190,1
acc3_b16_g09,gsm8k,gsm8k_00330,1,31.0,31.0,boxed,219,1
acc3_b16_g09,gsm8k,gsm8k_01317,1,5.0,5.0,boxed,340,1
acc3_b16_g09,gsm8k,gsm8k_01143,1,300.0,300.0,boxed,169,1
acc3_b16_g09,gsm8k,gsm8k_00683,1,50.0,50.0,boxed,450,1
acc3_b16_g09,gsm8k,gsm8k_01181,1,20.0,20.0,boxed,512,1
acc3_b16_g09,gsm8k,gsm8k_00493,1,25.0,25.0,boxed,241,1
acc3_b16_g09,gsm8k,gsm8k_00483,1,40.0,40.0,boxed,264,1
acc3_b16_g09,gsm8k,gsm8k_00716,1,770.0,770.0,boxed,195,1
acc3_b16_g09,gsm8k,gsm8k_01128,1,9.0,9.0,boxed,281,1
acc3_b16_g09,gsm8k,gsm8k_01201,1,42.0,42.0,boxed,192,1
acc3_b16_g09,gsm8k,gsm8k_00254,1,84.0,84.0,boxed,223,1
acc3_b16_g09,gsm8k,gsm8k_00009,1,460.0,460.0,boxed,235,1
acc3_b16_g09,gsm8k,gsm8k_00139,1,70.0,70.0,boxed,173,1
acc3_b16_g09,gsm8k,gsm8k_00225,1,9.0,9.0,boxed,204,1
acc3_b16_g09,gsm8k,gsm8k_01130,1,25.0,25.0,boxed,257,1
acc3_b16_g09,gsm8k,gsm8k_00539,0,30.0,35.0,boxed,101,1
acc3_b16_g09,gsm8k,gsm8k_00355,1,34.0,34.0,boxed,186,1
acc3_b16_g09,gsm8k,gsm8k_00173,1,18000.0,18000.0,boxed,203,1
acc3_b16_g09,gsm8k,gsm8k_01184,1,306.0,306.0,boxed,127,1
acc3_b16_g09,gsm8k,gsm8k_00975,1,20.0,20.0,boxed,259,1
acc3_b16_g09,gsm8k,gsm8k_00715,1,385000.0,385000.0,boxed,331,1
acc3_b16_g09,gsm8k,gsm8k_00091,1,28.0,28.0,boxed,239,1
acc3_b16_g09,gsm8k,gsm8k_00895,1,74.0,74.0,boxed,198,1
acc3_b16_g09,gsm8k,gsm8k_01014,1,3.0,3.0,boxed,243,1
acc3_b16_g09,gsm8k,gsm8k_00642,1,10800.0,10800.0,boxed,265,1
acc3_b16_g09,gsm8k,gsm8k_00620,1,1509.0,1509.0,boxed,197,1
acc3_b16_g09,gsm8k,gsm8k_00233,1,12.0,12.0,boxed,186,1
acc3_b16_g09,gsm8k,gsm8k_00852,1,123.0,123.0,boxed,314,1
acc3_b16_g09,gsm8k,gsm8k_00664,1,32.0,32.0,boxed,150,1
acc3_b16_g09,gsm8k,gsm8k_00057,1,83.0,83.0,boxed,382,1
acc3_b16_g09,gsm8k,gsm8k_01279,1,180.0,180.0,boxed,164,1
acc3_b16_g09,gsm8k,gsm8k_00210,1,10.0,10.0,boxed,366,1
acc3_b16_g09,gsm8k,gsm8k_00228,1,1.0,1.0,boxed,272,1
acc3_b16_g09,gsm8k,gsm8k_00008,1,45.0,45.0,boxed,636,1
acc3_b16_g09,gsm8k,gsm8k_01085,1,26.0,26.0,boxed,170,1
acc3_b16_g09,gsm8k,gsm8k_01007,1,34.0,34.0,boxed,222,1
acc3_b16_g09,gsm8k,gsm8k_01060,1,31.0,31.0,boxed,302,1
acc3_b16_g09,gsm8k,gsm8k_01231,1,70.0,70.0,boxed,203,1
acc3_b16_g09,gsm8k,gsm8k_00399,1,12.0,12.0,boxed,242,1
acc3_b16_g09,gsm8k,gsm8k_00772,1,50.0,50.0,boxed,309,1
acc3_b16_g09,gsm8k,gsm8k_00381,1,67.0,67.0,boxed,238,1
acc3_b16_g09,gsm8k,gsm8k_01101,1,16.0,16.0,boxed,215,1
acc3_b16_g09,gsm8k,gsm8k_00234,1,21.0,21.0,boxed,259,1
acc3_b16_g09,gsm8k,gsm8k_00799,1,4.0,4.0,boxed,135,1
acc3_b16_g09,gsm8k,gsm8k_00196,1,120.0,120.0,boxed,152,1
acc3_b16_g09,gsm8k,gsm8k_01044,1,1.0,1.0,boxed,140,1
acc3_b16_g09,gsm8k,gsm8k_00407,1,2000.0,2000.0,boxed,495,1
acc3_b16_g09,gsm8k,gsm8k_00236,0,30.0,31.0,boxed,475,1
acc3_b16_g09,gsm8k,gsm8k_00720,1,4.0,4.0,boxed,156,1
acc3_b16_g09,gsm8k,gsm8k_00694,1,9.0,9.0,boxed,243,1
acc3_b16_g09,gsm8k,gsm8k_00474,1,80.0,80.0,boxed,210,1
acc3_b16_g09,gsm8k,gsm8k_00458,1,35.0,35.0,boxed,242,1
acc3_b16_g09,gsm8k,gsm8k_01226,1,90.0,90.0,boxed,221,1
acc3_b16_g09,gsm8k,gsm8k_00641,0,378000.0,262500.0,boxed,214,1
acc3_b16_g09,gsm8k,gsm8k_01232,1,15.0,15.0,boxed,158,1
acc3_b16_g09,gsm8k,gsm8k_00901,0,2.0,1.0,boxed,187,1
acc3_b16_g09,gsm8k,gsm8k_00609,1,7.0,7.0,boxed,125,1
acc3_b16_g09,gsm8k,gsm8k_00622,1,7.0,7.0,boxed,277,1
acc3_b16_g09,gsm8k,gsm8k_00829,1,14000.0,14000.0,boxed,331,1
acc3_b16_g09,gsm8k,gsm8k_00400,1,48.0,48.0,boxed,95,1
acc3_b16_g09,gsm8k,gsm8k_00017,1,57500.0,57500.0,boxed,313,1
acc3_b16_g09,gsm8k,gsm8k_01033,1,2.0,2.0,boxed,187,1
acc3_b16_g09,gsm8k,gsm8k_00545,1,30.0,30.0,boxed,100,1
acc3_b16_g09,gsm8k,gsm8k_01215,1,36.0,36.0,boxed,325,1
acc3_b16_g09,gsm8k,gsm8k_00252,1,73.0,73.0,boxed,301,1
acc3_b16_g09,gsm8k,gsm8k_01054,1,2400.0,2400.0,boxed,124,1
acc3_b16_g09,gsm8k,gsm8k_00191,1,5.0,5.0,boxed,106,1
acc3_b16_g09,gsm8k,gsm8k_00636,1,1050.0,1050.0,boxed,226,1
acc3_b16_g09,mmlu,mmlu_10766,0,A,C,boxed,509,1
acc3_b16_g09,mmlu,mmlu_04079,1,B,B,boxed,285,1
acc3_b16_g09,mmlu,mmlu_00499,0,D,B,boxed,324,1
acc3_b16_g09,mmlu,mmlu_09938,1,D,D,boxed,286,1
acc3_b16_g09,mmlu,mmlu_07035,1,C,C,boxed,184,1
acc3_b16_g09,mmlu,mmlu_12805,1,C,C,boxed,332,1
acc3_b16_g09,mmlu,mmlu_09769,1,C,C,boxed,323,1
acc3_b16_g09,mmlu,mmlu_00207,0,A,D,boxed,305,1
acc3_b16_g09,mmlu,mmlu_03045,1,B,B,boxed,278,1
acc3_b16_g09,mmlu,mmlu_09822,0,A,C,boxed,280,1
acc3_b16_g09,mmlu,mmlu_03391,1,D,D,boxed,235,1
acc3_b16_g09,mmlu,mmlu_00289,0,C,D,boxed,319,1
acc3_b16_g09,mmlu,mmlu_07127,1,C,C,boxed,236,1
acc3_b16_g09,mmlu,mmlu_09324,1,B,B,boxed,294,1
acc3_b16_g09,mmlu,mmlu_07339,0,A,B,boxed,351,1
acc3_b16_g09,mmlu,mmlu_04462,1,D,D,boxed,235,1
acc3_b16_g09,mmlu,mmlu_01055,0,B,D,boxed,705,1
acc3_b16_g09,mmlu,mmlu_07206,1,B,B,boxed,169,1
acc3_b16_g09,mmlu,mmlu_07535,0,A,B,boxed,116,1
acc3_b16_g09,mmlu,mmlu_03459,1,A,A,boxed,191,1
acc3_b16_g09,mmlu,mmlu_13987,0,A,C,boxed,302,1
acc3_b16_g09,mmlu,mmlu_10523,0,C,B,boxed,410,1
acc3_b16_g09,mmlu,mmlu_07643,1,D,D,boxed,116,1
acc3_b16_g09,mmlu,mmlu_00726,0,D,C,boxed,226,1
acc3_b16_g09,mmlu,mmlu_07644,1,C,C,boxed,150,1
acc3_b16_g09,mmlu,mmlu_02732,0,B,C,boxed,190,1
acc3_b16_g09,mmlu,mmlu_02638,0,C,B,boxed,56,1
acc3_b16_g09,mmlu,mmlu_13773,0,A,B,boxed,330,1
acc3_b16_g09,mmlu,mmlu_07858,1,B,B,boxed,204,1
acc3_b16_g09,mmlu,mmlu_03476,1,A,A,boxed,185,1
acc3_b16_g09,mmlu,mmlu_09368,1,B,B,boxed,179,1
acc3_b16_g09,mmlu,mmlu_06047,0,A,B,boxed,611,1
acc3_b16_g09,mmlu,mmlu_07905,1,A,A,boxed,159,1
acc3_b16_g09,mmlu,mmlu_00563,1,B,B,boxed,444,1
acc3_b16_g09,mmlu,mmlu_02098,1,C,C,boxed,284,1
acc3_b16_g09,mmlu,mmlu_03615,1,D,D,boxed,191,1
acc3_b16_g09,mmlu,mmlu_10789,0,A,C,boxed,979,1
acc3_b16_g09,mmlu,mmlu_11526,0,A,B,boxed,694,1
acc3_b16_g09,mmlu,mmlu_02089,1,B,B,boxed,131,1
acc3_b16_g09,mmlu,mmlu_04044,0,D,A,boxed,203,1
acc3_b16_g09,mmlu,mmlu_03765,1,D,D,boxed,222,1
acc3_b16_g09,mmlu,mmlu_13190,0,D,C,boxed,582,1
acc3_b16_g09,mmlu,mmlu_11027,1,A,A,boxed,478,1
acc3_b16_g09,mmlu,mmlu_13456,0,A,B,boxed,320,1
acc3_b16_g09,mmlu,mmlu_03090,1,A,A,boxed,577,1
acc3_b16_g09,mmlu,mmlu_02384,1,A,A,boxed,384,1
acc3_b16_g09,mmlu,mmlu_11586,0,A,B,boxed,392,1
acc3_b16_g09,mmlu,mmlu_00880,1,C,C,boxed,327,1
acc3_b16_g09,mmlu,mmlu_08796,0,B,D,boxed,220,1
acc3_b16_g09,mmlu,mmlu_05061,1,A,A,boxed,177,1
acc3_b16_g09,mmlu,mmlu_13223,0,A,D,boxed,573,1
acc3_b16_g09,mmlu,mmlu_02124,1,B,B,boxed,297,1
acc3_b16_g09,mmlu,mmlu_01120,0,A,B,boxed,376,1
acc3_b16_g09,mmlu,mmlu_01697,1,C,C,boxed,390,1
acc3_b16_g09,mmlu,mmlu_02848,1,A,A,boxed,360,1
acc3_b16_g09,mmlu,mmlu_08371,1,D,D,boxed,418,1
acc3_b16_g09,mmlu,mmlu_06478,1,D,D,boxed,460,1
acc3_b16_g09,mmlu,mmlu_04621,1,D,D,boxed,227,1
acc3_b16_g09,mmlu,mmlu_07031,1,D,D,boxed,351,1
acc3_b16_g09,mmlu,mmlu_10997,1,A,A,boxed,513,1
acc3_b16_g09,mmlu,mmlu_09214,1,D,D,boxed,177,1
acc3_b16_g09,mmlu,mmlu_05196,0,B,A,boxed,301,1
acc3_b16_g09,mmlu,mmlu_05701,1,D,D,boxed,384,1
acc3_b16_g09,mmlu,mmlu_08554,1,B,B,boxed,189,1
acc3_b16_g09,mmlu,mmlu_10737,1,A,A,boxed,521,1
acc3_b16_g09,mmlu,mmlu_07449,1,A,A,boxed,199,1
acc3_b16_g09,mmlu,mmlu_05795,1,C,C,boxed,343,1
acc3_b16_g09,mmlu,mmlu_10082,0,A,D,boxed,523,1
acc3_b16_g09,mmlu,mmlu_00908,1,A,A,trailing-letter,1024,0
acc3_b16_g09,mmlu,mmlu_05720,1,C,C,boxed,331,1
acc3_b16_g09,mmlu,mmlu_04661,1,D,D,boxed,262,1
acc3_b16_g09,mmlu,mmlu_07246,1,C,C,boxed,193,1
acc3_b16_g09,mmlu,mmlu_02514,1,C,C,boxed,841,1
acc3_b16_g09,mmlu,mmlu_12056,0,D,B,boxed,334,1
acc3_b16_g09,mmlu,mmlu_07587,1,A,A,boxed,73,1
acc3_b16_g09,mmlu,mmlu_00353,1,A,A,boxed,427,1
acc3_b16_g09,mmlu,mmlu_00968,0,B,A,boxed,160,1
acc3_b16_g09,mmlu,mmlu_04936,1,D,D,boxed,299,1
acc3_b16_g09,mmlu,mmlu_05206,1,D,D,boxed,365,1
acc3_b16_g09,mmlu,mmlu_11756,0,A,B,boxed,458,1
acc3_b16_g09,mmlu,mmlu_13393,0,A,C,boxed,180,1
acc3_b16_g09,mmlu,mmlu_09489,1,B,B,boxed,249,1
acc3_b16_g09,mmlu,mmlu_08264,1,C,C,boxed,325,1
acc3_b16_g09,mmlu,mmlu_09084,0,C,D,boxed,246,1
acc3_b16_g09,mmlu,mmlu_01238,1,D,D,boxed,301,1
acc3_b16_g09,mmlu,mmlu_11707,1,B,B,boxed,596,1
acc3_b16_g09,mmlu,mmlu_00894,1,B,B,boxed,334,1
acc3_b16_g09,mmlu,mmlu_00574,1,B,B,boxed,255,1
acc3_b16_g09,mmlu,mmlu_05878,1,A,A,boxed,248,1
acc3_b16_g09,mmlu,mmlu_11288,0,A,B,boxed,503,1
acc3_b16_g09,mmlu,mmlu_08147,1,B,B,boxed,598,1
acc3_b16_g09,mmlu,mmlu_08129,1,C,C,boxed,135,1
acc3_b16_g09,mmlu,mmlu_04499,0,B,C,boxed,491,1
acc3_b16_g09,mmlu,mmlu_10095,1,A,A,boxed,295,1
acc3_b16_g09,mmlu,mmlu_11645,1,C,C,boxed,387,1
acc3_b16_g09,mmlu,mmlu_09876,1,A,A,boxed,356,1
acc3_b16_g09,mmlu,mmlu_01453,1,A,A,boxed,746,1
acc3_b16_g09,mmlu,mmlu_07220,1,C,C,boxed,229,1
acc3_b16_g09,mmlu,mmlu_13314,1,D,D,boxed,360,1
acc3_b16_g09,mmlu,mmlu_10980,0,B,A,boxed,503,1
acc3_b16_g09,mmlu,mmlu_02710,1,D,D,boxed,266,1
acc3_b16_g09,mmlu,mmlu_10302,1,A,A,boxed,211,1
acc3_b16_g09,mmlu,mmlu_11854,0,B,D,boxed,528,1
acc3_b16_g09,mmlu,mmlu_00847,1,B,B,boxed,387,1
acc3_b16_g09,mmlu,mmlu_09016,1,B,B,boxed,220,1
acc3_b16_g09,mmlu,mmlu_12722,1,A,A,boxed,248,1
acc3_b16_g09,mmlu,mmlu_12983,0,B,D,boxed,397,1
acc3_b16_g09,mmlu,mmlu_12628,1,A,A,boxed,386,1
acc3_b16_g09,mmlu,mmlu_00805,0,D,A,boxed,494,1
acc3_b16_g09,mmlu,mmlu_10299,1,B,B,boxed,406,1
acc3_b16_g09,mmlu,mmlu_06846,1,C,C,boxed,148,1
acc3_b16_g09,mmlu,mmlu_13296,1,B,B,boxed,281,1
acc3_b16_g09,mmlu,mmlu_11705,0,C,B,boxed,619,1
acc3_b16_g09,mmlu,mmlu_06471,1,A,A,boxed,342,1
acc3_b16_g09,mmlu,mmlu_05266,1,D,D,boxed,327,1
acc3_b16_g09,mmlu,mmlu_09163,0,B,A,boxed,181,1
acc3_b16_g09,mmlu,mmlu_09473,1,C,C,boxed,186,1
acc3_b16_g09,mmlu,mmlu_03770,1,A,A,boxed,240,1
acc3_b16_g09,mmlu,mmlu_01601,1,B,B,boxed,210,1
acc3_b16_g09,mmlu,mmlu_09320,0,B,A,boxed,189,1
acc3_b16_g09,mmlu,mmlu_04096,1,A,A,boxed,439,1
acc3_b16_g09,mmlu,mmlu_07022,1,C,C,boxed,190,1
acc3_b16_g09,mmlu,mmlu_09187,0,B,D,boxed,243,1
acc3_b16_g09,mmlu,mmlu_01778,1,B,B,boxed,481,1
acc3_b16_g09,mmlu,mmlu_09006,0,B,D,boxed,220,1
acc3_b16_g09,mmlu,mmlu_10167,0,A,B,boxed,323,1
acc3_b16_g09,mmlu,mmlu_02228,1,D,D,boxed,745,1
acc3_b16_g09,mmlu,mmlu_03862,0,A,B,boxed,317,1
acc3_b16_g09,mmlu,mmlu_01638,0,A,D,boxed,276,1
acc3_b16_g09,mmlu,mmlu_03852,1,A,A,boxed,339,1
acc3_b16_g09,mmlu,mmlu_13884,1,B,B,boxed,312,1
acc3_b16_g09,mmlu,mmlu_05580,1,D,D,boxed,566,1
acc3_b16_g09,mmlu,mmlu_10377,1,B,B,boxed,275,1
acc3_b16_g09,mmlu,mmlu_12024,1,C,C,boxed,531,1
acc3_b16_g09,mmlu,mmlu_07951,1,D,D,boxed,66,1
acc3_b16_g09,mmlu,mmlu_10258,0,B,D,boxed,275,1
acc3_b16_g09,mmlu,mmlu_02593,1,D,D,boxed,311,1
acc3_b16_g09,mmlu,mmlu_02662,1,B,B,boxed,207,1
acc3_b16_g09,mmlu,mmlu_06190,0,A,C,boxed,196,1
acc3_b16_g09,mmlu,mmlu_05950,1,B,B,boxed,214,1
acc3_b16_g09,mmlu,mmlu_02189,1,B,B,boxed,148,1
acc3_b16_g09,mmlu,mmlu_05177,1,B,B,boxed,245,1
acc3_b16_g09,mmlu,mmlu_09835,1,C,C,boxed,325,1
acc3_b16_g09,mmlu,mmlu_07681,1,C,C,boxed,108,1
acc3_b16_g09,mmlu,mmlu_01523,1,A,A,boxed,150,1
acc3_b16_g09,mmlu,mmlu_08317,1,D,D,boxed,432,1
acc3_b16_g09,mmlu,mmlu_07145,1,C,C,boxed,152,1
acc3_b16_g09,mmlu,mmlu_14037,1,A,A,boxed,262,1
acc3_b16_g09,mmlu,mmlu_04737,1,A,A,boxed,285,1
acc3_b16_g09,mmlu,mmlu_13049,1,B,B,boxed,152,1
acc3_b16_g09,mmlu,mmlu_12320,0,A,D,boxed,294,1
acc3_b16_g09,mmlu,mmlu_07442,1,B,B,boxed,91,1
acc3_b16_g09,mmlu,mmlu_01116,1,D,D,boxed,415,1
acc3_b16_g09,mmlu,mmlu_09636,1,D,D,boxed,130,1
acc3_b16_g09,mmlu,mmlu_03514,1,B,B,boxed,280,1
acc3_b16_g09,mmlu,mmlu_04119,1,A,A,boxed,522,1
acc3_b16_g09,mmlu,mmlu_08043,1,C,C,boxed,154,1
acc3_b16_g09,mmlu,mmlu_04201,1,C,C,boxed,379,1
acc3_b16_g09,mmlu,mmlu_09686,0,C,D,boxed,333,1
acc3_b16_g09,mmlu,mmlu_05524,0,A,D,boxed,385,1
acc3_b16_g09,mmlu,mmlu_01824,0,C,D,trailing-letter,1024,0
acc3_b16_g09,mmlu,mmlu_09671,1,D,D,boxed,208,1
acc3_b16_g09,mmlu,mmlu_03312,1,A,A,boxed,296,1
acc3_b16_g09,mmlu,mmlu_02515,1,A,A,boxed,421,1
acc3_b16_g09,mmlu,mmlu_05153,1,B,B,boxed,333,1
acc3_b16_g09,mmlu,mmlu_02401,1,B,B,boxed,134,1
acc3_b16_g09,mmlu,mmlu_03700,1,D,D,boxed,225,1
acc3_b16_g09,mmlu,mmlu_08988,1,B,B,boxed,155,1
acc3_b16_g09,mmlu,mmlu_00325,1,D,D,boxed,705,1
acc3_b16_g09,mmlu,mmlu_04416,1,B,B,boxed,208,1
acc3_b16_g09,mmlu,mmlu_06767,1,B,B,boxed,388,1
acc3_b16_g09,mmlu,mmlu_01355,0,D,C,boxed,222,1
acc3_b16_g09,mmlu,mmlu_01249,1,C,C,boxed,250,1
acc3_b16_g09,mmlu,mmlu_10786,0,B,D,boxed,436,1
acc3_b16_g09,mmlu,mmlu_04187,0,C,A,boxed,296,1
acc3_b16_g09,mmlu,mmlu_12878,0,A,B,boxed,225,1
acc3_b16_g09,mmlu,mmlu_07136,0,A,C,boxed,200,1
acc3_b16_g09,mmlu,mmlu_10614,1,A,A,boxed,261,1
acc3_b16_g09,mmlu,mmlu_07741,0,A,B,boxed,303,1
acc3_b16_g09,mmlu,mmlu_02014,0,A,C,boxed,151,1
acc3_b16_g09,mmlu,mmlu_00782,1,A,A,boxed,218,1
acc3_b16_g09,mmlu,mmlu_05246,1,B,B,boxed,206,1
acc3_b16_g09,mmlu,mmlu_13824,1,D,D,boxed,220,1
acc3_b16_g09,mmlu,mmlu_11825,0,A,B,boxed,610,1
acc3_b16_g09,mmlu,mmlu_12401,1,C,C,boxed,478,1
acc3_b16_g09,mmlu,mmlu_08617,0,B,C,boxed,168,1
acc3_b16_g09,mmlu,mmlu_08362,0,A,D,boxed,449,1
acc3_b16_g09,mmlu,mmlu_02474,1,A,A,boxed,482,1
acc3_b16_g09,mmlu,mmlu_06226,1,D,D,boxed,264,1
acc3_b16_g09,mmlu,mmlu_06674,1,C,C,boxed,233,1
acc3_b16_g09,mmlu,mmlu_07819,1,A,A,boxed,169,1
acc3_b16_g09,mmlu,mmlu_06894,0,A,B,boxed,355,1
acc3_b16_g09,mmlu,mmlu_10884,0,B,C,boxed,769,1
acc3_b16_g09,mmlu,mmlu_07323,1,B,B,boxed,326,1
acc3_b16_g09,mmlu,mmlu_10646,1,C,C,boxed,417,1
acc3_b16_g09,mmlu,mmlu_05983,1,A,A,boxed,457,1
acc3_b16_g09,mmlu,mmlu_02978,1,B,B,boxed,355,1
acc3_b16_g09,mmlu,mmlu_04871,1,C,C,boxed,219,1
acc3_b16_g09,mmlu,mmlu_06727,1,D,D,boxed,217,1
acc3_b16_g09,mmlu,mmlu_10355,0,A,D,boxed,480,1
acc3_b16_g09,mmlu,mmlu_06333,0,A,B,boxed,221,1
acc3_b16_g09,mmlu,mmlu_07293,1,C,C,boxed,204,1
acc3_b16_g09,mmlu,mmlu_07304,1,D,D,boxed,71,1
acc3_b16_g09,mmlu,mmlu_01064,1,B,B,boxed,331,1
acc3_b16_g09,mmlu,mmlu_11058,0,D,C,boxed,337,1
acc3_b16_g09,mmlu,mmlu_01770,1,B,B,boxed,191,1
acc3_b16_g09,mmlu,mmlu_07502,1,D,D,boxed,376,1
acc3_b16_g09,mmlu,mmlu_08263,0,A,B,boxed,414,1
acc3_b16_g09,mmlu,mmlu_00837,1,D,D,boxed,226,1
acc3_b16_g09,mmlu,mmlu_09518,1,C,C,boxed,236,1
acc3_b16_g09,mmlu,mmlu_12905,1,A,A,boxed,166,1
acc3_b16_g09,mmlu,mmlu_08845,0,C,D,boxed,202,1
acc3_b16_g09,mmlu,mmlu_00613,1,A,A,boxed,185,1
acc3_b16_g09,mmlu,mmlu_13690,0,A,C,boxed,219,1
acc3_b16_g09,mmlu,mmlu_03617,1,D,D,boxed,208,1
acc3_b16_g09,mmlu,mmlu_04770,0,D,C,boxed,268,1
acc3_b16_g09,mmlu,mmlu_03054,1,B,B,boxed,319,1
acc3_b16_g09,mmlu,mmlu_13871,1,D,D,boxed,193,1
acc3_b16_g09,mmlu,mmlu_11789,0,B,A,boxed,571,1
acc3_b16_g09,mmlu,mmlu_11697,1,A,A,boxed,327,1
acc3_b16_g09,mmlu,mmlu_06200,1,A,A,boxed,246,1
acc3_b16_g09,mmlu,mmlu_11627,1,B,B,boxed,573,1
acc3_b16_g09,mmlu,mmlu_03099,1,C,C,boxed,202,1
acc3_b16_g09,mmlu,mmlu_13412,1,A,A,boxed,329,1
acc3_b16_g09,mmlu,mmlu_01738,0,A,D,boxed,224,1
acc3_b16_g09,mmlu,mmlu_10590,1,A,A,boxed,792,1
acc3_b16_g09,mmlu,mmlu_01897,1,A,A,boxed,364,1
acc3_b16_g09,mmlu,mmlu_06208,1,B,B,boxed,257,1
acc3_b16_g09,mmlu,mmlu_05781,1,A,A,boxed,382,1
acc3_b16_g09,mmlu,mmlu_02591,0,C,D,boxed,262,1
acc3_b16_g09,mmlu,mmlu_09474,1,C,C,boxed,258,1
acc3_b16_g09,mmlu,mmlu_09406,1,A,A,boxed,210,1
acc3_b16_g09,mmlu,mmlu_12050,1,D,D,boxed,557,1
acc3_b16_g09,mmlu,mmlu_07799,1,B,B,boxed,134,1
acc3_b16_g09,mmlu,mmlu_07300,1,A,A,boxed,307,1
acc3_b16_g09,mmlu,mmlu_07789,1,A,A,boxed,150,1
acc3_b16_g09,mmlu,mmlu_09710,1,D,D,boxed,241,1
acc3_b16_g09,mmlu,mmlu_13246,1,D,D,boxed,403,1
acc3_b16_g09,mmlu,mmlu_00997,0,D,C,trailing-letter,1024,0
acc3_b16_g09,mmlu,mmlu_04625,1,D,D,boxed,289,1
acc3_b16_g09,mmlu,mmlu_06779,1,A,A,boxed,311,1
acc3_b16_g09,mmlu,mmlu_11251,0,A,C,boxed,490,1
acc3_b16_g09,mmlu,mmlu_10761,1,A,A,boxed,630,1
acc3_b16_g09,mmlu,mmlu_13316,0,C,D,boxed,482,1
acc3_b16_g09,mmlu,mmlu_03737,1,C,C,boxed,336,1
acc3_b16_g09,mmlu,mmlu_02331,0,D,B,boxed,176,1
acc3_b16_g09,mmlu,mmlu_07116,1,A,A,boxed,281,1
acc3_b16_g09,mmlu,mmlu_11387,0,C,D,boxed,836,1
acc3_b16_g09,mmlu,mmlu_04379,1,C,C,boxed,229,1
acc3_b16_g09,mmlu,mmlu_09002,0,B,D,boxed,231,1
